timestamp_ms,time_iso,linear_accel_x,linear_accel_y,linear_accel_z,linear_mag_mps2,linear_mag_g,total_accel_x,total_accel_y,total_accel_z,total_mag_g,gravity_x,gravity_y,gravity_z,gyro_x,gyro_y,gyro_z,gyro_mag_rads,is_freefall,is_rollover,label,mode
17.6,2026-10-03T11:23:08Z,0.0800,0.0076,0.0296,0.8394,0.0856,0.0418,-0.1705,-0.9537,0.9697,-0.0382,-0.1780,-0.9833,-0.3089,0.0500,-0.1589,0.3510,0,0,Lateral Rollover (360°),Rollover Flips
33.2,2026-10-03T11:23:08Z,0.0050,0.0053,0.0309,0.3114,0.0318,-0.0310,-0.1641,-0.9540,0.9685,-0.0360,-0.1694,-0.9849,-0.5703,0.1793,-0.1065,0.6072,0,0,Lateral Rollover (360°),Rollover Flips
53.2,2026-10-03T11:23:09Z,-0.0252,0.0034,-0.0312,0.3942,0.0402,-0.0552,-0.1529,-1.0184,1.0313,-0.0300,-0.1563,-0.9873,-0.7201,0.3452,-0.1303,0.8091,0,0,Lateral Rollover (360°),Rollover Flips
73.5,2026-10-03T11:23:09Z,-0.0282,0.0079,-0.1261,1.2693,0.1294,-0.0514,-0.1354,-1.1155,1.1248,-0.0232,-0.1433,-0.9894,-0.5460,0.2826,-0.1084,0.6243,0,0,Lateral Rollover (360°),Rollover Flips
93.7,2026-10-03T11:23:09Z,-0.0420,0.0390,-0.1291,1.3854,0.1413,-0.0607,-0.0967,-1.1197,1.1255,-0.0187,-0.1356,-0.9906,-0.2407,0.1277,-0.0187,0.2731,0,0,Lateral Rollover (360°),Rollover Flips
113.6,2026-10-03T11:23:09Z,-0.0066,0.0311,-0.0386,0.4901,0.0500,-0.0257,-0.1003,-1.0298,1.0349,-0.0192,-0.1314,-0.9912,-0.2318,-0.1640,0.0741,0.2935,0,0,Lateral Rollover (360°),Rollover Flips
133.6,2026-10-03T11:23:09Z,-0.0025,0.0058,0.0286,0.2875,0.0293,-0.0284,-0.1193,-0.9632,0.9710,-0.0259,-0.1251,-0.9918,-0.3980,-0.4649,-0.0322,0.6128,0,0,Lateral Rollover (360°),Rollover Flips
153.8,2026-10-03T11:23:09Z,0.1691,0.0748,-0.0070,1.8143,0.1850,0.1335,-0.0413,-0.9996,1.0093,-0.0356,-0.1161,-0.9926,-0.4805,-0.4763,0.0779,0.6810,0,0,Lateral Rollover (360°),Rollover Flips
174.1,2026-10-03T11:23:09Z,0.0170,0.0950,-0.0653,1.1430,0.1165,-0.0294,-0.0118,-1.0585,1.0589,-0.0464,-0.1069,-0.9932,-0.4407,-0.5702,0.1670,0.7398,0,0,Lateral Rollover (360°),Rollover Flips
194.2,2026-10-03T11:23:09Z,-0.1057,-0.1255,-0.0036,1.6093,0.1641,-0.1634,-0.2214,-0.9973,1.0346,-0.0578,-0.0959,-0.9937,-0.6855,-0.5418,-0.1694,0.8900,0,0,Lateral Rollover (360°),Rollover Flips
214.0,2026-10-03T11:23:09Z,-0.0047,0.0022,-0.0057,0.0752,0.0077,-0.0687,-0.0782,-1.0004,1.0058,-0.0640,-0.0804,-0.9947,-0.8811,-0.0451,-0.3058,0.9337,0,0,Lateral Rollover (360°),Rollover Flips
234.6,2026-10-03T11:23:09Z,-0.0075,0.0278,-0.0096,0.2982,0.0304,-0.0702,-0.0354,-1.0057,1.0087,-0.0627,-0.0633,-0.9960,-0.8252,-0.0747,-0.2680,0.8708,0,0,Lateral Rollover (360°),Rollover Flips
254.4,2026-10-03T11:23:09Z,0.0243,0.0014,0.0467,0.5170,0.0527,-0.0454,-0.0470,-0.9496,0.9519,-0.0697,-0.0485,-0.9964,-0.6959,-0.6625,-0.1419,0.9713,0,0,Lateral Rollover (360°),Rollover Flips
274.6,2026-10-03T11:23:09Z,0.0473,-0.0259,0.0030,0.5301,0.0541,-0.0415,-0.0617,-0.9924,0.9952,-0.0888,-0.0358,-0.9954,-0.6080,-1.1738,0.0273,1.3222,0,0,Lateral Rollover (360°),Rollover Flips
296.1,2026-10-03T11:23:09Z,0.0059,-0.0220,0.0056,0.2306,0.0235,-0.1066,-0.0447,-0.9878,0.9945,-0.1125,-0.0227,-0.9934,-0.7097,-1.1149,0.0827,1.3242,0,0,Lateral Rollover (360°),Rollover Flips
314.7,2026-10-03T11:23:09Z,-0.0501,-0.0269,0.0147,0.5758,0.0587,-0.1814,-0.0340,-0.9767,0.9939,-0.1313,-0.0071,-0.9913,-0.8194,-0.7262,-0.0031,1.0949,0,0,Lateral Rollover (360°),Rollover Flips
334.6,2026-10-03T11:23:09Z,-0.0595,0.0009,0.0090,0.5902,0.0602,-0.2004,0.0090,-0.9810,1.0013,-0.1409,0.0081,-0.9900,-0.6915,-0.2674,-0.0968,0.7477,0,0,Lateral Rollover (360°),Rollover Flips
355.0,2026-10-03T11:23:09Z,-0.0589,0.0376,0.0150,0.7012,0.0715,-0.2019,0.0567,-0.9745,0.9969,-0.1430,0.0190,-0.9895,-0.4337,0.0156,-0.1703,0.4662,0,0,Lateral Rollover (360°),Rollover Flips
375.0,2026-10-03T11:23:09Z,-0.0522,0.0363,-0.0152,0.6412,0.0654,-0.1958,0.0609,-1.0046,1.0253,-0.1436,0.0246,-0.9893,-0.1918,-0.0430,-0.1828,0.2684,0,0,Lateral Rollover (360°),Rollover Flips
395.2,2026-10-03T11:23:09Z,-0.0132,0.0012,-0.0541,0.5465,0.0557,-0.1572,0.0276,-1.0434,1.0555,-0.1440,0.0264,-0.9892,-0.0567,0.0057,-0.1855,0.1940,0,0,Lateral Rollover (360°),Rollover Flips
415.1,2026-10-03T11:23:09Z,0.0079,-0.0531,-0.0071,0.5312,0.0542,-0.1354,-0.0258,-0.9964,1.0059,-0.1433,0.0274,-0.9893,-0.1481,0.0515,-0.2621,0.3054,0,0,Lateral Rollover (360°),Rollover Flips
435.3,2026-10-03T11:23:09Z,0.0446,-0.0340,0.0198,0.5833,0.0595,-0.0999,-0.0032,-0.9692,0.9743,-0.1445,0.0308,-0.9890,-0.2532,-0.2571,-0.3008,0.4698,0,0,Lateral Rollover (360°),Rollover Flips
455.4,2026-10-03T11:23:09Z,0.0782,0.0268,-0.0665,1.0402,0.1061,-0.0759,0.0617,-1.0540,1.0585,-0.1540,0.0349,-0.9874,-0.2005,-0.5915,0.0478,0.6264,0,0,Lateral Rollover (360°),Rollover Flips
475.6,2026-10-03T11:23:09Z,0.0399,-0.0063,-0.1128,1.1751,0.1198,-0.1266,0.0332,-1.0981,1.1059,-0.1664,0.0395,-0.9853,-0.1932,-0.7375,0.2358,0.7980,0,0,Lateral Rollover (360°),Rollover Flips
495.7,2026-10-03T11:23:09Z,0.0433,0.0074,-0.0708,0.8173,0.0833,-0.1413,0.0510,-1.0526,1.0633,-0.1846,0.0437,-0.9818,-0.1552,-1.0773,0.1090,1.0939,0,0,Lateral Rollover (360°),Rollover Flips
516.9,2026-10-03T11:23:09Z,0.0064,-0.0009,-0.0656,0.6463,0.0659,-0.1987,0.0450,-1.0433,1.0630,-0.2050,0.0459,-0.9777,-0.0378,-0.9499,0.0052,0.9507,0,0,Lateral Rollover (360°),Rollover Flips
535.9,2026-10-03T11:23:09Z,-0.0172,-0.0396,-0.0398,0.5759,0.0587,-0.2381,0.0055,-1.0141,1.0417,-0.2209,0.0451,-0.9742,0.1312,-0.6278,0.0444,0.6429,0,0,Lateral Rollover (360°),Rollover Flips
556.1,2026-10-03T11:23:09Z,-0.0247,-0.0389,0.0295,0.5366,0.0547,-0.2526,0.0029,-0.9433,0.9766,-0.2279,0.0419,-0.9728,0.1911,-0.0601,0.0447,0.2052,0,0,Lateral Rollover (360°),Rollover Flips
576.1,2026-10-03T11:23:09Z,0.0029,-0.0110,-0.0041,0.1188,0.0121,-0.2200,0.0272,-0.9782,1.0030,-0.2229,0.0383,-0.9741,0.2147,0.4788,0.0232,0.5252,0,0,Lateral Rollover (360°),Rollover Flips
596.3,2026-10-03T11:23:09Z,0.0623,-0.0266,-0.0048,0.6660,0.0679,-0.1505,0.0067,-0.9813,0.9928,-0.2128,0.0333,-0.9765,0.2796,0.5047,0.0328,0.5780,0,0,Lateral Rollover (360°),Rollover Flips
616.3,2026-10-03T11:23:09Z,0.0887,-0.0404,0.0184,0.9729,0.0992,-0.1147,-0.0118,-0.9603,0.9672,-0.2034,0.0286,-0.9787,0.2211,0.4453,0.1506,0.5195,0,0,Lateral Rollover (360°),Rollover Flips
636.5,2026-10-03T11:23:09Z,0.0540,-0.0321,0.0015,0.6164,0.0629,-0.1410,-0.0063,-0.9790,0.9891,-0.1950,0.0258,-0.9805,0.1661,0.3913,0.2217,0.4795,0,0,Lateral Rollover (360°),Rollover Flips
656.6,2026-10-03T11:23:09Z,0.0181,-0.0132,-0.0291,0.3601,0.0367,-0.1693,0.0098,-1.0112,1.0253,-0.1874,0.0229,-0.9820,0.2177,0.4107,0.1960,0.5045,0,0,Lateral Rollover (360°),Rollover Flips
676.7,2026-10-03T11:23:09Z,0.0193,-0.0080,-0.0392,0.4359,0.0445,-0.1594,0.0099,-1.0229,1.0353,-0.1788,0.0178,-0.9837,0.3833,0.4540,0.1732,0.6189,0,0,Lateral Rollover (360°),Rollover Flips
696.7,2026-10-03T11:23:09Z,0.0707,-0.0224,-0.0091,0.7328,0.0747,-0.0987,-0.0129,-0.9946,0.9996,-0.1694,0.0095,-0.9855,0.4965,0.4697,0.2356,0.7230,0,0,Lateral Rollover (360°),Rollover Flips
716.7,2026-10-03T11:23:09Z,0.1037,-0.0457,0.0296,1.1489,0.1172,-0.0583,-0.0441,-0.9572,0.9600,-0.1620,0.0017,-0.9868,0.4030,0.2777,0.4635,0.6741,0,0,Lateral Rollover (360°),Rollover Flips
737.0,2026-10-03T11:23:09Z,0.0578,-0.0057,0.0442,0.7162,0.0730,-0.0990,-0.0098,-0.9434,0.9486,-0.1568,-0.0042,-0.9876,0.3621,0.2705,0.5343,0.6999,0,0,Lateral Rollover (360°),Rollover Flips
757.1,2026-10-03T11:23:09Z,-0.0155,0.0432,0.0167,0.4795,0.0489,-0.1661,0.0338,-0.9718,0.9865,-0.1506,-0.0094,-0.9886,0.2997,0.3776,0.4283,0.6448,0,0,Lateral Rollover (360°),Rollover Flips
777.3,2026-10-03T11:23:09Z,-0.0489,0.0599,0.0062,0.7605,0.0776,-0.1925,0.0472,-0.9833,1.0031,-0.1436,-0.0126,-0.9896,0.1318,0.2598,0.2431,0.3794,0,0,Lateral Rollover (360°),Rollover Flips
797.2,2026-10-03T11:23:09Z,-0.0331,0.0692,-0.0255,0.7927,0.0808,-0.1753,0.0550,-1.0152,1.0317,-0.1422,-0.0142,-0.9897,0.0851,-0.1396,-0.0337,0.1669,0,0,Lateral Rollover (360°),Rollover Flips
817.1,2026-10-03T11:23:09Z,-0.0098,0.0639,-0.0304,0.7002,0.0714,-0.1583,0.0470,-1.0192,1.0325,-0.1484,-0.0169,-0.9888,0.1314,-0.4541,-0.2309,0.5261,0,0,Lateral Rollover (360°),Rollover Flips
837.6,2026-10-03T11:23:09Z,0.0184,0.0279,0.0297,0.4382,0.0447,-0.1398,0.0081,-0.9575,0.9677,-0.1582,-0.0197,-0.9872,0.0570,-0.5125,-0.2156,0.5589,0,0,Lateral Rollover (360°),Rollover Flips
857.6,2026-10-03T11:23:09Z,0.0412,-0.0167,0.0433,0.6089,0.0621,-0.1260,-0.0371,-0.9424,0.9515,-0.1672,-0.0204,-0.9857,-0.0068,-0.4259,0.0657,0.4310,0,0,Lateral Rollover (360°),Rollover Flips
877.9,2026-10-03T11:23:09Z,0.0366,-0.0231,0.0010,0.4251,0.0434,-0.1363,-0.0430,-0.9837,0.9941,-0.1729,-0.0198,-0.9847,0.0412,-0.1152,0.2289,0.2595,0,0,Lateral Rollover (360°),Rollover Flips
897.8,2026-10-03T11:23:09Z,0.0183,0.0126,0.0144,0.2601,0.0265,-0.1545,-0.0086,-0.9703,0.9825,-0.1728,-0.0213,-0.9847,0.1817,0.1147,0.2833,0.3556,0,0,Lateral Rollover (360°),Rollover Flips
917.9,2026-10-03T11:23:09Z,-0.0611,0.0526,0.0626,1.0011,0.1021,-0.2317,0.0286,-0.9224,0.9515,-0.1706,-0.0241,-0.9850,0.1444,0.0679,0.0961,0.1862,0,0,Lateral Rollover (360°),Rollover Flips
937.9,2026-10-03T11:23:09Z,-0.1093,0.0462,0.0439,1.2410,0.1266,-0.2804,0.0204,-0.9410,0.9821,-0.1711,-0.0258,-0.9849,0.0182,-0.1269,-0.1871,0.2268,0,0,Lateral Rollover (360°),Rollover Flips
958.1,2026-10-03T11:23:09Z,-0.0288,0.0193,-0.0021,0.3401,0.0347,-0.2041,-0.0075,-0.9863,1.0072,-0.1753,-0.0268,-0.9842,0.0069,-0.2678,-0.2896,0.3945,0,0,Lateral Rollover (360°),Rollover Flips
978.2,2026-10-03T11:23:09Z,0.0671,-0.0016,-0.0084,0.6629,0.0676,-0.1120,-0.0301,-0.9918,0.9986,-0.1790,-0.0286,-0.9834,0.1107,-0.0877,-0.1089,0.1784,0,0,Lateral Rollover (360°),Rollover Flips
998.3,2026-10-03T11:23:09Z,0.0629,-0.0240,0.0377,0.7564,0.0771,-0.1145,-0.0553,-0.9460,0.9545,-0.1774,-0.0313,-0.9836,0.1598,0.2609,0.1356,0.3347,0,0,Lateral Rollover (360°),Rollover Flips
1018.4,2026-10-03T11:23:09Z,-0.0081,-0.0065,0.0662,0.6570,0.0670,-0.1776,-0.0400,-0.9188,0.9366,-0.1694,-0.0335,-0.9850,0.1141,0.5067,0.2105,0.5604,0,0,Lateral Rollover (360°),Rollover Flips
1038.5,2026-10-03T11:23:09Z,-0.0904,0.0207,0.0721,1.1523,0.1175,-0.2504,-0.0134,-0.9144,0.9482,-0.1600,-0.0341,-0.9865,-0.0061,0.4287,0.0511,0.4318,0,0,Lateral Rollover (360°),Rollover Flips
1058.6,2026-10-03T11:23:10Z,-0.0566,0.0296,0.0076,0.6311,0.0644,-0.2092,-0.0039,-0.9802,1.0022,-0.1526,-0.0335,-0.9877,-0.0301,0.3124,-0.0932,0.3274,0,0,Lateral Rollover (360°),Rollover Flips
1078.8,2026-10-03T11:23:10Z,0.0199,0.0179,-0.0026,0.2639,0.0269,-0.1260,-0.0164,-0.9913,0.9994,-0.1460,-0.0343,-0.9887,0.0909,0.3790,-0.0723,0.3964,0,0,Lateral Rollover (360°),Rollover Flips
1098.7,2026-10-03T11:23:10Z,0.0402,-0.0138,0.0458,0.6128,0.0625,-0.0964,-0.0510,-0.9441,0.9504,-0.1366,-0.0372,-0.9899,0.1789,0.6000,0.0513,0.6282,0,0,Lateral Rollover (360°),Rollover Flips
1118.8,2026-10-03T11:23:10Z,0.0257,0.0097,0.0658,0.6992,0.0713,-0.1022,-0.0294,-0.9252,0.9313,-0.1279,-0.0391,-0.9910,-0.0475,0.0612,-0.0056,0.0777,0,0,Lateral Rollover (360°),Rollover Flips
1139.1,2026-10-03T11:23:10Z,-0.0223,0.0317,0.0515,0.6324,0.0645,-0.1527,-0.0058,-0.9392,0.9516,-0.1304,-0.0376,-0.9908,-0.1466,-0.4163,-0.1618,0.4700,0,0,Lateral Rollover (360°),Rollover Flips
1159.1,2026-10-03T11:23:10Z,-0.0313,0.0489,0.0126,0.5826,0.0594,-0.1738,0.0142,-0.9765,0.9920,-0.1425,-0.0347,-0.9892,-0.1484,-0.7400,-0.4119,0.8598,0,0,Lateral Rollover (360°),Rollover Flips
1179.3,2026-10-03T11:23:10Z,0.0113,0.0237,0.0135,0.2892,0.0295,-0.1461,-0.0099,-0.9735,0.9844,-0.1574,-0.0336,-0.9870,-0.1180,-0.7147,-0.5771,0.9262,0,0,Lateral Rollover (360°),Rollover Flips
1199.3,2026-10-03T11:23:10Z,0.0796,-0.0165,-0.0097,0.8030,0.0819,-0.0895,-0.0497,-0.9947,1.0000,-0.1691,-0.0332,-0.9850,-0.0710,-0.5383,-0.2984,0.6196,0,0,Lateral Rollover (360°),Rollover Flips
1219.6,2026-10-03T11:23:10Z,0.0608,-0.0145,0.0229,0.6527,0.0666,-0.1169,-0.0472,-0.9606,0.9688,-0.1777,-0.0327,-0.9835,-0.0459,-0.3140,-0.0216,0.3181,0,0,Lateral Rollover (360°),Rollover Flips
1239.6,2026-10-03T11:23:10Z,0.0072,0.0091,0.0276,0.2936,0.0299,-0.1723,-0.0228,-0.9557,0.9713,-0.1794,-0.0320,-0.9833,0.0003,0.1892,0.0249,0.1908,0,0,Lateral Rollover (360°),Rollover Flips
1259.5,2026-10-03T11:23:10Z,-0.0634,0.0282,0.0275,0.7325,0.0747,-0.2326,-0.0050,-0.9575,0.9854,-0.1692,-0.0333,-0.9850,0.1046,0.8257,-0.1422,0.8444,0,0,Lateral Rollover (360°),Rollover Flips
1279.8,2026-10-03T11:23:10Z,-0.0445,0.0046,0.0026,0.4394,0.0448,-0.1942,-0.0315,-0.9855,1.0049,-0.1497,-0.0362,-0.9881,0.1319,1.0792,-0.1655,1.0997,0,0,Lateral Rollover (360°),Rollover Flips
1299.8,2026-10-03T11:23:10Z,0.0116,0.0138,-0.0042,0.1817,0.0185,-0.1157,-0.0260,-0.9953,1.0023,-0.1273,-0.0397,-0.9911,0.1641,1.1128,-0.1674,1.1372,0,0,Lateral Rollover (360°),Rollover Flips
1319.9,2026-10-03T11:23:10Z,0.0371,0.0036,0.0033,0.3673,0.0374,-0.0701,-0.0393,-0.9900,0.9932,-0.1072,-0.0428,-0.9933,0.1146,0.8819,-0.0943,0.8942,0,0,Lateral Rollover (360°),Rollover Flips
1340.1,2026-10-03T11:23:10Z,0.0484,0.0025,0.0124,0.4911,0.0501,-0.0444,-0.0421,-0.9823,0.9842,-0.0928,-0.0446,-0.9947,0.0317,0.5421,-0.0127,0.5432,0,0,Lateral Rollover (360°),Rollover Flips
1360.3,2026-10-03T11:23:10Z,0.0528,-0.0012,0.0008,0.5184,0.0529,-0.0336,-0.0452,-0.9945,0.9961,-0.0864,-0.0440,-0.9953,-0.0862,0.1092,0.0675,0.1546,0,0,Lateral Rollover (360°),Rollover Flips
1380.3,2026-10-03T11:23:10Z,0.0125,0.0117,-0.0213,0.2683,0.0274,-0.0758,-0.0296,-1.0166,1.0198,-0.0883,-0.0413,-0.9952,-0.1436,-0.2282,0.0936,0.2854,0,0,Lateral Rollover (360°),Rollover Flips
1400.2,2026-10-03T11:23:10Z,0.0022,0.0162,-0.0527,0.5409,0.0552,-0.0899,-0.0227,-1.0477,1.0518,-0.0921,-0.0389,-0.9950,-0.0679,-0.0867,0.0789,0.1355,0,0,Lateral Rollover (360°),Rollover Flips
1420.6,2026-10-03T11:23:10Z,0.0174,0.0140,-0.0545,0.5775,0.0589,-0.0728,-0.0247,-1.0497,1.0525,-0.0902,-0.0387,-0.9952,0.0590,0.2812,0.0978,0.3036,0,0,Lateral Rollover (360°),Rollover Flips
1440.5,2026-10-03T11:23:10Z,0.0072,0.0085,0.0023,0.1118,0.0114,-0.0775,-0.0312,-0.9933,0.9968,-0.0847,-0.0398,-0.9956,0.0359,0.1963,0.1212,0.2335,0,0,Lateral Rollover (360°),Rollover Flips
1460.7,2026-10-03T11:23:10Z,-0.0157,0.0015,-0.0030,0.1577,0.0161,-0.0995,-0.0378,-0.9987,1.0044,-0.0837,-0.0393,-0.9957,-0.0685,-0.1052,0.0492,0.1349,0,0,Lateral Rollover (360°),Rollover Flips
1480.8,2026-10-03T11:23:10Z,-0.0036,0.0074,-0.0233,0.2426,0.0247,-0.0930,-0.0297,-1.0186,1.0233,-0.0895,-0.0372,-0.9953,-0.1237,-0.4355,0.0061,0.4528,0,0,Lateral Rollover (360°),Rollover Flips
1500.7,2026-10-03T11:23:10Z,0.0247,0.0038,-0.0430,0.4882,0.0498,-0.0749,-0.0310,-1.0375,1.0406,-0.0996,-0.0348,-0.9944,-0.0989,-0.5600,0.0353,0.5697,0,0,Lateral Rollover (360°),Rollover Flips
1520.9,2026-10-03T11:23:10Z,0.0442,-0.0044,-0.0165,0.4645,0.0474,-0.0667,-0.0375,-1.0098,1.0127,-0.1108,-0.0331,-0.9933,-0.0658,-0.5395,0.1242,0.5575,0,0,Lateral Rollover (360°),Rollover Flips
1541.2,2026-10-03T11:23:10Z,0.0337,-0.0149,0.0234,0.4284,0.0437,-0.0867,-0.0463,-0.9688,0.9738,-0.1204,-0.0314,-0.9922,-0.0661,-0.3877,0.2076,0.4447,0,0,Lateral Rollover (360°),Rollover Flips
1561.3,2026-10-03T11:23:10Z,-0.0170,-0.0076,0.0335,0.3756,0.0383,-0.1438,-0.0367,-0.9580,0.9694,-0.1268,-0.0291,-0.9915,-0.1171,-0.2296,0.1903,0.3204,0,0,Lateral Rollover (360°),Rollover Flips
1581.3,2026-10-03T11:23:10Z,-0.0470,0.0136,-0.0003,0.4795,0.0489,-0.1785,-0.0129,-0.9913,1.0073,-0.1315,-0.0264,-0.9910,-0.1003,-0.2551,0.0796,0.2854,0,0,Lateral Rollover (360°),Rollover Flips
1606.6,2026-10-03T11:23:10Z,-0.0057,0.0051,0.0111,0.1323,0.0135,-0.1439,-0.0192,-0.9790,0.9897,-0.1382,-0.0242,-0.9901,-0.1243,-0.4479,0.0005,0.4648,0,0,Lateral Rollover (360°),Rollover Flips
1621.4,2026-10-03T11:23:10Z,0.0239,0.0039,0.0051,0.2431,0.0248,-0.1245,-0.0177,-0.9836,0.9916,-0.1484,-0.0216,-0.9887,-0.1402,-0.5506,-0.0023,0.5682,0,0,Lateral Rollover (360°),Rollover Flips
1641.7,2026-10-03T11:23:10Z,0.0095,-0.0008,0.0192,0.2102,0.0214,-0.1501,-0.0193,-0.9678,0.9796,-0.1596,-0.0184,-0.9870,-0.1764,-0.5260,0.0251,0.5554,0,0,Lateral Rollover (360°),Rollover Flips
1661.7,2026-10-03T11:23:10Z,-0.0169,0.0110,-0.0038,0.2017,0.0206,-0.1845,-0.0040,-0.9896,1.0067,-0.1675,-0.0150,-0.9858,-0.1408,-0.2480,0.0377,0.2877,0,0,Lateral Rollover (360°),Rollover Flips
1681.8,2026-10-03T11:23:10Z,-0.0256,0.0205,-0.0491,0.5786,0.0590,-0.1938,0.0071,-1.0347,1.0527,-0.1683,-0.0134,-0.9857,-0.0032,0.1525,0.0164,0.1534,0,0,Lateral Rollover (360°),Rollover Flips
1707.1,2026-10-03T11:23:10Z,-0.0089,0.0246,-0.0140,0.2911,0.0297,-0.1755,0.0105,-0.9999,1.0152,-0.1666,-0.0141,-0.9859,0.0453,-0.0453,-0.0421,0.0767,0,0,Lateral Rollover (360°),Rollover Flips
1722.1,2026-10-03T11:23:10Z,0.0029,0.0098,0.0167,0.1918,0.0196,-0.1677,-0.0041,-0.9686,0.9830,-0.1707,-0.0139,-0.9852,-0.1020,-0.3957,-0.0906,0.4186,0,0,Lateral Rollover (360°),Rollover Flips
1742.2,2026-10-03T11:23:10Z,0.0027,0.0106,-0.0194,0.2182,0.0223,-0.1785,-0.0005,-1.0027,1.0185,-0.1812,-0.0112,-0.9834,-0.1800,-0.5990,-0.0908,0.6320,0,0,Lateral Rollover (360°),Rollover Flips
1762.2,2026-10-03T11:23:10Z,-0.0093,0.0166,-0.0514,0.5370,0.0548,-0.2005,0.0080,-1.0329,1.0522,-0.1913,-0.0085,-0.9815,-0.0941,-0.3543,-0.0554,0.3707,0,0,Lateral Rollover (360°),Rollover Flips
1782.2,2026-10-03T11:23:10Z,-0.0211,0.0203,-0.0704,0.7472,0.0762,-0.2142,0.0116,-1.0515,1.0732,-0.1932,-0.0087,-0.9811,0.0977,0.1552,-0.0389,0.1875,0,0,Lateral Rollover (360°),Rollover Flips
1805.7,2026-10-03T11:23:10Z,-0.0077,0.0182,-0.0400,0.4374,0.0446,-0.1948,0.0059,-1.0223,1.0407,-0.1871,-0.0123,-0.9823,0.2262,0.3931,-0.0455,0.4558,0,0,Lateral Rollover (360°),Rollover Flips
1822.7,2026-10-03T11:23:10Z,0.0120,0.0040,0.0087,0.1505,0.0153,-0.1677,-0.0127,-0.9749,0.9893,-0.1797,-0.0167,-0.9836,0.1898,0.3237,-0.0434,0.3777,0,0,Lateral Rollover (360°),Rollover Flips
1842.7,2026-10-03T11:23:10Z,0.0183,-0.0007,0.0118,0.2135,0.0218,-0.1560,-0.0205,-0.9727,0.9854,-0.1743,-0.0199,-0.9845,0.1162,0.2412,-0.0347,0.2700,0,0,Lateral Rollover (360°),Rollover Flips
1862.8,2026-10-03T11:23:10Z,0.0176,0.0022,0.0010,0.1746,0.0178,-0.1520,-0.0199,-0.9843,0.9961,-0.1696,-0.0221,-0.9853,0.1082,0.2419,-0.0276,0.2664,0,0,Lateral Rollover (360°),Rollover Flips
1882.8,2026-10-03T11:23:10Z,0.0314,-0.0014,0.0142,0.3382,0.0345,-0.1329,-0.0258,-0.9719,0.9813,-0.1643,-0.0245,-0.9861,0.1290,0.3004,0.0031,0.3270,0,0,Lateral Rollover (360°),Rollover Flips
1907.1,2026-10-03T11:23:10Z,0.0369,-0.0020,0.0343,0.4949,0.0505,-0.1204,-0.0289,-0.9529,0.9609,-0.1574,-0.0270,-0.9872,0.1228,0.3861,0.0458,0.4078,0,0,Lateral Rollover (360°),Rollover Flips
1923.2,2026-10-03T11:23:10Z,0.0280,-0.0005,0.0433,0.5059,0.0516,-0.1223,-0.0292,-0.9449,0.9532,-0.1504,-0.0287,-0.9882,0.0591,0.2768,0.0608,0.2895,0,0,Lateral Rollover (360°),Rollover Flips
1943.2,2026-10-03T11:23:10Z,0.0280,0.0052,0.0311,0.4130,0.0421,-0.1203,-0.0232,-0.9575,0.9653,-0.1482,-0.0284,-0.9885,-0.0801,-0.0896,0.0398,0.1266,0,0,Lateral Rollover (360°),Rollover Flips
1963.3,2026-10-03T11:23:10Z,0.0221,0.0093,0.0067,0.2439,0.0249,-0.1320,-0.0163,-0.9810,0.9900,-0.1541,-0.0255,-0.9877,-0.1928,-0.4463,0.0110,0.4863,0,0,Lateral Rollover (360°),Rollover Flips
1983.3,2026-10-03T11:23:10Z,0.0126,0.0136,-0.0278,0.3282,0.0335,-0.1511,-0.0077,-1.0141,1.0253,-0.1637,-0.0213,-0.9863,-0.2048,-0.4774,0.0009,0.5195,0,0,Lateral Rollover (360°),Rollover Flips
2007.1,2026-10-03T11:23:10Z,0.0015,0.0169,-0.0552,0.5667,0.0578,-0.1697,-0.0013,-1.0403,1.0541,-0.1712,-0.0182,-0.9851,-0.0914,-0.2485,0.0209,0.2656,0,0,Lateral Rollover (360°),Rollover Flips
2023.6,2026-10-03T11:23:10Z,-0.0103,0.0177,-0.0450,0.4850,0.0495,-0.1835,-0.0001,-1.0298,1.0460,-0.1732,-0.0178,-0.9847,0.0483,0.0229,0.0206,0.0573,0,0,Lateral Rollover (360°),Rollover Flips
2043.7,2026-10-03T11:23:11Z,0.0030,0.0100,-0.0115,0.1521,0.0155,-0.1688,-0.0090,-0.9964,1.0106,-0.1717,-0.0191,-0.9850,0.0650,0.0494,0.0200,0.0841,0,0,Lateral Rollover (360°),Rollover Flips
2063.7,2026-10-03T11:23:11Z,0.0106,0.0057,0.0100,0.1537,0.0157,-0.1619,-0.0140,-0.9748,0.9882,-0.1726,-0.0197,-0.9848,-0.0083,-0.1480,0.0145,0.1489,0,0,Lateral Rollover (360°),Rollover Flips
2083.9,2026-10-03T11:23:11Z,0.0032,0.0073,0.0054,0.0945,0.0096,-0.1739,-0.0113,-0.9786,0.9940,-0.1772,-0.0185,-0.9840,-0.0869,-0.2724,0.0055,0.2860,0,0,Lateral Rollover (360°),Rollover Flips
2107.2,2026-10-03T11:23:11Z,-0.0018,0.0113,-0.0218,0.2414,0.0246,-0.1839,-0.0057,-1.0049,1.0217,-0.1821,-0.0169,-0.9831,-0.0581,-0.1986,0.0104,0.2072,0,0,Lateral Rollover (360°),Rollover Flips
2124.2,2026-10-03T11:23:11Z,-0.0141,0.0185,-0.0362,0.4222,0.0430,-0.1982,0.0018,-1.0190,1.0381,-0.1841,-0.0167,-0.9828,0.0397,-0.0015,0.0045,0.0399,0,0,Lateral Rollover (360°),Rollover Flips
2144.3,2026-10-03T11:23:11Z,-0.0088,0.0153,-0.0231,0.2852,0.0291,-0.1911,-0.0030,-1.0062,1.0242,-0.1824,-0.0183,-0.9831,0.1113,0.1596,-0.0125,0.1950,0,0,Lateral Rollover (360°),Rollover Flips
2164.3,2026-10-03T11:23:11Z,-0.0100,0.0134,-0.0026,0.1658,0.0169,-0.1888,-0.0073,-0.9863,1.0042,-0.1788,-0.0207,-0.9837,0.1189,0.1833,-0.0274,0.2202,0,0,Lateral Rollover (360°),Rollover Flips
2184.4,2026-10-03T11:23:11Z,-0.0080,0.0082,0.0211,0.2355,0.0240,-0.1838,-0.0146,-0.9631,0.9805,-0.1758,-0.0228,-0.9842,0.0645,0.1106,-0.0498,0.1373,0,0,Lateral Rollover (360°),Rollover Flips
2207.1,2026-10-03T11:23:11Z,0.0206,0.0027,0.0104,0.2276,0.0232,-0.1535,-0.0209,-0.9741,0.9863,-0.1741,-0.0235,-0.9845,0.0015,0.0563,-0.0311,0.0643,0,0,Lateral Rollover (360°),Rollover Flips
2224.7,2026-10-03T11:23:11Z,0.0226,0.0024,-0.0029,0.2250,0.0229,-0.1509,-0.0209,-0.9874,0.9991,-0.1735,-0.0232,-0.9846,-0.0304,0.0002,0.0043,0.0307,0,0,Lateral Rollover (360°),Rollover Flips
2244.7,2026-10-03T11:23:11Z,0.0106,0.0033,-0.0140,0.1754,0.0179,-0.1633,-0.0192,-0.9986,1.0120,-0.1739,-0.0225,-0.9845,-0.0368,-0.0187,0.0061,0.0417,0,0,Lateral Rollover (360°),Rollover Flips
2264.8,2026-10-03T11:23:11Z,0.0021,0.0032,-0.0209,0.2079,0.0212,-0.1718,-0.0188,-1.0054,1.0201,-0.1739,-0.0219,-0.9845,-0.0184,0.0204,-0.0065,0.0282,0,0,Lateral Rollover (360°),Rollover Flips
2285.0,2026-10-03T11:23:11Z,-0.0071,0.0027,-0.0260,0.2659,0.0271,-0.1800,-0.0193,-1.0107,1.0268,-0.1729,-0.0220,-0.9847,0.0272,0.0772,-0.0263,0.0860,0,0,Lateral Rollover (360°),Rollover Flips
2307.1,2026-10-03T11:23:11Z,0.0045,0.0014,-0.0239,0.2384,0.0243,-0.1660,-0.0216,-1.0090,1.0227,-0.1704,-0.0231,-0.9851,0.0745,0.1764,-0.0249,0.1931,0,0,Lateral Rollover (360°),Rollover Flips
2325.2,2026-10-03T11:23:11Z,0.0336,-0.0197,0.0037,0.3835,0.0391,-0.1316,-0.0445,-0.9823,0.9920,-0.1652,-0.0248,-0.9860,0.0775,0.4037,0.0447,0.4135,0,0,Lateral Rollover (360°),Rollover Flips
2345.3,2026-10-03T11:23:11Z,0.1018,-0.0725,0.0721,1.4147,0.1443,-0.0481,-0.0975,-0.9163,0.9227,-0.1499,-0.0251,-0.9884,-0.0059,1.2993,0.3660,1.3498,0,0,Lateral Rollover (360°),Rollover Flips
2365.3,2026-10-03T11:23:11Z,0.1362,-0.1193,0.1144,2.1005,0.2142,0.0361,-0.1413,-0.8803,0.8923,-0.1001,-0.0220,-0.9947,-0.0716,4.1539,1.0995,4.2975,0,0,Lateral Rollover (360°),Rollover Flips
2385.6,2026-10-03T11:23:11Z,-0.1437,0.0420,-0.3810,4.0140,0.4093,-0.1019,0.0147,-1.3797,1.3835,0.0418,-0.0273,-0.9988,1.0237,10.8725,2.0809,11.1171,0,1,Lateral Rollover (360°),Rollover Flips
2407.4,2026-10-03T11:23:11Z,-0.6508,0.4723,-1.5128,16.8011,1.7132,-0.2973,0.3827,-2.4439,2.4915,0.3535,-0.0896,-0.9311,4.9932,21.4569,2.8230,22.2104,0,1,Lateral Rollover (360°),Rollover Flips
2425.3,2026-10-03T11:23:11Z,-1.2488,0.7441,-1.7127,22.0303,2.2465,-0.4935,0.4882,-2.3160,2.4178,0.7554,-0.2559,-0.6033,11.0712,29.9136,4.2573,32.1795,0,1,Lateral Rollover (360°),Rollover Flips
2445.7,2026-10-03T11:23:11Z,-2.2891,0.6806,0.5438,24.0191,2.4493,-1.3817,0.2615,0.5766,1.5199,0.9074,-0.4191,0.0328,12.3991,32.3008,5.5392,35.0394,0,1,Lateral Rollover (360°),Rollover Flips
2465.7,2026-10-03T11:23:11Z,-2.0653,0.2450,1.6664,26.1343,2.6650,-1.4220,-0.1725,2.3082,2.7165,0.6432,-0.4175,0.6418,9.1530,30.4715,3.0424,31.9616,0,1,Lateral Rollover (360°),Rollover Flips
2485.9,2026-10-03T11:23:11Z,-1.0485,0.3719,1.6172,19.2497,1.9629,-0.8609,0.0524,2.5460,2.6882,0.1876,-0.3195,0.9288,4.6063,23.8353,-0.4410,24.2803,0,1,Lateral Rollover (360°),Rollover Flips
2505.9,2026-10-03T11:23:11Z,-0.0258,-0.1057,1.1278,11.1116,1.1331,-0.1295,-0.4051,2.0763,2.1194,-0.1037,-0.2995,0.9485,-0.9677,6.5851,-1.8510,6.9084,0,1,Lateral Rollover (360°),Rollover Flips
2526.1,2026-10-03T11:23:11Z,-0.3737,-0.0097,-0.9274,9.8063,1.0000,-0.4839,-0.3323,0.0126,0.5871,-0.1101,-0.3227,0.9401,-0.6703,-2.4786,-2.1824,3.3698,0,1,Lateral Rollover (360°),Rollover Flips
2546.4,2026-10-03T11:23:11Z,-0.0770,0.2813,-1.5454,15.4224,1.5726,-0.1323,-0.0312,-0.5971,0.6123,-0.0552,-0.3125,0.9483,2.2732,-0.6726,-2.2947,3.2993,0,1,Lateral Rollover (360°),Rollover Flips
2566.4,2026-10-03T11:23:11Z,0.7643,-0.0536,-0.1495,7.6551,0.7806,0.6958,-0.3084,0.8150,1.1151,-0.0685,-0.2548,0.9646,3.2816,2.3390,-0.4317,4.0530,0,1,Lateral Rollover (360°),Rollover Flips
2586.5,2026-10-03T11:23:11Z,0.1055,0.0387,0.7533,7.4689,0.7616,-0.0108,-0.1679,1.7248,1.7330,-0.1163,-0.2065,0.9715,1.6331,2.1148,-0.0358,2.6722,0,1,Lateral Rollover (360°),Rollover Flips
2606.7,2026-10-03T11:23:11Z,0.0163,0.1374,0.4289,4.4194,0.4507,-0.1214,-0.0478,1.4019,1.4080,-0.1377,-0.1852,0.9730,0.8414,0.2244,-0.6249,1.0719,0,0,Lateral Rollover (360°),Rollover Flips
2626.6,2026-10-03T11:23:11Z,0.3298,0.0217,0.0947,3.3720,0.3438,0.1986,-0.1480,1.0715,1.0997,-0.1312,-0.1697,0.9767,0.9824,-0.4436,-0.3242,1.1256,0,0,Lateral Rollover (360°),Rollover Flips
2646.9,2026-10-03T11:23:11Z,0.2412,0.0093,0.1310,2.6936,0.2747,0.1195,-0.1394,1.1124,1.1274,-0.1217,-0.1487,0.9814,1.1122,-0.4391,0.0625,1.1973,0,0,Lateral Rollover (360°),Rollover Flips
2667.0,2026-10-03T11:23:11Z,0.0543,0.0435,0.3291,3.2985,0.3363,-0.0603,-0.0862,1.3140,1.3182,-0.1146,-0.1297,0.9849,0.7235,-0.2711,0.0508,0.7743,0,0,Lateral Rollover (360°),Rollover Flips
2687.1,2026-10-03T11:23:11Z,0.1047,0.0124,0.4111,4.1615,0.4244,-0.0037,-0.1093,1.3977,1.4019,-0.1084,-0.1218,0.9866,0.0598,-0.4400,-0.1446,0.4670,0,0,Lateral Rollover (360°),Rollover Flips
2707.0,2026-10-03T11:23:11Z,0.1750,-0.0112,0.3109,3.5005,0.3570,0.0822,-0.1391,1.2983,1.3083,-0.0928,-0.1280,0.9874,-0.6427,-1.2182,-0.1936,1.3909,0,0,Lateral Rollover (360°),Rollover Flips
2727.4,2026-10-03T11:23:11Z,0.1137,0.0265,0.0801,1.3884,0.1416,0.0665,-0.1204,1.0682,1.0770,-0.0472,-0.1469,0.9880,-1.1766,-3.6345,-0.5435,3.8586,0,1,Lateral Rollover (360°),Rollover Flips
2747.3,2026-10-03T11:23:11Z,0.2231,-0.0401,0.0101,2.2255,0.2269,0.2949,-0.2157,0.9919,1.0571,0.0718,-0.1757,0.9818,-1.8085,-8.4483,-1.1534,8.7164,0,1,Lateral Rollover (360°),Rollover Flips
2767.6,2026-10-03T11:23:11Z,0.1032,-0.1022,0.0756,1.6058,0.1637,0.4028,-0.3162,1.0053,1.1282,0.2996,-0.2140,0.9298,-2.7015,-14.4893,-1.7747,14.8454,0,1,Lateral Rollover (360°),Rollover Flips
2788.0,2026-10-03T11:23:11Z,-0.3347,0.0410,0.1118,3.4837,0.3552,0.2626,-0.2070,0.8745,0.9363,0.5973,-0.2479,0.7627,-3.6416,-18.5132,-2.6591,19.0544,0,1,Lateral Rollover (360°),Rollover Flips
2807.6,2026-10-03T11:23:11Z,-0.6289,0.1806,0.1350,6.5519,0.6681,0.2275,-0.0709,0.5859,0.6325,0.8564,-0.2514,0.4510,-4.6266,-20.6091,-3.7547,21.4532,0,1,Lateral Rollover (360°),Rollover Flips
2827.9,2026-10-03T11:23:11Z,-0.5827,0.2724,0.0618,6.3366,0.6462,0.3972,0.0750,0.0908,0.4143,0.9799,-0.1974,0.0290,-5.3724,-21.6010,-4.4606,22.7015,0,1,Lateral Rollover (360°),Rollover Flips
2847.8,2026-10-03T11:23:11Z,0.0624,0.1877,-0.4733,5.0305,0.5130,0.9766,0.0909,-0.8668,1.3089,0.9142,-0.0967,-0.3934,-4.9173,-19.7765,-3.5456,20.6849,0,1,Lateral Rollover (360°),Rollover Flips
2867.9,2026-10-03T11:23:11Z,0.6977,0.1290,-0.9665,11.7577,1.1990,1.4202,0.1154,-1.6577,2.1859,0.7225,-0.0136,-0.6912,-2.4513,-15.3630,-1.4088,15.6210,0,1,Lateral Rollover (360°),Rollover Flips
2888.2,2026-10-03T11:23:11Z,0.6907,0.1947,-0.5017,8.5863,0.8756,1.2061,0.2068,-1.3585,1.8284,0.5155,0.0121,-0.8568,-0.3933,-11.1653,0.4340,11.1807,0,1,Lateral Rollover (360°),Rollover Flips
2908.1,2026-10-03T11:23:11Z,0.2007,0.1401,0.0029,2.4001,0.2447,0.5504,0.1454,-0.9339,1.0937,0.3498,0.0052,-0.9368,0.1683,-7.5278,0.9587,7.5905,0,1,Lateral Rollover (360°),Rollover Flips
2928.4,2026-10-03T11:23:11Z,-0.3684,0.0457,0.3856,5.2489,0.5352,-0.1485,0.0491,-0.5899,0.6103,0.2199,0.0034,-0.9755,-0.4434,-6.2441,-0.0011,6.2598,0,1,Lateral Rollover (360°),Rollover Flips
2948.5,2026-10-03T11:23:11Z,-0.3044,-0.0682,0.3052,4.2799,0.4364,-0.2045,-0.0468,-0.6896,0.7208,0.0999,0.0214,-0.9948,-1.0806,-5.7469,-0.9225,5.9199,0,1,Lateral Rollover (360°),Rollover Flips
2968.5,2026-10-03T11:23:11Z,-0.0296,-0.0853,-0.0074,0.8884,0.0906,-0.0341,-0.0437,-1.0066,1.0081,-0.0045,0.0416,-0.9991,-0.7207,-4.5883,-1.0470,4.7611,0,1,Lateral Rollover (360°),Rollover Flips
2988.7,2026-10-03T11:23:11Z,0.0560,-0.0640,-0.0843,1.1745,0.1198,-0.0274,-0.0168,-1.0797,1.0802,-0.0834,0.0472,-0.9954,0.0912,-3.1307,-0.7885,3.2298,0,0,Lateral Rollover (360°),Rollover Flips
3008.6,2026-10-03T11:23:11Z,0.0067,-0.0502,0.0639,0.7999,0.0816,-0.1235,-0.0124,-0.9268,0.9351,-0.1302,0.0378,-0.9908,0.6241,-1.4697,-0.6129,1.7103,0,0,Lateral Rollover (360°),Rollover Flips
3028.7,2026-10-03T11:23:11Z,-0.0236,-0.0524,0.1956,1.9988,0.2038,-0.1673,-0.0298,-0.7938,0.8118,-0.1437,0.0226,-0.9894,0.6587,0.0173,-0.6045,0.8942,0,0,Lateral Rollover (360°),Rollover Flips
3048.9,2026-10-03T11:23:12Z,-0.0076,-0.0221,0.2433,2.3969,0.2444,-0.1469,-0.0114,-0.7469,0.7613,-0.1394,0.0107,-0.9902,0.3417,0.3420,-0.7205,0.8677,0,0,Lateral Rollover (360°),Rollover Flips
3069.1,2026-10-03T11:23:12Z,0.0466,-0.0068,0.1456,1.5010,0.1531,-0.0862,-0.0021,-0.8455,0.8499,-0.1327,0.0047,-0.9911,0.0872,0.2858,-0.7488,0.8062,0,0,Lateral Rollover (360°),Rollover Flips
3089.2,2026-10-03T11:23:12Z,0.0778,0.0108,0.0384,0.8573,0.0874,-0.0499,0.0120,-0.9534,0.9548,-0.1276,0.0011,-0.9918,0.1113,0.2539,-0.6919,0.7454,0,0,Lateral Rollover (360°),Rollover Flips
3109.0,2026-10-03T11:23:12Z,0.1075,-0.0093,0.0015,1.0579,0.1079,-0.0124,-0.0134,-0.9912,0.9914,-0.1199,-0.0042,-0.9928,0.2754,0.5879,-0.4896,0.8131,0,0,Lateral Rollover (360°),Rollover Flips
3129.3,2026-10-03T11:23:12Z,0.0813,-0.0248,0.0690,1.0736,0.1095,-0.0237,-0.0353,-0.9254,0.9264,-0.1050,-0.0105,-0.9944,0.2281,0.8540,-0.2884,0.9298,0,0,Lateral Rollover (360°),Rollover Flips
3149.4,2026-10-03T11:23:12Z,0.0656,-0.0227,0.0733,0.9899,0.1009,-0.0221,-0.0362,-0.9228,0.9237,-0.0877,-0.0135,-0.9961,0.0265,0.7912,-0.1283,0.8019,0,0,Lateral Rollover (360°),Rollover Flips
3169.5,2026-10-03T11:23:12Z,0.0188,0.0203,0.0223,0.3482,0.0355,-0.0556,0.0076,-0.9749,0.9765,-0.0743,-0.0127,-0.9972,-0.1072,0.5043,-0.1203,0.5294,0,0,Lateral Rollover (360°),Rollover Flips
3189.7,2026-10-03T11:23:12Z,0.0157,0.0361,-0.0440,0.5791,0.0591,-0.0516,0.0252,-1.0417,1.0433,-0.0673,-0.0109,-0.9977,-0.0769,0.1916,-0.2177,0.3000,0,0,Lateral Rollover (360°),Rollover Flips
3209.8,2026-10-03T11:23:12Z,0.0275,0.0304,-0.0717,0.8100,0.0826,-0.0398,0.0202,-1.0694,1.0703,-0.0673,-0.0102,-0.9977,-0.0373,-0.1517,-0.3304,0.3655,0,0,Lateral Rollover (360°),Rollover Flips
3229.7,2026-10-03T11:23:12Z,0.0536,0.0130,-0.0799,0.9519,0.0971,-0.0196,0.0032,-1.0772,1.0773,-0.0732,-0.0097,-0.9973,-0.0667,-0.4577,-0.3992,0.6110,0,0,Lateral Rollover (360°),Rollover Flips
3249.9,2026-10-03T11:23:12Z,0.0580,-0.0011,-0.0775,0.9496,0.0968,-0.0261,-0.0102,-1.0739,1.0743,-0.0841,-0.0091,-0.9964,-0.0348,-0.5756,-0.3689,0.6846,0,0,Lateral Rollover (360°),Rollover Flips
3269.9,2026-10-03T11:23:12Z,0.0375,-0.0070,-0.0676,0.7609,0.0776,-0.0546,-0.0175,-1.0632,1.0648,-0.0921,-0.0105,-0.9957,0.1208,-0.1804,-0.3081,0.3769,0,0,Lateral Rollover (360°),Rollover Flips
3290.1,2026-10-03T11:23:12Z,0.0208,-0.0205,-0.0305,0.4140,0.0422,-0.0696,-0.0355,-1.0263,1.0293,-0.0904,-0.0151,-0.9958,0.2710,0.3525,-0.2754,0.5230,0,0,Lateral Rollover (360°),Rollover Flips
3310.3,2026-10-03T11:23:12Z,0.0395,-0.0322,0.0203,0.5382,0.0549,-0.0410,-0.0530,-0.9762,0.9785,-0.0806,-0.0208,-0.9965,0.2317,0.5241,-0.2357,0.6196,0,0,Lateral Rollover (360°),Rollover Flips
3330.4,2026-10-03T11:23:12Z,0.0425,-0.0354,0.0135,0.5587,0.0570,-0.0287,-0.0601,-0.9836,0.9859,-0.0711,-0.0246,-0.9972,0.1279,0.4192,-0.1462,0.4620,0,0,Lateral Rollover (360°),Rollover Flips
3350.4,2026-10-03T11:23:12Z,0.0225,-0.0027,-0.0008,0.2221,0.0226,-0.0417,-0.0298,-0.9983,0.9997,-0.0641,-0.0271,-0.9976,0.1121,0.2663,-0.1292,0.3166,0,0,Lateral Rollover (360°),Rollover Flips
3370.5,2026-10-03T11:23:12Z,0.0046,0.0042,0.0016,0.0626,0.0064,-0.0552,-0.0253,-0.9962,0.9980,-0.0598,-0.0295,-0.9978,0.1029,0.1671,-0.1434,0.2431,0,0,Lateral Rollover (360°),Rollover Flips
3390.5,2026-10-03T11:23:12Z,0.0185,-0.0036,0.0083,0.2023,0.0206,-0.0381,-0.0350,-0.9896,0.9909,-0.0567,-0.0313,-0.9979,0.0668,0.1589,-0.1257,0.2134,0,0,Lateral Rollover (360°),Rollover Flips
3410.5,2026-10-03T11:23:12Z,0.0088,0.0019,0.0045,0.0986,0.0100,-0.0442,-0.0304,-0.9935,0.9950,-0.0530,-0.0323,-0.9981,0.0194,0.1889,-0.1147,0.2219,0,0,Lateral Rollover (360°),Rollover Flips
3431.0,2026-10-03T11:23:12Z,0.0044,0.0185,-0.0452,0.4812,0.0491,-0.0443,-0.0144,-1.0435,1.0445,-0.0486,-0.0330,-0.9983,0.0513,0.2230,-0.1204,0.2586,0,0,Lateral Rollover (360°),Rollover Flips
3450.8,2026-10-03T11:23:12Z,-0.0157,0.0349,-0.0596,0.6949,0.0709,-0.0600,-0.0005,-1.0580,1.0597,-0.0443,-0.0354,-0.9984,0.1900,0.2246,-0.1723,0.3410,0,0,Lateral Rollover (360°),Rollover Flips
3473.4,2026-10-03T11:23:12Z,-0.0003,0.0209,-0.0122,0.2375,0.0242,-0.0396,-0.0196,-1.0106,1.0116,-0.0393,-0.0405,-0.9984,0.2823,0.2734,-0.1947,0.4385,0,0,Lateral Rollover (360°),Rollover Flips
3491.2,2026-10-03T11:23:12Z,0.0570,-0.0245,0.0449,0.7509,0.0766,0.0252,-0.0712,-0.9535,0.9565,-0.0318,-0.0467,-0.9984,0.3179,0.4685,-0.0313,0.5670,0,0,Lateral Rollover (360°),Rollover Flips
3511.1,2026-10-03T11:23:12Z,0.0138,-0.0303,0.0722,0.7797,0.0795,-0.0062,-0.0830,-0.9262,0.9299,-0.0200,-0.0527,-0.9984,0.2767,0.7548,0.1741,0.8225,0,0,Lateral Rollover (360°),Rollover Flips
3531.2,2026-10-03T11:23:12Z,-0.0662,0.0380,-0.0210,0.7761,0.0791,-0.0694,-0.0200,-1.0193,1.0219,-0.0032,-0.0580,-0.9983,0.2880,0.8407,-0.0090,0.8887,0,0,Lateral Rollover (360°),Rollover Flips
3551.6,2026-10-03T11:23:12Z,-0.0281,0.0555,-0.0420,0.7366,0.0751,-0.0186,-0.0083,-1.0400,1.0402,0.0095,-0.0638,-0.9979,0.2579,0.3223,-0.2207,0.4681,0,0,Lateral Rollover (360°),Rollover Flips
3571.7,2026-10-03T11:23:12Z,0.1830,-0.0121,-0.0885,1.9972,0.2037,0.1880,-0.0796,-1.0862,1.1052,0.0050,-0.0674,-0.9977,0.0711,-0.7553,-0.1388,0.7712,0,0,Lateral Rollover (360°),Rollover Flips
3591.9,2026-10-03T11:23:12Z,0.1867,-0.0101,-0.3229,3.6590,0.3731,0.1743,-0.0800,-1.3203,1.3342,-0.0125,-0.0699,-0.9975,0.2739,-0.9518,0.1502,1.0018,0,0,Lateral Rollover (360°),Rollover Flips
3611.7,2026-10-03T11:23:12Z,0.0568,-0.0560,-0.0423,0.8852,0.0903,0.0249,-0.1310,-1.0390,1.0475,-0.0319,-0.0749,-0.9967,0.1813,-0.7470,0.2054,0.7957,0,0,Lateral Rollover (360°),Rollover Flips
3632.0,2026-10-03T11:23:12Z,-0.0603,-0.0153,-0.0429,0.7411,0.0756,-0.0992,-0.0932,-1.0391,1.0480,-0.0389,-0.0779,-0.9962,0.1962,0.0415,0.1610,0.2572,0,0,Lateral Rollover (360°),Rollover Flips
3652.4,2026-10-03T11:23:12Z,-0.1300,0.0287,-0.0534,1.4065,0.1434,-0.1622,-0.0556,-1.0493,1.0632,-0.0322,-0.0843,-0.9959,0.4261,0.5598,-0.0989,0.7105,0,0,Lateral Rollover (360°),Rollover Flips
3672.2,2026-10-03T11:23:12Z,-0.0675,0.0196,0.0378,0.7826,0.0798,-0.0883,-0.0741,-0.9575,0.9644,-0.0209,-0.0937,-0.9954,0.4669,0.4208,-0.2692,0.6838,0,0,Lateral Rollover (360°),Rollover Flips
3692.3,2026-10-03T11:23:12Z,0.0230,0.0080,0.1127,1.1311,0.1153,0.0058,-0.0934,-0.8820,0.8869,-0.0172,-0.1014,-0.9947,0.2715,-0.1083,-0.2837,0.4074,0,0,Lateral Rollover (360°),Rollover Flips
3712.3,2026-10-03T11:23:12Z,0.0345,0.0235,0.1090,1.1450,0.1168,0.0107,-0.0811,-0.8852,0.8890,-0.0238,-0.1046,-0.9942,0.0647,-0.5310,-0.2685,0.5985,0,0,Lateral Rollover (360°),Rollover Flips
3732.4,2026-10-03T11:23:12Z,0.0312,0.0201,0.0039,0.3663,0.0374,-0.0025,-0.0858,-0.9899,0.9936,-0.0338,-0.1059,-0.9938,0.0860,-0.4579,-0.1808,0.4998,0,0,Lateral Rollover (360°),Rollover Flips
3752.6,2026-10-03T11:23:12Z,0.0338,-0.0081,0.0063,0.3460,0.0353,-0.0049,-0.1169,-0.9870,0.9940,-0.0386,-0.1087,-0.9933,0.1971,0.0434,-0.0335,0.2045,0,0,Lateral Rollover (360°),Rollover Flips
3772.7,2026-10-03T11:23:12Z,-0.0102,0.0197,-0.0081,0.2318,0.0236,-0.0416,-0.0935,-1.0012,1.0064,-0.0314,-0.1132,-0.9931,0.2262,0.5688,-0.0265,0.6127,0,0,Lateral Rollover (360°),Rollover Flips
3792.8,2026-10-03T11:23:12Z,0.0072,0.0440,-0.0060,0.4408,0.0450,-0.0147,-0.0730,-0.9989,1.0016,-0.0219,-0.1170,-0.9929,0.1357,0.2396,-0.1267,0.3031,0,0,Lateral Rollover (360°),Rollover Flips
3813.0,2026-10-03T11:23:12Z,0.0502,0.0286,0.0418,0.6990,0.0713,0.0266,-0.0895,-0.9509,0.9555,-0.0235,-0.1180,-0.9927,-0.0399,-0.3564,-0.1519,0.3894,0,0,Lateral Rollover (360°),Rollover Flips
3833.0,2026-10-03T11:23:12Z,0.0579,-0.0099,0.0399,0.6964,0.0710,0.0280,-0.1260,-0.9529,0.9616,-0.0299,-0.1161,-0.9928,-0.1268,-0.1801,0.0404,0.2239,0,0,Lateral Rollover (360°),Rollover Flips
3853.0,2026-10-03T11:23:12Z,-0.0250,0.0113,0.0044,0.2727,0.0278,-0.0526,-0.1029,-0.9886,0.9954,-0.0276,-0.1142,-0.9931,-0.0230,0.4528,0.2088,0.4992,0,0,Lateral Rollover (360°),Rollover Flips
3873.2,2026-10-03T11:23:12Z,-0.0979,0.0352,-0.0506,1.1351,0.1157,-0.1122,-0.0803,-1.0438,1.0529,-0.0142,-0.1155,-0.9932,0.1654,0.8789,0.1443,0.9059,0,0,Lateral Rollover (360°),Rollover Flips
3893.4,2026-10-03T11:23:12Z,-0.0464,0.0332,-0.0262,0.6158,0.0628,-0.0430,-0.0868,-1.0190,1.0236,0.0033,-0.1200,-0.9928,0.2482,0.8098,-0.0078,0.8470,0,0,Lateral Rollover (360°),Rollover Flips
3913.3,2026-10-03T11:23:12Z,-0.0155,0.0189,0.0280,0.3649,0.0372,-0.0005,-0.1047,-0.9642,0.9699,0.0150,-0.1236,-0.9922,0.0867,0.3202,-0.1008,0.3467,0,0,Lateral Rollover (360°),Rollover Flips
3933.5,2026-10-03T11:23:12Z,0.0248,0.0053,0.0234,0.3385,0.0345,0.0439,-0.1182,-0.9687,0.9769,0.0191,-0.1234,-0.9922,-0.0730,0.1184,-0.0766,0.1588,0,0,Lateral Rollover (360°),Rollover Flips
3953.7,2026-10-03T11:23:12Z,0.0554,-0.0148,0.0221,0.6028,0.0615,0.0767,-0.1366,-0.9703,0.9828,0.0212,-0.1218,-0.9923,-0.0858,0.1071,0.0393,0.1427,0,0,Lateral Rollover (360°),Rollover Flips
3973.8,2026-10-03T11:23:12Z,0.0338,-0.0179,0.0268,0.4582,0.0467,0.0583,-0.1378,-0.9657,0.9772,0.0245,-0.1199,-0.9925,-0.0957,0.3284,0.1776,0.3854,0,0,Lateral Rollover (360°),Rollover Flips
3993.8,2026-10-03T11:23:12Z,-0.0227,-0.0106,-0.0238,0.3386,0.0345,0.0127,-0.1297,-1.0160,1.0244,0.0354,-0.1191,-0.9923,0.0415,0.7784,0.2465,0.8175,0,0,Lateral Rollover (360°),Rollover Flips
4013.8,2026-10-03T11:23:12Z,-0.0278,0.0181,-0.0117,0.3448,0.0352,0.0243,-0.1041,-1.0029,1.0085,0.0521,-0.1222,-0.9911,0.2076,0.8743,0.1841,0.9173,0,0,Lateral Rollover (360°),Rollover Flips
4034.0,2026-10-03T11:23:12Z,0.0658,0.0021,0.0396,0.7531,0.0768,0.1309,-0.1233,-0.9503,0.9672,0.0651,-0.1254,-0.9900,0.0440,0.3885,0.1258,0.4107,0,0,Lateral Rollover (360°),Rollover Flips
4054.1,2026-10-03T11:23:13Z,0.0946,-0.0027,0.0552,1.0750,0.1096,0.1605,-0.1260,-0.9349,0.9569,0.0658,-0.1233,-0.9902,-0.2486,-0.2317,0.1360,0.3660,0,0,Lateral Rollover (360°),Rollover Flips
4074.2,2026-10-03T11:23:13Z,0.0331,0.0151,0.0402,0.5317,0.0542,0.0935,-0.1029,-0.9510,0.9611,0.0603,-0.1180,-0.9912,-0.2633,-0.1433,0.1744,0.3468,0,0,Lateral Rollover (360°),Rollover Flips
4094.3,2026-10-03T11:23:13Z,0.0064,-0.0066,0.0297,0.3044,0.0310,0.0711,-0.1207,-0.9617,0.9718,0.0647,-0.1141,-0.9914,-0.1582,0.6877,0.3026,0.7678,0,0,Lateral Rollover (360°),Rollover Flips
4114.2,2026-10-03T11:23:13Z,0.0264,-0.0314,-0.0335,0.5189,0.0529,0.1103,-0.1432,-1.0237,1.0395,0.0839,-0.1119,-0.9902,-0.1160,1.1717,0.4564,1.2628,0,0,Lateral Rollover (360°),Rollover Flips
4134.4,2026-10-03T11:23:13Z,-0.0440,0.0163,-0.0501,0.6730,0.0686,0.0578,-0.0943,-1.0387,1.0446,0.1018,-0.1106,-0.9886,-0.1100,0.6596,0.3530,0.7562,0,0,Lateral Rollover (360°),Rollover Flips
4154.6,2026-10-03T11:23:13Z,-0.0920,0.0419,-0.0604,1.1550,0.1178,0.0161,-0.0676,-1.0485,1.0508,0.1081,-0.1095,-0.9881,-0.0193,0.1119,0.0755,0.1363,0,0,Lateral Rollover (360°),Rollover Flips
4174.8,2026-10-03T11:23:13Z,-0.0492,0.0053,-0.0980,1.0767,0.1098,0.0610,-0.1066,-1.0856,1.0925,0.1102,-0.1119,-0.9876,0.2838,0.1405,0.0008,0.3167,0,0,Lateral Rollover (360°),Rollover Flips
4195.1,2026-10-03T11:23:13Z,-0.0078,0.0207,-0.0741,0.7587,0.0774,0.1058,-0.1001,-1.0603,1.0702,0.1136,-0.1208,-0.9862,0.5524,0.0693,0.0600,0.5600,0,0,Lateral Rollover (360°),Rollover Flips
4214.8,2026-10-03T11:23:13Z,-0.0025,-0.0045,0.0045,0.0671,0.0068,0.1071,-0.1356,-0.9808,0.9959,0.1096,-0.1311,-0.9853,0.4007,-0.5026,0.1454,0.6590,0,0,Lateral Rollover (360°),Rollover Flips
4235.1,2026-10-03T11:23:13Z,0.0185,-0.0022,0.1016,1.0131,0.1033,0.1105,-0.1373,-0.8849,0.9023,0.0920,-0.1352,-0.9865,-0.0286,-1.1614,0.0472,1.1627,0,0,Lateral Rollover (360°),Rollover Flips
4255.2,2026-10-03T11:23:13Z,0.0999,0.0002,-0.0402,1.0555,0.1076,0.1696,-0.1320,-1.0290,1.0512,0.0697,-0.1322,-0.9888,-0.1674,-0.9442,0.0246,0.9592,0,0,Lateral Rollover (360°),Rollover Flips
4275.3,2026-10-03T11:23:13Z,0.0530,0.0452,-0.0474,0.8261,0.0842,0.1080,-0.0855,-1.0373,1.0464,0.0551,-0.1307,-0.9899,0.0087,-0.6203,0.0542,0.6227,0,0,Lateral Rollover (360°),Rollover Flips
4295.5,2026-10-03T11:23:13Z,0.0217,-0.0044,0.0225,0.3097,0.0316,0.0638,-0.1362,-0.9679,0.9795,0.0421,-0.1318,-0.9904,0.0694,-0.6492,0.0331,0.6537,0,0,Lateral Rollover (360°),Rollover Flips
4315.5,2026-10-03T11:23:13Z,0.0090,0.0017,0.0084,0.1221,0.0124,0.0403,-0.1313,-0.9822,0.9918,0.0313,-0.1330,-0.9906,0.0728,-0.4143,-0.0160,0.4210,0,0,Lateral Rollover (360°),Rollover Flips
4335.7,2026-10-03T11:23:13Z,0.0033,0.0061,-0.0355,0.3544,0.0361,0.0290,-0.1292,-1.0259,1.0344,0.0258,-0.1354,-0.9905,0.1577,-0.1708,-0.0477,0.2373,0,0,Lateral Rollover (360°),Rollover Flips
4355.7,2026-10-03T11:23:13Z,0.0174,0.0102,-0.0039,0.2015,0.0206,0.0408,-0.1280,-0.9940,1.0030,0.0234,-0.1382,-0.9901,0.0916,-0.0960,-0.0497,0.1417,0,0,Lateral Rollover (360°),Rollover Flips
4375.9,2026-10-03T11:23:13Z,0.0450,0.0147,0.0429,0.6268,0.0639,0.0670,-0.1233,-0.9472,0.9576,0.0221,-0.1381,-0.9902,-0.1035,-0.0529,-0.0047,0.1163,0,0,Lateral Rollover (360°),Rollover Flips
4396.1,2026-10-03T11:23:13Z,0.0278,0.0121,0.0282,0.4060,0.0414,0.0491,-0.1226,-0.9625,0.9715,0.0213,-0.1347,-0.9907,-0.2034,-0.0173,0.0245,0.2056,0,0,Lateral Rollover (360°),Rollover Flips
4415.7,2026-10-03T11:23:13Z,0.0005,0.0062,-0.0235,0.2381,0.0243,0.0212,-0.1255,-1.0145,1.0225,0.0207,-0.1317,-0.9911,-0.0856,-0.0656,0.0150,0.1089,0,0,Lateral Rollover (360°),Rollover Flips
4436.2,2026-10-03T11:23:13Z,0.0028,0.0047,-0.0166,0.1713,0.0175,0.0213,-0.1265,-1.0078,1.0159,0.0186,-0.1312,-0.9912,0.0179,-0.1299,-0.0113,0.1317,0,0,Lateral Rollover (360°),Rollover Flips
4456.2,2026-10-03T11:23:13Z,0.0010,0.0181,0.0202,0.2660,0.0271,0.0176,-0.1134,-0.9710,0.9777,0.0166,-0.1315,-0.9912,-0.0060,-0.0508,-0.0265,0.0576,0,0,Lateral Rollover (360°),Rollover Flips
4476.4,2026-10-03T11:23:13Z,-0.0453,0.0155,0.0201,0.5093,0.0519,-0.0273,-0.1150,-0.9712,0.9783,0.0181,-0.1305,-0.9913,-0.0793,0.2251,-0.0663,0.2477,0,0,Lateral Rollover (360°),Rollover Flips
4496.4,2026-10-03T11:23:13Z,-0.0311,0.0228,-0.0194,0.4235,0.0432,-0.0051,-0.1066,-1.0106,1.0162,0.0261,-0.1294,-0.9913,-0.0191,0.4656,-0.1476,0.4888,0,0,Lateral Rollover (360°),Rollover Flips
4516.2,2026-10-03T11:23:13Z,0.0050,0.0307,0.0484,0.5641,0.0575,0.0409,-0.0979,-0.9427,0.9486,0.0359,-0.1285,-0.9911,-0.0654,0.4618,-0.2561,0.5321,0,0,Lateral Rollover (360°),Rollover Flips
4536.4,2026-10-03T11:23:13Z,0.0201,0.0199,0.0878,0.9045,0.0922,0.0649,-0.1060,-0.9032,0.9117,0.0448,-0.1259,-0.9910,-0.1847,0.3417,-0.2955,0.4881,0,0,Lateral Rollover (360°),Rollover Flips
4556.7,2026-10-03T11:23:13Z,0.0234,0.0185,0.0600,0.6570,0.0670,0.0741,-0.1024,-0.9314,0.9399,0.0507,-0.1209,-0.9914,-0.2837,0.2069,-0.2633,0.4389,0,0,Lateral Rollover (360°),Rollover Flips
4577.0,2026-10-03T11:23:13Z,-0.0144,0.0128,-0.0180,0.2589,0.0264,0.0415,-0.1019,-1.0099,1.0158,0.0560,-0.1147,-0.9918,-0.2968,0.2793,-0.2475,0.4769,0,0,Lateral Rollover (360°),Rollover Flips
4597.0,2026-10-03T11:23:13Z,-0.0311,0.0057,-0.0501,0.5815,0.0593,0.0313,-0.1032,-1.0422,1.0478,0.0624,-0.1089,-0.9921,-0.2413,0.2835,-0.2348,0.4402,0,0,Lateral Rollover (360°),Rollover Flips
4617.0,2026-10-03T11:23:13Z,-0.0380,-0.0021,-0.0183,0.4145,0.0423,0.0300,-0.1066,-1.0105,1.0166,0.0680,-0.1045,-0.9922,-0.1820,0.2156,-0.2487,0.3761,0,0,Lateral Rollover (360°),Rollover Flips
4637.3,2026-10-03T11:23:13Z,-0.0137,0.0068,0.0054,0.1593,0.0162,0.0584,-0.0942,-0.9868,0.9931,0.0721,-0.1010,-0.9923,-0.1339,0.1450,-0.2623,0.3283,0,0,Lateral Rollover (360°),Rollover Flips
4657.2,2026-10-03T11:23:13Z,0.0202,0.0069,0.0023,0.2103,0.0214,0.0951,-0.0909,-0.9901,0.9988,0.0749,-0.0978,-0.9924,-0.1528,0.1180,-0.2566,0.3211,0,0,Lateral Rollover (360°),Rollover Flips
4677.5,2026-10-03T11:23:13Z,0.0109,0.0038,-0.0406,0.4136,0.0422,0.0900,-0.0903,-1.0330,1.0408,0.0792,-0.0941,-0.9924,-0.1740,0.2434,-0.2814,0.4107,0,0,Lateral Rollover (360°),Rollover Flips
4697.4,2026-10-03T11:23:13Z,0.0130,0.0093,-0.0111,0.1909,0.0195,0.0979,-0.0803,-1.0035,1.0114,0.0849,-0.0896,-0.9924,-0.2259,0.2675,-0.3035,0.4634,0,0,Lateral Rollover (360°),Rollover Flips
4717.4,2026-10-03T11:23:13Z,0.0259,0.0109,-0.0009,0.2758,0.0281,0.1158,-0.0735,-0.9933,1.0027,0.0899,-0.0844,-0.9924,-0.2427,0.1700,-0.3006,0.4221,0,0,Lateral Rollover (360°),Rollover Flips
4738.0,2026-10-03T11:23:13Z,0.0115,0.0059,-0.0093,0.1559,0.0159,0.1044,-0.0730,-1.0018,1.0099,0.0929,-0.0789,-0.9925,-0.2442,0.1018,-0.2973,0.3980,0,0,Lateral Rollover (360°),Rollover Flips
4757.9,2026-10-03T11:23:13Z,-0.0175,-0.0051,-0.0113,0.2103,0.0214,0.0777,-0.0788,-1.0040,1.0101,0.0952,-0.0737,-0.9927,-0.2250,0.0518,-0.3293,0.4022,0,0,Lateral Rollover (360°),Rollover Flips
4777.9,2026-10-03T11:23:13Z,-0.0330,-0.0043,0.0063,0.3323,0.0339,0.0631,-0.0727,-0.9867,0.9914,0.0961,-0.0684,-0.9930,-0.2402,0.0020,-0.4291,0.4917,0,0,Lateral Rollover (360°),Rollover Flips
4797.9,2026-10-03T11:23:13Z,0.0041,0.0025,0.0226,0.2269,0.0231,0.1012,-0.0594,-0.9707,0.9778,0.0971,-0.0619,-0.9934,-0.3297,0.0246,-0.5194,0.6157,0,0,Lateral Rollover (360°),Rollover Flips
4817.9,2026-10-03T11:23:13Z,0.0447,0.0225,-0.0061,0.4947,0.0504,0.1430,-0.0312,-0.9998,1.0105,0.0982,-0.0537,-0.9937,-0.3530,-0.0021,-0.5273,0.6346,0,0,Lateral Rollover (360°),Rollover Flips
4838.2,2026-10-03T11:23:13Z,0.0422,0.0199,-0.0716,0.8384,0.0855,0.1404,-0.0269,-1.0657,1.0753,0.0982,-0.0467,-0.9941,-0.2398,-0.0369,-0.4261,0.4903,0,0,Lateral Rollover (360°),Rollover Flips
4858.3,2026-10-03T11:23:13Z,0.0475,0.0476,-0.0940,1.1333,0.1156,0.1451,0.0042,-1.0883,1.0979,0.0975,-0.0433,-0.9943,-0.0101,-0.0839,-0.1773,0.1964,0,0,Lateral Rollover (360°),Rollover Flips
4878.4,2026-10-03T11:23:13Z,0.0183,-0.0088,-0.0751,0.7627,0.0778,0.1138,-0.0544,-1.0695,1.0769,0.0956,-0.0456,-0.9944,0.2154,-0.0833,-0.0416,0.2347,0,0,Lateral Rollover (360°),Rollover Flips
4898.5,2026-10-03T11:23:13Z,0.0202,-0.0003,-0.0137,0.2394,0.0244,0.1153,-0.0497,-1.0079,1.0157,0.0951,-0.0494,-0.9942,0.1344,0.0342,-0.0324,0.1424,0,0,Lateral Rollover (360°),Rollover Flips
4918.5,2026-10-03T11:23:13Z,0.0076,-0.0044,0.0162,0.1801,0.0184,0.1045,-0.0550,-0.9778,0.9849,0.0969,-0.0506,-0.9940,0.0014,0.1359,0.0407,0.1419,0,0,Lateral Rollover (360°),Rollover Flips
4938.8,2026-10-03T11:23:13Z,-0.0097,0.0030,0.0101,0.1399,0.0143,0.0894,-0.0472,-0.9837,0.9889,0.0991,-0.0502,-0.9938,-0.0503,0.0599,0.0826,0.1137,0,0,Lateral Rollover (360°),Rollover Flips
4958.9,2026-10-03T11:23:13Z,0.0159,0.0050,-0.0119,0.2011,0.0205,0.1153,-0.0445,-1.0057,1.0133,0.0993,-0.0495,-0.9938,-0.0292,-0.0151,0.1311,0.1351,0,0,Lateral Rollover (360°),Rollover Flips
4979.0,2026-10-03T11:23:13Z,0.0306,0.0181,-0.0157,0.3813,0.0389,0.1289,-0.0315,-1.0097,1.0183,0.0983,-0.0496,-0.9939,0.0089,-0.0773,0.1049,0.1306,0,0,Lateral Rollover (360°),Rollover Flips
4999.2,2026-10-03T11:23:13Z,0.0137,0.0102,-0.0220,0.2730,0.0278,0.1101,-0.0400,-1.0160,1.0228,0.0964,-0.0502,-0.9941,0.0481,-0.0884,0.0700,0.1226,0,0,Lateral Rollover (360°),Rollover Flips
5019.1,2026-10-03T11:23:13Z,0.0128,0.0233,-0.0095,0.2772,0.0283,0.1074,-0.0285,-1.0037,1.0098,0.0946,-0.0518,-0.9942,0.0960,-0.0886,0.0640,0.1454,0,0,Lateral Rollover (360°),Rollover Flips
5039.4,2026-10-03T11:23:13Z,0.0016,0.0156,-0.0044,0.1595,0.0163,0.0950,-0.0388,-0.9985,1.0038,0.0934,-0.0543,-0.9941,0.1330,-0.0485,0.0947,0.1703,0,0,Lateral Rollover (360°),Rollover Flips
5059.3,2026-10-03T11:23:14Z,0.0088,0.0143,0.0080,0.1826,0.0186,0.1007,-0.0431,-0.9861,0.9922,0.0919,-0.0574,-0.9941,0.1568,-0.0855,0.1174,0.2138,0,0,Lateral Rollover (360°),Rollover Flips
5079.5,2026-10-03T11:23:14Z,0.0122,0.0166,0.0058,0.2103,0.0214,0.1021,-0.0445,-0.9883,0.9945,0.0898,-0.0611,-0.9941,0.1877,-0.0962,0.1212,0.2433,0,0,Lateral Rollover (360°),Rollover Flips
5099.6,2026-10-03T11:23:14Z,0.0199,0.0089,0.0151,0.2605,0.0266,0.1077,-0.0558,-0.9789,0.9864,0.0878,-0.0647,-0.9940,0.1357,-0.0888,0.1433,0.2164,0,0,Lateral Rollover (360°),Rollover Flips
5119.7,2026-10-03T11:23:14Z,-0.0065,0.0075,0.0131,0.1613,0.0165,0.0799,-0.0592,-0.9809,0.9859,0.0864,-0.0667,-0.9940,0.0370,-0.0385,0.1108,0.1230,0,0,Lateral Rollover (360°),Rollover Flips
5139.7,2026-10-03T11:23:14Z,0.0024,0.0146,0.0147,0.2049,0.0209,0.0878,-0.0520,-0.9794,0.9847,0.0854,-0.0666,-0.9941,-0.0454,-0.0634,0.0724,0.1064,0,0,Lateral Rollover (360°),Rollover Flips
5159.8,2026-10-03T11:23:14Z,-0.0046,0.0254,-0.0168,0.3017,0.0308,0.0794,-0.0406,-1.0111,1.0150,0.0840,-0.0660,-0.9943,-0.0124,-0.0449,0.0835,0.0956,0,0,Lateral Rollover (360°),Rollover Flips
5179.9,2026-10-03T11:23:14Z,0.0159,0.0289,-0.0221,0.3892,0.0397,0.0992,-0.0380,-1.0164,1.0219,0.0833,-0.0669,-0.9943,0.0740,-0.0151,0.1554,0.1727,0,0,Lateral Rollover (360°),Rollover Flips
5200.2,2026-10-03T11:23:14Z,0.0128,0.0162,0.0237,0.3080,0.0314,0.0970,-0.0521,-0.9704,0.9767,0.0842,-0.0683,-0.9941,0.0061,0.1404,0.1535,0.2081,0,0,Lateral Rollover (360°),Rollover Flips
5220.2,2026-10-03T11:23:14Z,0.0109,0.0085,0.0404,0.4186,0.0427,0.0992,-0.0580,-0.9535,0.9604,0.0883,-0.0665,-0.9939,-0.2010,0.2764,0.1769,0.3848,0,0,Lateral Rollover (360°),Rollover Flips
5240.3,2026-10-03T11:23:14Z,0.0011,0.0126,0.0151,0.1935,0.0197,0.0945,-0.0496,-0.9785,0.9843,0.0934,-0.0622,-0.9937,-0.2420,0.2267,0.2729,0.4295,0,0,Lateral Rollover (360°),Rollover Flips
5260.4,2026-10-03T11:23:14Z,-0.0026,0.0145,-0.0005,0.1443,0.0147,0.0934,-0.0443,-0.9942,0.9995,0.0960,-0.0588,-0.9936,-0.1534,0.0641,0.3209,0.3614,0,0,Lateral Rollover (360°),Rollover Flips
5280.5,2026-10-03T11:23:14Z,0.0094,-0.0005,-0.0073,0.1173,0.0120,0.1045,-0.0577,-1.0011,1.0082,0.0951,-0.0572,-0.9938,-0.0568,-0.0975,0.2818,0.3036,0,0,Lateral Rollover (360°),Rollover Flips
5300.6,2026-10-03T11:23:14Z,0.0044,-0.0087,-0.0141,0.1678,0.0171,0.0966,-0.0655,-1.0082,1.0149,0.0921,-0.0568,-0.9941,-0.0526,-0.1254,0.2494,0.2840,0,0,Lateral Rollover (360°),Rollover Flips
5320.7,2026-10-03T11:23:14Z,-0.0024,-0.0292,-0.0127,0.3134,0.0320,0.0883,-0.0850,-1.0070,1.0145,0.0907,-0.0558,-0.9943,-0.0885,-0.0004,0.1348,0.1612,0,0,Lateral Rollover (360°),Rollover Flips
5340.8,2026-10-03T11:23:14Z,-0.0227,-0.0397,0.0196,0.4879,0.0498,0.0695,-0.0930,-0.9747,0.9816,0.0922,-0.0533,-0.9943,-0.1879,0.1471,-0.0137,0.2390,0,0,Lateral Rollover (360°),Rollover Flips
5360.9,2026-10-03T11:23:14Z,-0.0252,-0.0332,0.0504,0.6415,0.0654,0.0703,-0.0815,-0.9438,0.9500,0.0955,-0.0483,-0.9943,-0.2779,0.1541,-0.1323,0.3442,0,0,Lateral Rollover (360°),Rollover Flips
5380.9,2026-10-03T11:23:14Z,0.0115,-0.0226,0.0735,0.7621,0.0777,0.1088,-0.0645,-0.9209,0.9295,0.0973,-0.0420,-0.9944,-0.3244,-0.0123,-0.1395,0.3534,0,0,Lateral Rollover (360°),Rollover Flips
5401.2,2026-10-03T11:23:14Z,-0.0030,-0.0394,0.0615,0.7170,0.0731,0.0908,-0.0745,-0.9334,0.9408,0.0937,-0.0351,-0.9950,-0.3045,-0.3994,-0.1759,0.5321,0,0,Lateral Rollover (360°),Rollover Flips
5421.1,2026-10-03T11:23:14Z,-0.0560,-0.0973,0.0402,1.1696,0.1193,0.0246,-0.1270,-0.9561,0.9648,0.0806,-0.0298,-0.9963,-0.1832,-0.8596,-0.3368,0.9412,0,0,Lateral Rollover (360°),Rollover Flips
5441.4,2026-10-03T11:23:14Z,-0.0759,-0.1088,0.0563,1.4131,0.1441,-0.0168,-0.1355,-0.9416,0.9514,0.0591,-0.0267,-0.9979,-0.0820,-1.2050,-0.6624,1.3775,0,0,Lateral Rollover (360°),Rollover Flips
5461.3,2026-10-03T11:23:14Z,-0.1080,-0.0892,-0.0770,1.5677,0.1599,-0.0638,-0.1115,-1.0758,1.0835,0.0442,-0.0222,-0.9988,-0.2787,-0.2111,-1.2514,1.2994,0,0,Lateral Rollover (360°),Rollover Flips
5481.5,2026-10-03T11:23:14Z,-0.0899,-0.0135,-0.0372,0.9627,0.0982,-0.0370,-0.0259,-1.0357,1.0367,0.0528,-0.0123,-0.9985,-0.5708,0.8673,-1.7465,2.0318,0,0,Lateral Rollover (360°),Rollover Flips
5507.0,2026-10-03T11:23:14Z,0.0256,0.0571,-0.0416,0.7368,0.0751,0.0954,0.0602,-1.0391,1.0452,0.0698,0.0031,-0.9976,-0.7171,0.8510,-1.6246,1.9692,0,0,Lateral Rollover (360°),Rollover Flips
5521.6,2026-10-03T11:23:14Z,0.1891,0.1703,-0.2321,3.3777,0.3444,0.2760,0.1878,-1.2282,1.2728,0.0870,0.0175,-0.9961,-0.4490,0.8091,-0.3388,0.9854,0,0,Lateral Rollover (360°),Rollover Flips
5541.7,2026-10-03T11:23:14Z,0.1275,0.1242,-0.1143,2.0749,0.2116,0.2207,0.1438,-1.1098,1.1406,0.0931,0.0195,-0.9955,0.1977,0.3303,0.5471,0.6690,0,0,Lateral Rollover (360°),Rollover Flips
5561.9,2026-10-03T11:23:14Z,0.0316,0.1025,-0.1253,1.6174,0.1649,0.1303,0.1121,-1.1203,1.1335,0.0987,0.0096,-0.9951,0.6470,0.1374,0.5384,0.8528,0,0,Lateral Rollover (360°),Rollover Flips
5582.0,2026-10-03T11:23:14Z,0.0396,0.0410,-0.0458,0.7166,0.0731,0.1391,0.0350,-1.0408,1.0506,0.0995,-0.0060,-0.9950,0.6926,-0.0160,0.6055,0.9201,0,0,Lateral Rollover (360°),Rollover Flips
5607.4,2026-10-03T11:23:14Z,-0.1133,-0.0079,0.0010,1.1134,0.1135,-0.0062,-0.0219,-0.9932,0.9934,0.1070,-0.0140,-0.9942,-0.2121,1.0922,0.6153,1.2714,0,0,Lateral Rollover (360°),Rollover Flips
5622.1,2026-10-03T11:23:14Z,-0.0538,0.0112,-0.0413,0.6746,0.0688,0.0785,0.0020,-1.0325,1.0355,0.1323,-0.0092,-0.9912,-0.3242,1.2551,0.3864,1.3527,0,0,Lateral Rollover (360°),Rollover Flips
5642.4,2026-10-03T11:23:14Z,-0.0074,-0.0494,0.0043,0.4916,0.0501,0.1460,-0.0521,-0.9839,0.9960,0.1534,-0.0027,-0.9882,-0.3985,0.8865,0.4664,1.0781,0,0,Lateral Rollover (360°),Rollover Flips
5662.5,2026-10-03T11:23:14Z,0.0152,0.0034,0.0045,0.1585,0.0162,0.1817,0.0049,-0.9816,0.9983,0.1666,0.0016,-0.9860,-0.1896,0.4690,0.4719,0.6918,0,0,Lateral Rollover (360°),Rollover Flips
5682.5,2026-10-03T11:23:14Z,0.0287,0.0066,0.0271,0.3920,0.0400,0.2013,0.0089,-0.9579,0.9789,0.1726,0.0023,-0.9850,-0.0329,0.1057,0.3722,0.3883,0,0,Lateral Rollover (360°),Rollover Flips
5706.2,2026-10-03T11:23:14Z,0.0336,-0.0004,0.0204,0.3859,0.0394,0.2038,-0.0006,-0.9650,0.9863,0.1702,-0.0002,-0.9854,0.1886,-0.3353,0.2617,0.4652,0,0,Lateral Rollover (360°),Rollover Flips
5722.7,2026-10-03T11:23:14Z,0.0271,0.0113,0.0050,0.2922,0.0298,0.1876,0.0045,-0.9821,0.9998,0.1605,-0.0068,-0.9870,0.3784,-0.5989,0.1820,0.7315,0,0,Lateral Rollover (360°),Rollover Flips
5742.9,2026-10-03T11:23:14Z,0.0175,0.0266,0.0170,0.3538,0.0361,0.1660,0.0111,-0.9718,0.9860,0.1485,-0.0155,-0.9888,0.4079,-0.5533,0.2630,0.7360,0,0,Lateral Rollover (360°),Rollover Flips
5764.8,2026-10-03T11:23:14Z,0.0091,0.0155,0.0378,0.4106,0.0419,0.1479,-0.0081,-0.9522,0.9637,0.1388,-0.0237,-0.9900,0.3138,-0.4188,0.3643,0.6377,0,0,Lateral Rollover (360°),Rollover Flips
5783.1,2026-10-03T11:23:14Z,-0.0052,0.0088,0.0333,0.3413,0.0348,0.1263,-0.0208,-0.9576,0.9661,0.1316,-0.0296,-0.9909,0.1971,-0.2911,0.3359,0.4862,0,0,Lateral Rollover (360°),Rollover Flips
5806.9,2026-10-03T11:23:14Z,-0.0189,0.0102,0.0241,0.3164,0.0323,0.1086,-0.0233,-0.9672,0.9736,0.1275,-0.0335,-0.9913,0.1160,-0.0895,0.2465,0.2867,0,0,Lateral Rollover (360°),Rollover Flips
5823.1,2026-10-03T11:23:14Z,-0.0146,-0.0013,0.0356,0.3777,0.0385,0.1125,-0.0369,-0.9556,0.9629,0.1271,-0.0356,-0.9913,0.0451,0.0367,0.1284,0.1410,0,0,Lateral Rollover (360°),Rollover Flips
5843.5,2026-10-03T11:23:14Z,0.0051,0.0084,0.0379,0.3835,0.0391,0.1325,-0.0282,-0.9533,0.9629,0.1274,-0.0366,-0.9912,0.0382,-0.0262,0.0830,0.0951,0,0,Lateral Rollover (360°),Rollover Flips
5863.5,2026-10-03T11:23:14Z,0.0108,0.0065,0.0115,0.1675,0.0171,0.1358,-0.0316,-0.9799,0.9898,0.1250,-0.0381,-0.9914,0.1114,-0.2192,0.0324,0.2480,0,0,Lateral Rollover (360°),Rollover Flips
5883.6,2026-10-03T11:23:14Z,0.0228,0.0368,-0.0090,0.4342,0.0443,0.1425,-0.0047,-1.0010,1.0111,0.1196,-0.0416,-0.9919,0.2319,-0.2737,0.0611,0.3639,0,0,Lateral Rollover (360°),Rollover Flips
5906.7,2026-10-03T11:23:14Z,0.0359,0.0522,-0.0057,0.6241,0.0636,0.1508,0.0051,-0.9980,1.0093,0.1148,-0.0471,-0.9923,0.2873,-0.2031,0.1478,0.3816,0,0,Lateral Rollover (360°),Rollover Flips
5923.7,2026-10-03T11:23:14Z,0.0413,0.0363,0.0287,0.6083,0.0620,0.1523,-0.0165,-0.9637,0.9758,0.1110,-0.0529,-0.9924,0.2328,-0.1965,0.2050,0.3672,0,0,Lateral Rollover (360°),Rollover Flips
5944.0,2026-10-03T11:23:14Z,0.0205,0.0177,0.0257,0.3663,0.0374,0.1261,-0.0396,-0.9671,0.9761,0.1056,-0.0573,-0.9928,0.1749,-0.3453,0.2201,0.4453,0,0,Lateral Rollover (360°),Rollover Flips
5964.0,2026-10-03T11:23:14Z,0.0124,0.0035,0.0196,0.2303,0.0235,0.1087,-0.0576,-0.9738,0.9816,0.0963,-0.0612,-0.9935,0.1687,-0.5673,0.2025,0.6256,0,0,Lateral Rollover (360°),Rollover Flips
5984.1,2026-10-03T11:23:14Z,0.0349,0.0299,0.0131,0.4686,0.0478,0.1173,-0.0351,-0.9814,0.9890,0.0823,-0.0650,-0.9945,0.1746,-0.7827,0.3038,0.8575,0,0,Lateral Rollover (360°),Rollover Flips
6006.8,2026-10-03T11:23:14Z,0.0580,0.0436,0.0095,0.7176,0.0732,0.1224,-0.0256,-0.9860,0.9939,0.0644,-0.0692,-0.9955,0.1825,-0.9727,0.5496,1.1320,0,0,Lateral Rollover (360°),Rollover Flips
6024.4,2026-10-03T11:23:14Z,0.0154,0.0213,-0.0071,0.2671,0.0272,0.0578,-0.0522,-1.0035,1.0066,0.0424,-0.0735,-0.9964,0.2064,-1.1325,0.4837,1.2487,0,0,Lateral Rollover (360°),Rollover Flips
6044.5,2026-10-03T11:23:15Z,-0.0409,-0.0121,-0.0313,0.5189,0.0529,-0.0209,-0.0912,-1.0280,1.0322,0.0200,-0.0791,-0.9967,0.3291,-1.0205,0.1735,1.0862,0,0,Lateral Rollover (360°),Rollover Flips
6064.5,2026-10-03T11:23:15Z,-0.0212,0.0156,-0.0326,0.4109,0.0419,-0.0194,-0.0711,-1.0289,1.0315,0.0018,-0.0867,-0.9962,0.4085,-0.7591,0.0196,0.8623,0,0,Lateral Rollover (360°),Rollover Flips
6084.6,2026-10-03T11:23:15Z,-0.0138,0.0113,0.0016,0.1762,0.0180,-0.0245,-0.0836,-0.9938,0.9976,-0.0106,-0.0949,-0.9954,0.3931,-0.5038,-0.0878,0.6451,0,0,Lateral Rollover (360°),Rollover Flips
6105.5,2026-10-03T11:23:15Z,-0.0169,-0.0244,0.0398,0.4869,0.0497,-0.0364,-0.1262,-0.9548,0.9638,-0.0195,-0.1018,-0.9946,0.2812,-0.4919,-0.2365,0.6140,0,0,Lateral Rollover (360°),Rollover Flips
6125.1,2026-10-03T11:23:15Z,0.0046,-0.0038,0.1071,1.0518,0.1073,-0.0273,-0.1097,-0.8868,0.8940,-0.0319,-0.1059,-0.9939,0.1032,-0.7836,-0.3419,0.8612,0,0,Lateral Rollover (360°),Rollover Flips
6145.2,2026-10-03T11:23:15Z,0.1178,0.0410,0.1121,1.6448,0.1677,0.0736,-0.0639,-0.8814,0.8867,-0.0441,-0.1049,-0.9935,-0.2732,-0.4505,-0.1229,0.5410,0,0,Lateral Rollover (360°),Rollover Flips
6165.0,2026-10-03T11:23:15Z,0.0714,0.0109,0.0209,0.7375,0.0752,0.0220,-0.0853,-0.9733,0.9772,-0.0494,-0.0962,-0.9941,-0.5274,-0.0899,0.1154,0.5473,0,0,Lateral Rollover (360°),Rollover Flips
6185.3,2026-10-03T11:23:15Z,0.0072,0.0203,-0.0673,0.6931,0.0707,-0.0418,-0.0655,-1.0624,1.0653,-0.0489,-0.0858,-0.9951,-0.4617,0.1256,0.1844,0.5128,0,0,Lateral Rollover (360°),Rollover Flips
6207.0,2026-10-03T11:23:15Z,-0.0387,0.0247,-0.0969,1.0513,0.1072,-0.0854,-0.0541,-1.0927,1.0973,-0.0467,-0.0788,-0.9958,-0.1942,0.1138,0.1318,0.2609,0,0,Lateral Rollover (360°),Rollover Flips
6225.3,2026-10-03T11:23:15Z,-0.0735,-0.0004,-0.0465,0.8525,0.0869,-0.1190,-0.0775,-1.0424,1.0521,-0.0455,-0.0771,-0.9960,-0.0297,0.0178,-0.0869,0.0935,0,0,Lateral Rollover (360°),Rollover Flips
6245.5,2026-10-03T11:23:15Z,-0.0284,-0.0068,0.0325,0.4289,0.0437,-0.0721,-0.0817,-0.9637,0.9698,-0.0437,-0.0750,-0.9962,-0.2303,0.2019,-0.1681,0.3493,0,0,Lateral Rollover (360°),Rollover Flips
6265.5,2026-10-03T11:23:15Z,0.0003,-0.0029,0.0424,0.4164,0.0425,-0.0361,-0.0704,-0.9547,0.9580,-0.0364,-0.0676,-0.9970,-0.5125,0.4637,-0.1384,0.7048,0,0,Lateral Rollover (360°),Rollover Flips
6285.6,2026-10-03T11:23:15Z,-0.0136,0.0044,-0.0121,0.1835,0.0187,-0.0391,-0.0518,-1.0102,1.0123,-0.0255,-0.0562,-0.9981,-0.5828,0.5909,-0.1121,0.8375,0,0,Lateral Rollover (360°),Rollover Flips
6305.7,2026-10-03T11:23:15Z,-0.0552,0.0027,-0.0502,0.7322,0.0747,-0.0703,-0.0442,-1.0490,1.0522,-0.0151,-0.0468,-0.9988,-0.3304,0.3924,-0.1867,0.5459,0,0,Lateral Rollover (360°),Rollover Flips
6326.0,2026-10-03T11:23:15Z,-0.0426,0.0020,-0.0227,0.4739,0.0483,-0.0503,-0.0398,-1.0218,1.0238,-0.0077,-0.0419,-0.9991,-0.1857,0.3675,-0.2802,0.4981,0,0,Lateral Rollover (360°),Rollover Flips
6346.1,2026-10-03T11:23:15Z,-0.0071,0.0054,0.0065,0.1083,0.0110,-0.0075,-0.0340,-0.9927,0.9933,-0.0004,-0.0394,-0.9992,-0.0905,0.3165,-0.2768,0.4301,0,0,Lateral Rollover (360°),Rollover Flips
6366.0,2026-10-03T11:23:15Z,0.0230,0.0044,0.0466,0.5120,0.0522,0.0301,-0.0323,-0.9527,0.9537,0.0070,-0.0367,-0.9993,-0.2076,0.4464,-0.1607,0.5179,0,0,Lateral Rollover (360°),Rollover Flips
6386.1,2026-10-03T11:23:15Z,0.0148,-0.0131,0.0485,0.5136,0.0524,0.0318,-0.0433,-0.9509,0.9524,0.0170,-0.0302,-0.9994,-0.4307,0.4860,-0.1016,0.6573,0,0,Lateral Rollover (360°),Rollover Flips
6406.9,2026-10-03T11:23:15Z,-0.0173,0.0082,-0.0151,0.2393,0.0244,0.0081,-0.0126,-1.0145,1.0146,0.0255,-0.0209,-0.9995,-0.4452,0.3444,-0.1140,0.5743,0,0,Lateral Rollover (360°),Rollover Flips
6426.2,2026-10-03T11:23:15Z,-0.0089,0.0133,-0.0337,0.3657,0.0373,0.0218,0.0001,-1.0331,1.0334,0.0307,-0.0132,-0.9994,-0.3083,0.1808,-0.1154,0.3755,0,0,Lateral Rollover (360°),Rollover Flips
6446.3,2026-10-03T11:23:15Z,-0.0078,0.0119,-0.0276,0.3045,0.0310,0.0258,0.0039,-1.0270,1.0273,0.0337,-0.0080,-0.9994,-0.1945,0.1025,-0.1437,0.2626,0,0,Lateral Rollover (360°),Rollover Flips
6466.7,2026-10-03T11:23:15Z,-0.0020,0.0168,-0.0173,0.2374,0.0242,0.0326,0.0117,-1.0167,1.0173,0.0347,-0.0051,-0.9994,-0.0999,0.0196,-0.1250,0.1612,0,0,Lateral Rollover (360°),Rollover Flips
6486.7,2026-10-03T11:23:15Z,0.0031,0.0160,0.0184,0.2409,0.0246,0.0380,0.0130,-0.9810,0.9818,0.0349,-0.0030,-0.9994,-0.1136,-0.0037,-0.0647,0.1308,0,0,Lateral Rollover (360°),Rollover Flips
6506.8,2026-10-03T11:23:15Z,0.0115,0.0087,0.0562,0.5692,0.0580,0.0457,0.0088,-0.9432,0.9444,0.0342,0.0000,-0.9994,-0.2064,-0.0968,0.0163,0.2285,0,0,Lateral Rollover (360°),Rollover Flips
6527.1,2026-10-03T11:23:15Z,-0.0002,-0.0082,0.0605,0.5983,0.0610,0.0297,-0.0025,-0.9391,0.9395,0.0299,0.0057,-0.9995,-0.3474,-0.3217,0.0010,0.4735,0,0,Lateral Rollover (360°),Rollover Flips
6547.0,2026-10-03T11:23:15Z,0.0163,0.0300,-0.0387,0.5061,0.0516,0.0387,0.0429,-1.0384,1.0400,0.0224,0.0129,-0.9997,-0.3327,-0.3938,0.0811,0.5219,0,0,Lateral Rollover (360°),Rollover Flips
6567.1,2026-10-03T11:23:15Z,0.0099,0.0340,-0.0844,0.8975,0.0915,0.0251,0.0520,-1.0841,1.0857,0.0153,0.0180,-0.9997,-0.1738,-0.3371,0.0960,0.3912,0,0,Lateral Rollover (360°),Rollover Flips
6587.3,2026-10-03T11:23:15Z,-0.0043,0.0184,-0.0526,0.5479,0.0559,0.0043,0.0386,-1.0523,1.0531,0.0085,0.0202,-0.9998,-0.0501,-0.3342,0.0508,0.3418,0,0,Lateral Rollover (360°),Rollover Flips
6607.3,2026-10-03T11:23:15Z,-0.0140,0.0088,-0.0253,0.2969,0.0303,-0.0128,0.0293,-1.0251,1.0256,0.0013,0.0205,-0.9998,0.0167,-0.4022,-0.0298,0.4036,0,0,Lateral Rollover (360°),Rollover Flips
6627.5,2026-10-03T11:23:15Z,-0.0073,0.0057,-0.0290,0.2987,0.0305,-0.0155,0.0253,-1.0288,1.0292,-0.0082,0.0195,-0.9998,0.0753,-0.5285,-0.1108,0.5452,0,0,Lateral Rollover (360°),Rollover Flips
6647.5,2026-10-03T11:23:15Z,0.0127,0.0098,-0.0088,0.1793,0.0183,-0.0046,0.0284,-1.0085,1.0089,-0.0173,0.0185,-0.9997,-0.0137,-0.2828,-0.1369,0.3145,0,0,Lateral Rollover (360°),Rollover Flips
6667.7,2026-10-03T11:23:15Z,0.0317,0.0087,0.0270,0.4170,0.0425,0.0134,0.0296,-0.9726,0.9732,-0.0183,0.0209,-0.9996,-0.2293,0.1395,-0.0827,0.2808,0,0,Lateral Rollover (360°),Rollover Flips
6687.8,2026-10-03T11:23:15Z,0.0182,0.0048,0.0083,0.2022,0.0206,0.0046,0.0315,-0.9912,0.9918,-0.0137,0.0267,-0.9995,-0.3234,0.2789,-0.0832,0.4351,0,0,Lateral Rollover (360°),Rollover Flips
6707.8,2026-10-03T11:23:15Z,0.0220,0.0019,0.0012,0.2172,0.0221,0.0125,0.0347,-0.9983,0.9989,-0.0095,0.0329,-0.9994,-0.2676,0.0928,-0.1250,0.3095,0,0,Lateral Rollover (360°),Rollover Flips
6727.8,2026-10-03T11:23:15Z,0.0350,0.0160,-0.0057,0.3816,0.0389,0.0236,0.0526,-1.0050,1.0066,-0.0114,0.0366,-0.9993,-0.1023,-0.2822,-0.1366,0.3298,0,0,Lateral Rollover (360°),Rollover Flips
6748.1,2026-10-03T11:23:15Z,0.0572,0.0198,-0.0114,0.6035,0.0615,0.0370,0.0572,-1.0105,1.0128,-0.0202,0.0374,-0.9991,0.0083,-0.5359,-0.0812,0.5420,0,0,Lateral Rollover (360°),Rollover Flips
6768.3,2026-10-03T11:23:15Z,0.0402,0.0252,-0.0290,0.5449,0.0556,0.0101,0.0618,-1.0278,1.0298,-0.0301,0.0367,-0.9989,0.0570,-0.4014,0.0057,0.4054,0,0,Lateral Rollover (360°),Rollover Flips
6788.4,2026-10-03T11:23:15Z,0.0284,0.0203,-0.0405,0.5249,0.0535,-0.0074,0.0557,-1.0393,1.0408,-0.0359,0.0354,-0.9987,0.0708,-0.1724,0.0576,0.1951,0,0,Lateral Rollover (360°),Rollover Flips
6808.4,2026-10-03T11:23:15Z,-0.0013,0.0196,-0.0390,0.4283,0.0437,-0.0383,0.0534,-1.0378,1.0398,-0.0370,0.0338,-0.9987,0.0901,0.0507,0.0577,0.1184,0,0,Lateral Rollover (360°),Rollover Flips
6828.5,2026-10-03T11:23:15Z,-0.0175,-0.0022,0.0025,0.1742,0.0178,-0.0524,0.0301,-0.9964,0.9982,-0.0349,0.0322,-0.9989,0.0617,0.1188,-0.0246,0.1361,0,0,Lateral Rollover (360°),Rollover Flips
6848.5,2026-10-03T11:23:15Z,0.0087,0.0013,0.0319,0.3245,0.0331,-0.0251,0.0325,-0.9670,0.9679,-0.0337,0.0312,-0.9989,0.0346,-0.0203,-0.0830,0.0922,0,0,Lateral Rollover (360°),Rollover Flips
6868.6,2026-10-03T11:23:15Z,0.0320,0.0079,0.0319,0.4496,0.0458,-0.0036,0.0389,-0.9670,0.9678,-0.0356,0.0310,-0.9989,-0.0139,-0.1384,-0.0602,0.1516,0,0,Lateral Rollover (360°),Rollover Flips
6888.9,2026-10-03T11:23:15Z,0.0218,0.0086,0.0152,0.2736,0.0279,-0.0171,0.0402,-0.9835,0.9845,-0.0389,0.0316,-0.9987,-0.0519,-0.1827,-0.0325,0.1926,0,0,Lateral Rollover (360°),Rollover Flips
6909.0,2026-10-03T11:23:15Z,0.0198,0.0117,-0.0118,0.2532,0.0258,-0.0231,0.0444,-1.0103,1.0116,-0.0429,0.0328,-0.9985,-0.0532,-0.2079,-0.0116,0.2149,0,0,Lateral Rollover (360°),Rollover Flips
6929.1,2026-10-03T11:23:15Z,0.0140,0.0106,-0.0029,0.1746,0.0178,-0.0334,0.0442,-1.0013,1.0028,-0.0474,0.0336,-0.9983,-0.0451,-0.2554,0.0026,0.2594,0,0,Lateral Rollover (360°),Rollover Flips
6949.1,2026-10-03T11:23:15Z,0.0077,-0.0001,0.0379,0.3788,0.0386,-0.0458,0.0350,-0.9601,0.9618,-0.0535,0.0351,-0.9979,-0.1178,-0.3488,-0.0131,0.3683,0,0,Lateral Rollover (360°),Rollover Flips
6969.2,2026-10-03T11:23:15Z,0.0012,-0.0177,0.0448,0.4723,0.0482,-0.0598,0.0210,-0.9526,0.9547,-0.0610,0.0387,-0.9974,-0.2467,-0.3911,0.0199,0.4628,0,0,Lateral Rollover (360°),Rollover Flips
6989.3,2026-10-03T11:23:15Z,-0.0555,-0.0538,0.0092,0.7632,0.0778,-0.1240,-0.0090,-0.9874,0.9952,-0.0684,0.0448,-0.9966,-0.3381,-0.3505,0.0723,0.4923,0,0,Lateral Rollover (360°),Rollover Flips
7009.5,2026-10-03T11:23:15Z,-0.1095,-0.0968,0.0599,1.5491,0.1580,-0.1847,-0.0436,-0.9359,0.9549,-0.0752,0.0532,-0.9958,-0.5111,-0.3114,0.0897,0.6052,0,0,Lateral Rollover (360°),Rollover Flips
7029.5,2026-10-03T11:23:15Z,-0.1907,-0.1169,0.0891,2.3615,0.2408,-0.2734,-0.0512,-0.9053,0.9471,-0.0827,0.0657,-0.9944,-0.7016,-0.6058,-0.0798,0.9304,0,0,Lateral Rollover (360°),Rollover Flips
7049.7,2026-10-03T11:23:16Z,-0.2647,-0.0748,-0.0368,2.7214,0.2775,-0.3744,0.0014,-1.0278,1.0939,-0.1097,0.0762,-0.9910,-0.2228,-2.4835,-0.5883,2.5619,0,0,Lateral Rollover (360°),Rollover Flips
7069.7,2026-10-03T11:23:16Z,-0.1315,0.0531,-0.3329,3.5480,0.3618,-0.3429,0.1129,-1.3084,1.3573,-0.2115,0.0599,-0.9755,1.8647,-8.3615,-1.4570,8.6899,0,1,Lateral Rollover (360°),Rollover Flips
7089.8,2026-10-03T11:23:16Z,0.0931,0.1951,-0.9941,9.9769,1.0174,-0.3670,0.1685,-1.8816,1.9244,-0.4601,-0.0266,-0.8875,6.3710,-18.1216,-2.5231,19.3739,0,1,Lateral Rollover (360°),Rollover Flips
7109.8,2026-10-03T11:23:16Z,0.2261,0.2460,-1.0235,10.5585,1.0767,-0.5644,0.0390,-1.5999,1.6970,-0.7905,-0.2070,-0.5764,11.9285,-26.4140,-4.1190,29.2738,0,1,Lateral Rollover (360°),Rollover Flips
7129.9,2026-10-03T11:23:16Z,0.6729,0.0553,0.5482,8.5282,0.8696,-0.2602,-0.3044,0.5486,0.6792,-0.9331,-0.3596,0.0005,11.6717,-28.2605,-3.9051,30.8242,0,1,Lateral Rollover (360°),Rollover Flips
7150.0,2026-10-03T11:23:16Z,-0.2265,-0.2428,0.9178,9.5712,0.9760,-0.9912,-0.6138,1.4447,1.8564,-0.7646,-0.3711,0.5269,6.0589,-23.3563,-2.5581,24.2646,0,1,Lateral Rollover (360°),Rollover Flips
7170.3,2026-10-03T11:23:16Z,-0.9637,-0.2627,-0.9041,13.2122,1.3473,-1.4610,-0.6055,-0.1072,1.5851,-0.4974,-0.3428,0.7970,2.5385,-13.6317,-1.6758,13.9669,0,1,Lateral Rollover (360°),Rollover Flips
7190.5,2026-10-03T11:23:16Z,-0.1509,0.0364,-2.2695,22.3084,2.2748,-0.4914,-0.2784,-1.3835,1.4944,-0.3405,-0.3148,0.8860,2.8026,-4.4951,-1.3387,5.4637,0,1,Lateral Rollover (360°),Rollover Flips
7210.4,2026-10-03T11:23:16Z,0.7006,0.6814,-1.5472,17.9462,1.8300,0.4189,0.4332,-0.6203,0.8648,-0.2817,-0.2482,0.9268,4.8208,-2.8870,0.2090,5.6231,0,1,Lateral Rollover (360°),Rollover Flips
7230.4,2026-10-03T11:23:16Z,-0.0229,0.3187,-0.3378,4.5601,0.4650,-0.2292,0.1747,0.6300,0.6928,-0.2063,-0.1441,0.9678,5.4684,-4.9935,0.0747,7.4057,0,1,Lateral Rollover (360°),Rollover Flips
7250.6,2026-10-03T11:23:16Z,-0.2689,-0.2267,0.7842,8.4283,0.8595,-0.3575,-0.2887,1.7783,1.8367,-0.0886,-0.0620,0.9941,2.9434,-6.0809,-1.3421,6.8879,0,1,Lateral Rollover (360°),Rollover Flips
7270.9,2026-10-03T11:23:16Z,0.0513,0.1906,0.2171,2.8781,0.2935,0.0595,0.1721,1.2169,1.2305,0.0082,-0.0185,0.9998,1.9386,-3.1951,-1.6593,4.0891,0,1,Lateral Rollover (360°),Rollover Flips
7290.8,2026-10-03T11:23:16Z,0.1559,0.5044,-0.0447,5.1959,0.5298,0.1958,0.5321,0.9541,1.1098,0.0398,0.0277,0.9988,2.5949,-0.2304,-0.9963,2.7891,0,1,Lateral Rollover (360°),Rollover Flips
7310.9,2026-10-03T11:23:16Z,0.1775,0.2035,0.6378,6.7924,0.6926,0.2066,0.2833,1.6342,1.6714,0.0291,0.0798,0.9964,2.2456,0.7329,-0.5227,2.4193,0,1,Lateral Rollover (360°),Rollover Flips
7331.3,2026-10-03T11:23:16Z,0.2287,-0.0099,1.0842,10.8673,1.1082,0.2622,0.0991,2.0777,2.0966,0.0335,0.1089,0.9935,0.6682,-1.4526,-0.1407,1.6051,0,1,Lateral Rollover (360°),Rollover Flips
7351.1,2026-10-03T11:23:16Z,-0.1253,-0.1744,0.5094,5.4213,0.5528,-0.0468,-0.0586,1.4996,1.5015,0.0784,0.1158,0.9902,0.0860,-2.8589,-0.4594,2.8969,0,1,Lateral Rollover (360°),Rollover Flips
7371.1,2026-10-03T11:23:16Z,-0.0394,-0.0951,0.0001,1.0095,0.1029,0.0861,0.0203,0.9854,0.9894,0.1255,0.1154,0.9854,-0.2498,-1.4772,-0.4808,1.5735,0,1,Lateral Rollover (360°),Rollover Flips
7391.5,2026-10-03T11:23:16Z,0.1833,-0.0658,-0.1922,2.6836,0.2736,0.3031,0.0396,0.7949,0.8517,0.1198,0.1055,0.9872,-0.8778,2.2496,0.1720,2.4209,0,1,Lateral Rollover (360°),Rollover Flips
7411.6,2026-10-03T11:23:16Z,0.0506,-0.2124,-0.1322,2.5031,0.2552,0.0821,-0.1363,0.8644,0.8789,0.0315,0.0761,0.9966,-2.0597,6.7628,0.5827,7.0935,0,1,Lateral Rollover (360°),Rollover Flips
7431.6,2026-10-03T11:23:16Z,0.0964,-0.0713,0.1279,1.7196,0.1754,-0.0467,-0.0502,1.1174,1.1195,-0.1431,0.0211,0.9895,-3.5447,10.5035,0.9503,11.1262,0,1,Lateral Rollover (360°),Rollover Flips
7451.8,2026-10-03T11:23:16Z,-0.2770,-0.1061,0.1895,3.4519,0.3520,-0.6532,-0.1611,1.1144,1.3018,-0.3761,-0.0551,0.9249,-4.9001,13.4844,1.0069,14.3824,0,1,Lateral Rollover (360°),Rollover Flips
7472.2,2026-10-03T11:23:16Z,-0.3543,-0.0068,0.3948,5.2023,0.5305,-0.9936,-0.1479,1.1507,1.5275,-0.6393,-0.1410,0.7559,-6.3235,17.5252,1.0728,18.6621,0,1,Lateral Rollover (360°),Rollover Flips
7491.9,2026-10-03T11:23:16Z,0.4534,0.3437,0.7451,9.1935,0.9375,-0.4354,0.1437,1.1573,1.2448,-0.8889,-0.2000,0.4122,-8.7231,23.3016,2.7935,25.0372,0,1,Lateral Rollover (360°),Rollover Flips
7512.0,2026-10-03T11:23:16Z,0.4620,0.2342,0.3807,6.3039,0.6428,-0.5177,0.0653,0.2723,0.5886,-0.9797,-0.1689,-0.1083,-10.1077,25.7608,3.1191,27.8480,0,1,Lateral Rollover (360°),Rollover Flips
7531.9,2026-10-03T11:23:16Z,-0.1544,0.0586,-0.7309,7.3482,0.7493,-0.9743,-0.0038,-1.3000,1.6245,-0.8199,-0.0624,-0.5691,-7.4604,21.0538,1.3032,22.3745,0,1,Lateral Rollover (360°),Rollover Flips
7552.4,2026-10-03T11:23:16Z,-0.7182,0.0660,-1.0069,12.1456,1.2385,-1.2782,0.0756,-1.8353,2.2378,-0.5600,0.0096,-0.8284,-2.2086,15.8767,-0.9570,16.0581,0,1,Lateral Rollover (360°),Rollover Flips
7572.6,2026-10-03T11:23:16Z,0.0491,0.4964,0.7860,9.1288,0.9309,-0.2720,0.5048,-0.1611,0.5956,-0.3211,0.0084,-0.9470,0.2562,10.1087,-1.3362,10.1998,0,1,Lateral Rollover (360°),Rollover Flips
7592.5,2026-10-03T11:23:16Z,1.0221,0.1880,1.3410,16.6374,1.6965,0.8192,0.1923,0.3618,0.9160,-0.2029,0.0043,-0.9792,-0.4400,2.2965,-0.4647,2.3840,0,0,Lateral Rollover (360°),Rollover Flips
7612.4,2026-10-03T11:23:16Z,0.5386,0.1324,0.0309,5.4478,0.5555,0.3318,0.1424,-0.9474,1.0139,-0.2068,0.0099,-0.9783,0.2342,-1.8957,0.3481,1.9416,0,0,Lateral Rollover (360°),Rollover Flips
7632.5,2026-10-03T11:23:16Z,-0.0163,0.0389,-0.5166,5.0828,0.5183,-0.2588,0.0317,-1.4867,1.5094,-0.2425,-0.0073,-0.9701,1.5076,-1.1514,0.3117,1.9224,0,0,Lateral Rollover (360°),Rollover Flips
7652.9,2026-10-03T11:23:16Z,-0.2128,-0.0373,0.0008,2.1190,0.2161,-0.4538,-0.0718,-0.9691,1.0725,-0.2410,-0.0345,-0.9699,1.1422,1.2217,0.0289,1.6728,0,0,Lateral Rollover (360°),Rollover Flips
7672.9,2026-10-03T11:23:16Z,-0.2659,-0.1570,0.2669,4.0029,0.4082,-0.4669,-0.2034,-0.7116,0.8750,-0.2009,-0.0463,-0.9785,0.0040,2.6644,-0.3033,2.6816,0,0,Lateral Rollover (360°),Rollover Flips
7693.1,2026-10-03T11:23:16Z,0.0783,-0.0617,0.2378,2.5291,0.2579,-0.0723,-0.1013,-0.7500,0.7602,-0.1507,-0.0396,-0.9878,-0.6413,2.0314,-0.1249,2.1339,0,0,Lateral Rollover (360°),Rollover Flips
7712.9,2026-10-03T11:23:16Z,0.0930,-0.0180,-0.0335,0.9855,0.1005,-0.0335,-0.0454,-1.0251,1.0267,-0.1265,-0.0274,-0.9916,-0.4233,0.4437,0.2247,0.6531,0,0,Lateral Rollover (360°),Rollover Flips
7733.1,2026-10-03T11:23:16Z,-0.1368,-0.0350,-0.2921,3.1814,0.3244,-0.2651,-0.0619,-1.2834,1.3120,-0.1283,-0.0269,-0.9914,0.4509,-0.4770,0.1068,0.6650,0,0,Lateral Rollover (360°),Rollover Flips
7753.4,2026-10-03T11:23:16Z,-0.1662,-0.0213,-0.2182,2.6980,0.2751,-0.3057,-0.0642,-1.2075,1.2472,-0.1394,-0.0429,-0.9893,1.0613,-0.5270,-0.1162,1.1906,0,0,Lateral Rollover (360°),Rollover Flips
7773.5,2026-10-03T11:23:16Z,-0.1595,-0.0511,0.0250,1.6608,0.1694,-0.3037,-0.1148,-0.9625,1.0157,-0.1442,-0.0636,-0.9875,0.8313,0.1017,-0.2592,0.8767,0,0,Lateral Rollover (360°),Rollover Flips
7793.6,2026-10-03T11:23:16Z,-0.0370,-0.0384,0.1739,1.7838,0.1819,-0.1711,-0.1126,-0.8143,0.8397,-0.1340,-0.0742,-0.9882,0.1783,0.8393,-0.1446,0.8702,0,0,Lateral Rollover (360°),Rollover Flips
7813.6,2026-10-03T11:23:16Z,0.0606,-0.0166,0.1712,1.7880,0.1823,-0.0570,-0.0899,-0.8192,0.8261,-0.1176,-0.0732,-0.9904,-0.2075,0.6491,0.1072,0.6898,0,0,Lateral Rollover (360°),Rollover Flips
7833.5,2026-10-03T11:23:16Z,-0.0204,-0.0181,0.0104,0.2866,0.0292,-0.1326,-0.0879,-0.9809,0.9937,-0.1122,-0.0698,-0.9912,-0.0427,-0.0886,0.1200,0.1552,0,0,Lateral Rollover (360°),Rollover Flips
7853.8,2026-10-03T11:23:16Z,-0.0717,-0.0063,-0.0804,1.0583,0.1079,-0.1905,-0.0788,-1.0706,1.0903,-0.1188,-0.0725,-0.9903,0.3186,-0.4781,0.0047,0.5745,0,0,Lateral Rollover (360°),Rollover Flips
7873.7,2026-10-03T11:23:16Z,-0.0887,-0.0158,-0.0274,0.9232,0.0941,-0.2155,-0.0962,-1.0160,1.0431,-0.1268,-0.0804,-0.9887,0.4100,-0.2604,-0.1105,0.4981,0,0,Lateral Rollover (360°),Rollover Flips
7893.9,2026-10-03T11:23:16Z,-0.0710,-0.0199,0.0272,0.7707,0.0786,-0.1981,-0.1071,-0.9608,0.9869,-0.1271,-0.0872,-0.9880,0.2119,0.2243,-0.1878,0.3612,0,0,Lateral Rollover (360°),Rollover Flips
7914.1,2026-10-03T11:23:16Z,0.0101,-0.0156,0.0767,0.7738,0.0789,-0.1085,-0.1048,-0.9122,0.9246,-0.1187,-0.0892,-0.9889,-0.0614,0.5336,-0.1413,0.5554,0,0,Lateral Rollover (360°),Rollover Flips
7934.1,2026-10-03T11:23:16Z,0.0388,0.0006,0.0515,0.6327,0.0645,-0.0692,-0.0859,-0.9389,0.9453,-0.1080,-0.0866,-0.9904,-0.1816,0.4552,-0.0215,0.4905,0,0,Lateral Rollover (360°),Rollover Flips
7954.3,2026-10-03T11:23:16Z,0.0072,0.0088,-0.0544,0.5452,0.0556,-0.0948,-0.0751,-1.0457,1.0526,-0.1020,-0.0839,-0.9912,-0.0347,0.1895,0.0067,0.1928,0,0,Lateral Rollover (360°),Rollover Flips
7974.4,2026-10-03T11:23:16Z,-0.0141,0.0166,-0.0741,0.7581,0.0773,-0.1137,-0.0694,-1.0655,1.0738,-0.0995,-0.0860,-0.9913,0.2359,0.0685,-0.0040,0.2457,0,0,Lateral Rollover (360°),Rollover Flips
7994.6,2026-10-03T11:23:16Z,-0.0156,0.0088,0.0061,0.1852,0.0189,-0.1136,-0.0829,-0.9849,0.9949,-0.0980,-0.0917,-0.9909,0.2986,0.0914,-0.0180,0.3128,0,0,Lateral Rollover (360°),Rollover Flips
8014.5,2026-10-03T11:23:16Z,-0.0060,-0.0139,0.0696,0.6982,0.0712,-0.1017,-0.1102,-0.9212,0.9333,-0.0957,-0.0963,-0.9907,0.1331,0.1246,-0.0584,0.1915,0,0,Lateral Rollover (360°),Rollover Flips
8034.8,2026-10-03T11:23:16Z,0.0483,0.0014,0.0517,0.6941,0.0708,-0.0447,-0.0966,-0.9391,0.9451,-0.0930,-0.0980,-0.9908,0.0481,0.0992,-0.0287,0.1140,0,0,Lateral Rollover (360°),Rollover Flips
8054.8,2026-10-03T11:23:17Z,0.0992,0.0247,0.0523,1.1257,0.1148,0.0055,-0.0739,-0.9384,0.9414,-0.0937,-0.0986,-0.9907,0.0469,-0.1701,0.1109,0.2084,0,0,Lateral Rollover (360°),Rollover Flips
8075.0,2026-10-03T11:23:17Z,0.0471,0.0253,0.0397,0.6533,0.0666,-0.0526,-0.0742,-0.9503,0.9547,-0.0997,-0.0995,-0.9900,0.0641,-0.3777,0.2046,0.4343,0,0,Lateral Rollover (360°),Rollover Flips
8095.2,2026-10-03T11:23:17Z,-0.0657,-0.0029,-0.0144,0.6607,0.0674,-0.1725,-0.1032,-1.0036,1.0236,-0.1068,-0.1004,-0.9892,0.0481,-0.2330,0.1072,0.2609,0,0,Lateral Rollover (360°),Rollover Flips
8114.9,2026-10-03T11:23:17Z,-0.0692,-0.0064,-0.0126,0.6927,0.0706,-0.1772,-0.1068,-1.0016,1.0228,-0.1080,-0.1005,-0.9891,-0.0415,0.1210,-0.0174,0.1291,0,0,Lateral Rollover (360°),Rollover Flips
8135.2,2026-10-03T11:23:17Z,-0.0234,-0.0021,0.0179,0.2893,0.0295,-0.1261,-0.1004,-0.9720,0.9852,-0.1027,-0.0983,-0.9898,-0.1822,0.3666,-0.0534,0.4128,0,0,Lateral Rollover (360°),Rollover Flips
8155.6,2026-10-03T11:23:17Z,-0.0101,-0.0003,0.0215,0.2329,0.0238,-0.1046,-0.0944,-0.9696,0.9797,-0.0945,-0.0941,-0.9911,-0.2312,0.4013,-0.0606,0.4670,0,0,Lateral Rollover (360°),Rollover Flips
8175.5,2026-10-03T11:23:17Z,-0.0074,0.0011,0.0110,0.1303,0.0133,-0.0958,-0.0890,-0.9810,0.9897,-0.0884,-0.0901,-0.9920,-0.1661,0.1905,-0.0913,0.2687,0,0,Lateral Rollover (360°),Rollover Flips
8195.6,2026-10-03T11:23:17Z,0.0154,0.0004,0.0029,0.1541,0.0157,-0.0710,-0.0877,-0.9895,0.9959,-0.0865,-0.0881,-0.9924,-0.0566,-0.0177,-0.0999,0.1162,0,0,Lateral Rollover (360°),Rollover Flips
8215.6,2026-10-03T11:23:17Z,0.0125,0.0003,0.0068,0.1399,0.0143,-0.0744,-0.0871,-0.9856,0.9922,-0.0870,-0.0874,-0.9924,-0.0514,-0.0006,-0.0932,0.1064,0,0,Lateral Rollover (360°),Rollover Flips
8235.8,2026-10-03T11:23:17Z,-0.0023,-0.0080,0.0176,0.1909,0.0195,-0.0879,-0.0936,-0.9751,0.9835,-0.0856,-0.0856,-0.9926,-0.1490,0.1306,-0.1037,0.2236,0,0,Lateral Rollover (360°),Rollover Flips
8255.9,2026-10-03T11:23:17Z,0.0126,0.0047,0.0060,0.1440,0.0147,-0.0689,-0.0773,-0.9873,0.9927,-0.0814,-0.0819,-0.9933,-0.2302,0.2574,-0.1029,0.3603,0,0,Lateral Rollover (360°),Rollover Flips
8276.0,2026-10-03T11:23:17Z,0.0297,0.0110,-0.0193,0.3639,0.0371,-0.0457,-0.0663,-1.0135,1.0167,-0.0754,-0.0773,-0.9942,-0.2338,0.3335,-0.0391,0.4092,0,0,Lateral Rollover (360°),Rollover Flips
8296.0,2026-10-03T11:23:17Z,0.0409,-0.0130,0.0084,0.4286,0.0437,-0.0275,-0.0857,-0.9866,0.9907,-0.0684,-0.0727,-0.9950,-0.2427,0.3696,0.0216,0.4427,0,0,Lateral Rollover (360°),Rollover Flips
8316.1,2026-10-03T11:23:17Z,-0.0029,-0.0291,0.0042,0.2895,0.0295,-0.0634,-0.0965,-0.9917,0.9984,-0.0605,-0.0674,-0.9959,-0.2948,0.4148,-0.0163,0.5091,0,0,Lateral Rollover (360°),Rollover Flips
8336.3,2026-10-03T11:23:17Z,0.0027,-0.0186,-0.0026,0.1860,0.0190,-0.0489,-0.0793,-0.9994,1.0038,-0.0516,-0.0607,-0.9968,-0.3819,0.4704,-0.0437,0.6075,0,0,Lateral Rollover (360°),Rollover Flips
8356.3,2026-10-03T11:23:17Z,0.0257,-0.0073,-0.0226,0.3433,0.0350,-0.0160,-0.0598,-1.0203,1.0222,-0.0417,-0.0526,-0.9977,-0.4177,0.5012,0.0366,0.6535,0,0,Lateral Rollover (360°),Rollover Flips
8376.3,2026-10-03T11:23:17Z,0.0111,-0.0102,-0.0047,0.1547,0.0158,-0.0209,-0.0542,-1.0032,1.0049,-0.0320,-0.0440,-0.9985,-0.4437,0.4609,0.1008,0.6476,0,0,Lateral Rollover (360°),Rollover Flips
8396.6,2026-10-03T11:23:17Z,0.0081,-0.0321,0.0019,0.3252,0.0332,-0.0163,-0.0661,-0.9972,0.9995,-0.0245,-0.0340,-0.9991,-0.5347,0.3058,0.1537,0.6349,0,0,Lateral Rollover (360°),Rollover Flips
8416.7,2026-10-03T11:23:17Z,-0.0022,-0.0186,-0.0427,0.4567,0.0466,-0.0210,-0.0418,-1.0422,1.0433,-0.0188,-0.0232,-0.9996,-0.5113,0.2852,0.1663,0.6087,0,0,Lateral Rollover (360°),Rollover Flips
8437.0,2026-10-03T11:23:17Z,-0.0297,-0.0087,-0.0731,0.7784,0.0794,-0.0428,-0.0226,-1.0729,1.0740,-0.0131,-0.0139,-0.9998,-0.4098,0.2916,0.1105,0.5150,0,0,Lateral Rollover (360°),Rollover Flips
8457.0,2026-10-03T11:23:17Z,-0.0294,-0.0001,-0.0894,0.9229,0.0941,-0.0364,-0.0070,-1.0894,1.0900,-0.0071,-0.0069,-1.0000,-0.2811,0.2914,0.0097,0.4050,0,0,Lateral Rollover (360°),Rollover Flips
8477.2,2026-10-03T11:23:17Z,0.0037,0.0117,-0.0948,0.9372,0.0956,0.0014,0.0087,-1.0948,1.0948,-0.0023,-0.0030,-1.0000,-0.0922,0.1860,-0.0287,0.2096,0,0,Lateral Rollover (360°),Rollover Flips
8497.1,2026-10-03T11:23:17Z,0.0245,0.0165,-0.0640,0.6907,0.0704,0.0244,0.0135,-1.0639,1.0643,-0.0000,-0.0029,-1.0000,0.0732,0.0159,-0.0092,0.0755,0,0,Lateral Rollover (360°),Rollover Flips
8517.1,2026-10-03T11:23:17Z,0.0121,0.0047,-0.0423,0.4337,0.0442,0.0106,-0.0007,-1.0423,1.0423,-0.0015,-0.0054,-1.0000,0.1549,-0.1334,0.0147,0.2049,0,0,Lateral Rollover (360°),Rollover Flips
8537.6,2026-10-03T11:23:17Z,-0.0116,0.0012,-0.0442,0.4488,0.0458,-0.0153,-0.0074,-1.0442,1.0443,-0.0037,-0.0087,-1.0000,0.1682,-0.0751,-0.0062,0.1843,0,0,Lateral Rollover (360°),Rollover Flips
8557.4,2026-10-03T11:23:17Z,-0.0205,0.0112,-0.0560,0.5953,0.0607,-0.0248,-0.0011,-1.0560,1.0562,-0.0044,-0.0123,-0.9999,0.1968,0.0067,-0.0495,0.2030,0,0,Lateral Rollover (360°),Rollover Flips
8577.8,2026-10-03T11:23:17Z,-0.0174,0.0200,-0.0460,0.5210,0.0531,-0.0210,0.0036,-1.0459,1.0461,-0.0036,-0.0164,-0.9999,0.2082,0.0616,-0.0725,0.2289,0,0,Lateral Rollover (360°),Rollover Flips
8597.8,2026-10-03T11:23:17Z,-0.0042,0.0248,-0.0335,0.4108,0.0419,-0.0060,0.0038,-1.0333,1.0333,-0.0017,-0.0210,-0.9998,0.2603,0.1004,-0.0681,0.2872,0,0,Lateral Rollover (360°),Rollover Flips
8617.6,2026-10-03T11:23:17Z,0.0246,0.0156,0.0147,0.3202,0.0327,0.0243,-0.0112,-0.9849,0.9853,-0.0004,-0.0268,-0.9996,0.2968,0.0355,-0.0373,0.3013,0,0,Lateral Rollover (360°),Rollover Flips
8637.9,2026-10-03T11:23:17Z,0.0262,0.0001,0.0492,0.5462,0.0557,0.0254,-0.0321,-0.9503,0.9512,-0.0007,-0.0322,-0.9995,0.2329,-0.0866,-0.0371,0.2512,0,0,Lateral Rollover (360°),Rollover Flips
8658.1,2026-10-03T11:23:17Z,0.0237,0.0016,0.0292,0.3691,0.0376,0.0201,-0.0350,-0.9701,0.9709,-0.0036,-0.0366,-0.9993,0.2248,-0.2011,-0.0679,0.3091,0,0,Lateral Rollover (360°),Rollover Flips
8678.0,2026-10-03T11:23:17Z,0.0311,0.0064,0.0020,0.3121,0.0318,0.0229,-0.0350,-0.9971,0.9980,-0.0082,-0.0414,-0.9991,0.2534,-0.2502,-0.0808,0.3652,0,0,Lateral Rollover (360°),Rollover Flips
8698.2,2026-10-03T11:23:17Z,0.0269,0.0144,-0.0167,0.3411,0.0348,0.0137,-0.0323,-1.0155,1.0161,-0.0132,-0.0466,-0.9988,0.2556,-0.2292,-0.0886,0.3546,0,0,Lateral Rollover (360°),Rollover Flips
8718.3,2026-10-03T11:23:17Z,0.0246,0.0303,-0.0189,0.4250,0.0433,0.0086,-0.0212,-1.0174,1.0177,-0.0160,-0.0515,-0.9985,0.2175,-0.0359,-0.0500,0.2260,0,0,Lateral Rollover (360°),Rollover Flips
8738.2,2026-10-03T11:23:17Z,0.0178,0.0226,0.0041,0.2846,0.0290,0.0029,-0.0324,-0.9943,0.9949,-0.0149,-0.0550,-0.9984,0.1271,0.1146,-0.0100,0.1714,0,0,Lateral Rollover (360°),Rollover Flips
8758.5,2026-10-03T11:23:17Z,-0.0029,0.0196,0.0098,0.2168,0.0221,-0.0153,-0.0372,-0.9885,0.9893,-0.0124,-0.0568,-0.9983,0.0687,0.1087,-0.0522,0.1388,0,0,Lateral Rollover (360°),Rollover Flips
8778.5,2026-10-03T11:23:17Z,0.0214,0.0152,0.0152,0.2977,0.0304,0.0107,-0.0429,-0.9830,0.9840,-0.0107,-0.0582,-0.9983,0.0595,0.0596,-0.0938,0.1261,0,0,Lateral Rollover (360°),Rollover Flips
8798.7,2026-10-03T11:23:17Z,0.0230,0.0229,0.0645,0.7080,0.0722,0.0125,-0.0355,-0.9337,0.9345,-0.0105,-0.0584,-0.9982,-0.0459,-0.0671,-0.1066,0.1340,0,0,Lateral Rollover (360°),Rollover Flips
8818.8,2026-10-03T11:23:17Z,0.0100,0.0245,0.0405,0.4746,0.0484,-0.0030,-0.0322,-0.9578,0.9584,-0.0130,-0.0567,-0.9983,-0.1042,-0.1815,-0.1086,0.2358,0,0,Lateral Rollover (360°),Rollover Flips
8839.0,2026-10-03T11:23:17Z,0.0107,0.0240,0.0027,0.2590,0.0264,-0.0050,-0.0310,-0.9956,0.9961,-0.0157,-0.0549,-0.9984,-0.0692,-0.0734,-0.0390,0.1082,0,0,Lateral Rollover (360°),Rollover Flips
8859.1,2026-10-03T11:23:17Z,0.0155,0.0181,0.0069,0.2434,0.0248,-0.0009,-0.0353,-0.9915,0.9922,-0.0164,-0.0534,-0.9984,-0.0905,0.0002,0.0917,0.1289,0,0,Lateral Rollover (360°),Rollover Flips
8879.2,2026-10-03T11:23:17Z,0.0042,0.0177,0.0206,0.2694,0.0275,-0.0120,-0.0336,-0.9779,0.9786,-0.0161,-0.0512,-0.9986,-0.1021,-0.1142,0.1359,0.2048,0,0,Lateral Rollover (360°),Rollover Flips
8899.3,2026-10-03T11:23:17Z,-0.0065,-0.0444,-0.0231,0.4946,0.0504,-0.0260,-0.0945,-1.0217,1.0263,-0.0195,-0.0501,-0.9986,-0.0311,-0.1154,0.0783,0.1429,0,0,Lateral Rollover (360°),Rollover Flips
8919.4,2026-10-03T11:23:17Z,-0.0195,-0.0038,-0.0266,0.3259,0.0332,-0.0398,-0.0524,-1.0252,1.0273,-0.0202,-0.0486,-0.9986,-0.1031,0.0396,-0.0312,0.1148,0,0,Lateral Rollover (360°),Rollover Flips
8939.5,2026-10-03T11:23:17Z,-0.0232,-0.0051,0.0026,0.2339,0.0239,-0.0425,-0.0521,-0.9961,0.9984,-0.0194,-0.0470,-0.9987,-0.0591,0.0149,-0.0253,0.0660,0,0,Lateral Rollover (360°),Rollover Flips
8959.6,2026-10-03T11:23:17Z,-0.0015,0.0086,-0.0037,0.0926,0.0094,-0.0204,-0.0372,-1.0024,1.0033,-0.0190,-0.0458,-0.9988,-0.0739,0.0725,0.0499,0.1149,0,0,Lateral Rollover (360°),Rollover Flips
8979.6,2026-10-03T11:23:17Z,-0.0046,-0.0023,0.0303,0.3010,0.0307,-0.0196,-0.0454,-0.9687,0.9700,-0.0149,-0.0431,-0.9990,-0.2128,0.3353,0.1984,0.4440,0,0,Lateral Rollover (360°),Rollover Flips
8999.7,2026-10-03T11:23:17Z,-0.0302,-0.0289,0.0553,0.6803,0.0694,-0.0363,-0.0653,-0.9440,0.9470,-0.0061,-0.0363,-0.9993,-0.4557,0.5568,0.3549,0.8023,0,0,Lateral Rollover (360°),Rollover Flips
9019.8,2026-10-03T11:23:17Z,-0.0310,-0.0404,0.0385,0.6263,0.0639,-0.0260,-0.0654,-0.9612,0.9637,0.0050,-0.0250,-0.9997,-0.6513,0.5100,0.2607,0.8673,0,0,Lateral Rollover (360°),Rollover Flips
9040.0,2026-10-03T11:23:17Z,0.0110,-0.0080,0.0055,0.1439,0.0147,0.0231,-0.0201,-0.9943,0.9948,0.0121,-0.0120,-0.9999,-0.5952,0.1478,0.1711,0.6367,0,0,Lateral Rollover (360°),Rollover Flips
9060.1,2026-10-03T11:23:18Z,-0.0871,0.0789,-0.0082,1.1553,0.1178,-0.0764,0.0764,-1.0081,1.0139,0.0107,-0.0025,-0.9999,-0.3329,-0.1693,-0.1466,0.4012,0,0,Lateral Rollover (360°),Rollover Flips
9080.2,2026-10-03T11:23:18Z,0.1173,-0.0383,-0.0273,1.2396,0.1264,0.1242,-0.0377,-1.0273,1.0355,0.0068,0.0006,-1.0000,-0.0480,-0.4280,-0.2314,0.4889,0,0,Lateral Rollover (360°),Rollover Flips
9100.3,2026-10-03T11:23:18Z,0.0742,0.0463,-0.0160,0.8720,0.0889,0.0670,0.0481,-1.0160,1.0193,-0.0072,0.0018,-1.0000,-0.0448,-0.8056,-0.0307,0.8074,0,0,Lateral Rollover (360°),Rollover Flips
9120.3,2026-10-03T11:23:18Z,-0.0017,0.0352,-0.0517,0.6135,0.0626,-0.0235,0.0375,-1.0515,1.0524,-0.0218,0.0023,-0.9998,-0.0381,-0.6639,-0.0500,0.6668,0,0,Lateral Rollover (360°),Rollover Flips
9140.6,2026-10-03T11:23:18Z,-0.0192,0.0335,-0.0778,0.8513,0.0868,-0.0520,0.0368,-1.0772,1.0791,-0.0328,0.0034,-0.9995,-0.0438,-0.3575,-0.1271,0.3819,0,0,Lateral Rollover (360°),Rollover Flips
9160.7,2026-10-03T11:23:18Z,0.0386,0.0449,-0.0327,0.6631,0.0676,0.0017,0.0489,-1.0320,1.0331,-0.0369,0.0040,-0.9993,-0.0516,-0.1733,-0.0309,0.1834,0,0,Lateral Rollover (360°),Rollover Flips
9180.8,2026-10-03T11:23:18Z,0.0228,0.0517,-0.0353,0.6532,0.0666,-0.0177,0.0567,-1.0344,1.0361,-0.0405,0.0050,-0.9992,-0.0264,-0.1806,0.0251,0.1843,0,0,Lateral Rollover (360°),Rollover Flips
9200.9,2026-10-03T11:23:18Z,0.0111,0.0421,-0.0370,0.5602,0.0571,-0.0333,0.0471,-1.0360,1.0376,-0.0444,0.0050,-0.9990,0.0322,-0.2180,0.0650,0.2297,0,0,Lateral Rollover (360°),Rollover Flips
9220.8,2026-10-03T11:23:18Z,-0.0010,0.0256,-0.0156,0.2937,0.0300,-0.0505,0.0287,-1.0144,1.0160,-0.0495,0.0032,-0.9988,0.1641,-0.2913,0.0399,0.3368,0,0,Lateral Rollover (360°),Rollover Flips
9241.1,2026-10-03T11:23:18Z,-0.0203,0.0015,0.0169,0.2599,0.0265,-0.0769,0.0001,-0.9815,0.9845,-0.0565,-0.0015,-0.9984,0.2897,-0.4000,-0.0476,0.4962,0,0,Lateral Rollover (360°),Rollover Flips
9261.1,2026-10-03T11:23:18Z,-0.0130,-0.0172,0.0559,0.5873,0.0599,-0.0775,-0.0246,-0.9420,0.9455,-0.0644,-0.0075,-0.9979,0.2639,-0.3836,-0.1502,0.4892,0,0,Lateral Rollover (360°),Rollover Flips
9281.2,2026-10-03T11:23:18Z,0.0126,-0.0101,0.0580,0.5901,0.0602,-0.0590,-0.0216,-0.9394,0.9415,-0.0716,-0.0115,-0.9974,0.1142,-0.3112,-0.1962,0.3852,0,0,Lateral Rollover (360°),Rollover Flips
9306.1,2026-10-03T11:23:18Z,0.0286,-0.0026,0.0101,0.2989,0.0305,-0.0476,-0.0156,-0.9869,0.9881,-0.0762,-0.0130,-0.9970,0.0290,-0.1555,-0.2056,0.2595,0,0,Lateral Rollover (360°),Rollover Flips
9321.3,2026-10-03T11:23:18Z,0.0471,0.0221,-0.0382,0.6333,0.0646,-0.0303,0.0082,-1.0351,1.0356,-0.0775,-0.0139,-0.9969,0.0531,0.0206,-0.1272,0.1394,0,0,Lateral Rollover (360°),Rollover Flips
9341.5,2026-10-03T11:23:18Z,0.0472,0.0216,-0.0479,0.6927,0.0706,-0.0291,0.0056,-1.0449,1.0453,-0.0763,-0.0160,-0.9970,0.1390,0.0810,-0.0583,0.1711,0,0,Lateral Rollover (360°),Rollover Flips
9361.6,2026-10-03T11:23:18Z,0.0381,0.0182,-0.0280,0.4965,0.0506,-0.0359,-0.0012,-1.0251,1.0257,-0.0739,-0.0194,-0.9971,0.1830,0.1531,-0.0221,0.2396,0,0,Lateral Rollover (360°),Rollover Flips
9381.7,2026-10-03T11:23:18Z,0.0302,0.0092,-0.0166,0.3496,0.0356,-0.0409,-0.0141,-1.0138,1.0147,-0.0711,-0.0233,-0.9972,0.2193,0.1203,-0.0174,0.2508,0,0,Lateral Rollover (360°),Rollover Flips
9406.2,2026-10-03T11:23:18Z,0.0265,0.0120,-0.0124,0.3096,0.0316,-0.0429,-0.0167,-1.0096,1.0106,-0.0694,-0.0286,-0.9972,0.3113,0.0114,-0.0426,0.3144,0,0,Lateral Rollover (360°),Rollover Flips
9421.8,2026-10-03T11:23:18Z,0.0259,0.0131,-0.0186,0.3379,0.0345,-0.0458,-0.0231,-1.0154,1.0167,-0.0717,-0.0362,-0.9968,0.4453,-0.2359,-0.0547,0.5068,0,0,Lateral Rollover (360°),Rollover Flips
9441.8,2026-10-03T11:23:18Z,0.0100,0.0126,-0.0136,0.2072,0.0211,-0.0679,-0.0343,-1.0095,1.0124,-0.0780,-0.0469,-0.9958,0.6058,-0.3859,-0.1046,0.7258,0,0,Lateral Rollover (360°),Rollover Flips
9462.2,2026-10-03T11:23:18Z,0.0106,0.0187,0.0408,0.4524,0.0461,-0.0759,-0.0408,-0.9536,0.9575,-0.0865,-0.0594,-0.9945,0.5965,-0.4623,-0.1796,0.7758,0,0,Lateral Rollover (360°),Rollover Flips
9482.3,2026-10-03T11:23:18Z,0.0457,0.0419,0.0566,0.8236,0.0840,-0.0489,-0.0287,-0.9364,0.9381,-0.0946,-0.0707,-0.9930,0.4789,-0.3186,-0.1220,0.5880,0,0,Lateral Rollover (360°),Rollover Flips
9506.3,2026-10-03T11:23:18Z,0.0454,0.0297,0.0912,1.0405,0.1061,-0.0531,-0.0481,-0.9009,0.9038,-0.0985,-0.0778,-0.9921,0.2166,-0.0849,0.0018,0.2327,0,0,Lateral Rollover (360°),Rollover Flips
9522.3,2026-10-03T11:23:18Z,0.0130,0.0130,0.0793,0.7981,0.0814,-0.0852,-0.0663,-0.9127,0.9191,-0.0982,-0.0793,-0.9920,-0.0496,0.1218,0.0829,0.1555,0,0,Lateral Rollover (360°),Rollover Flips
9542.6,2026-10-03T11:23:18Z,-0.0159,0.0012,0.0291,0.3255,0.0332,-0.1092,-0.0749,-0.9636,0.9727,-0.0933,-0.0761,-0.9927,-0.2326,0.4051,0.0770,0.4734,0,0,Lateral Rollover (360°),Rollover Flips
9562.8,2026-10-03T11:23:18Z,-0.0074,-0.0119,-0.0075,0.1558,0.0159,-0.0899,-0.0823,-1.0016,1.0090,-0.0825,-0.0704,-0.9941,-0.2977,0.6525,0.0838,0.7221,0,0,Lateral Rollover (360°),Rollover Flips
9582.7,2026-10-03T11:23:18Z,-0.0020,-0.0213,-0.0404,0.4489,0.0458,-0.0716,-0.0865,-1.0359,1.0420,-0.0696,-0.0651,-0.9954,-0.1859,0.6098,0.0825,0.6428,0,0,Lateral Rollover (360°),Rollover Flips
9605.6,2026-10-03T11:23:18Z,0.0026,-0.0230,-0.0231,0.3202,0.0326,-0.0571,-0.0861,-1.0193,1.0245,-0.0597,-0.0631,-0.9962,-0.0124,0.3558,0.0757,0.3640,0,0,Lateral Rollover (360°),Rollover Flips
9622.8,2026-10-03T11:23:18Z,-0.0004,-0.0343,-0.0008,0.3362,0.0343,-0.0569,-0.0982,-0.9971,1.0036,-0.0564,-0.0639,-0.9964,0.0868,-0.0115,0.0420,0.0971,0,0,Lateral Rollover (360°),Rollover Flips
9643.0,2026-10-03T11:23:18Z,-0.0127,-0.0189,-0.0132,0.2583,0.0263,-0.0718,-0.0849,-1.0093,1.0154,-0.0591,-0.0660,-0.9961,0.1181,-0.2041,0.0106,0.2361,0,0,Lateral Rollover (360°),Rollover Flips
9663.2,2026-10-03T11:23:18Z,-0.0208,-0.0145,-0.0245,0.3461,0.0353,-0.0840,-0.0828,-1.0202,1.0270,-0.0632,-0.0682,-0.9957,0.0943,-0.1823,-0.0103,0.2055,0,0,Lateral Rollover (360°),Rollover Flips
9683.4,2026-10-03T11:23:18Z,-0.0173,0.0008,-0.0192,0.2535,0.0258,-0.0828,-0.0688,-1.0146,1.0203,-0.0656,-0.0696,-0.9954,0.0388,-0.0562,-0.0164,0.0702,0,0,Lateral Rollover (360°),Rollover Flips
9706.3,2026-10-03T11:23:18Z,0.0029,-0.0053,-0.0331,0.3302,0.0337,-0.0625,-0.0752,-1.0285,1.0332,-0.0654,-0.0699,-0.9954,-0.0125,0.0734,-0.0047,0.0746,0,0,Lateral Rollover (360°),Rollover Flips
9723.6,2026-10-03T11:23:18Z,-0.0036,0.0074,-0.0379,0.3809,0.0388,-0.0664,-0.0621,-1.0336,1.0375,-0.0627,-0.0695,-0.9956,-0.0138,0.1854,0.0286,0.1881,0,0,Lateral Rollover (360°),Rollover Flips
9743.6,2026-10-03T11:23:18Z,-0.0138,-0.0034,-0.0249,0.2810,0.0287,-0.0730,-0.0725,-1.0207,1.0259,-0.0592,-0.0692,-0.9958,-0.0268,0.1433,0.0058,0.1459,0,0,Lateral Rollover (360°),Rollover Flips
9763.7,2026-10-03T11:23:18Z,-0.0119,0.0021,-0.0433,0.4408,0.0450,-0.0684,-0.0664,-1.0394,1.0437,-0.0565,-0.0685,-0.9960,-0.0328,0.1390,-0.0210,0.1443,0,0,Lateral Rollover (360°),Rollover Flips
9783.7,2026-10-03T11:23:18Z,-0.0111,0.0097,-0.0644,0.6482,0.0661,-0.0645,-0.0585,-1.0607,1.0642,-0.0534,-0.0682,-0.9962,0.0084,0.1760,-0.0177,0.1771,0,0,Lateral Rollover (360°),Rollover Flips
9805.4,2026-10-03T11:23:18Z,-0.0099,0.0077,-0.0741,0.7366,0.0751,-0.0590,-0.0616,-1.0704,1.0738,-0.0491,-0.0693,-0.9964,0.1049,0.2566,-0.0134,0.2775,0,0,Lateral Rollover (360°),Rollover Flips
9824.1,2026-10-03T11:23:18Z,-0.0118,-0.0042,-0.0444,0.4527,0.0462,-0.0546,-0.0762,-1.0409,1.0451,-0.0428,-0.0720,-0.9965,0.1431,0.3590,-0.0160,0.3868,0,0,Lateral Rollover (360°),Rollover Flips
9844.2,2026-10-03T11:23:18Z,-0.0011,-0.0140,-0.0173,0.2186,0.0223,-0.0367,-0.0883,-1.0139,1.0184,-0.0356,-0.0743,-0.9966,0.0782,0.3477,-0.0203,0.3570,0,0,Lateral Rollover (360°),Rollover Flips
9864.2,2026-10-03T11:23:18Z,0.0018,-0.0089,-0.0160,0.1805,0.0184,-0.0273,-0.0842,-1.0127,1.0166,-0.0291,-0.0752,-0.9967,0.0207,0.2775,-0.0200,0.2790,0,0,Lateral Rollover (360°),Rollover Flips
9884.4,2026-10-03T11:23:18Z,0.0014,-0.0060,-0.0375,0.3728,0.0380,-0.0236,-0.0816,-1.0343,1.0378,-0.0249,-0.0756,-0.9968,0.0308,0.1373,-0.0443,0.1475,0,0,Lateral Rollover (360°),Rollover Flips
9906.1,2026-10-03T11:23:18Z,-0.0005,0.0034,-0.0522,0.5129,0.0523,-0.0234,-0.0736,-1.0490,1.0518,-0.0229,-0.0769,-0.9968,0.0973,0.0768,-0.0685,0.1416,0,0,Lateral Rollover (360°),Rollover Flips
9924.6,2026-10-03T11:23:18Z,-0.0011,0.0192,-0.0435,0.4665,0.0476,-0.0219,-0.0600,-1.0402,1.0421,-0.0208,-0.0792,-0.9966,0.1174,0.1311,-0.0588,0.1855,0,0,Lateral Rollover (360°),Rollover Flips
9944.9,2026-10-03T11:23:18Z,-0.0003,0.0219,-0.0297,0.3623,0.0369,-0.0178,-0.0595,-1.0262,1.0281,-0.0174,-0.0815,-0.9965,0.1115,0.1989,-0.0406,0.2316,0,0,Lateral Rollover (360°),Rollover Flips
9964.8,2026-10-03T11:23:18Z,-0.0018,0.0189,-0.0054,0.1933,0.0197,-0.0148,-0.0648,-1.0018,1.0040,-0.0130,-0.0837,-0.9964,0.1092,0.2281,-0.0284,0.2545,0,0,Lateral Rollover (360°),Rollover Flips
9984.7,2026-10-03T11:23:18Z,-0.0034,0.0107,0.0156,0.1880,0.0192,-0.0120,-0.0751,-0.9807,0.9837,-0.0086,-0.0858,-0.9963,0.0988,0.1933,-0.0410,0.2209,0,0,Lateral Rollover (360°),Rollover Flips
10005.5,2026-10-03T11:23:18Z,0.0017,0.0113,0.0269,0.2863,0.0292,-0.0034,-0.0765,-0.9693,0.9723,-0.0051,-0.0878,-0.9961,0.0997,0.1659,-0.0551,0.2013,0,0,Lateral Rollover (360°),Rollover Flips
10025.1,2026-10-03T11:23:18Z,0.0160,0.0190,0.0318,0.3961,0.0404,0.0140,-0.0705,-0.9641,0.9668,-0.0020,-0.0895,-0.9960,0.0772,0.1119,-0.0363,0.1407,0,0,Lateral Rollover (360°),Rollover Flips
10045.2,2026-10-03T11:23:19Z,0.0252,0.0254,0.0031,0.3526,0.0360,0.0249,-0.0661,-0.9928,0.9953,-0.0003,-0.0915,-0.9958,0.1353,0.0560,0.0020,0.1464,0,0,Lateral Rollover (360°),Rollover Flips
10065.2,2026-10-03T11:23:19Z,0.0058,0.0237,0.0147,0.2794,0.0285,0.0060,-0.0712,-0.9808,0.9834,0.0002,-0.0949,-0.9955,0.1939,0.0085,0.0336,0.1970,0,0,Lateral Rollover (360°),Rollover Flips
10085.4,2026-10-03T11:23:19Z,-0.0183,0.0101,0.0528,0.5567,0.0568,-0.0184,-0.0883,-0.9424,0.9467,-0.0001,-0.0984,-0.9951,0.1371,-0.0254,-0.0072,0.1396,0,0,Lateral Rollover (360°),Rollover Flips
10105.5,2026-10-03T11:23:19Z,-0.0202,0.0154,0.0389,0.4555,0.0465,-0.0200,-0.0846,-0.9561,0.9600,0.0001,-0.1000,-0.9950,0.0221,0.0483,-0.0533,0.0752,0,0,Lateral Rollover (360°),Rollover Flips
10125.5,2026-10-03T11:23:19Z,-0.0141,0.0267,0.0093,0.3100,0.0316,-0.0121,-0.0728,-0.9857,0.9885,0.0020,-0.0996,-0.9950,-0.0487,0.1216,-0.0597,0.1440,0,0,Lateral Rollover (360°),Rollover Flips
10145.7,2026-10-03T11:23:19Z,-0.0001,0.0341,-0.0103,0.3494,0.0356,0.0046,-0.0646,-1.0054,1.0075,0.0047,-0.0987,-0.9951,-0.0297,0.1203,-0.0546,0.1354,0,0,Lateral Rollover (360°),Rollover Flips
10165.8,2026-10-03T11:23:19Z,0.0029,0.0332,-0.0118,0.3465,0.0353,0.0098,-0.0654,-1.0069,1.0091,0.0069,-0.0986,-0.9951,0.0263,0.0847,-0.0393,0.0970,0,0,Lateral Rollover (360°),Rollover Flips
10185.8,2026-10-03T11:23:19Z,0.0014,0.0312,-0.0060,0.3121,0.0318,0.0098,-0.0683,-1.0009,1.0033,0.0085,-0.0996,-0.9950,0.0661,0.0800,-0.0296,0.1079,0,0,Lateral Rollover (360°),Rollover Flips
10205.9,2026-10-03T11:23:19Z,0.0036,0.0272,0.0140,0.3022,0.0308,0.0139,-0.0739,-0.9809,0.9837,0.0103,-0.1011,-0.9948,0.0857,0.0870,-0.0136,0.1229,0,0,Lateral Rollover (360°),Rollover Flips
10226.1,2026-10-03T11:23:19Z,0.0015,0.0133,0.0320,0.3405,0.0347,0.0134,-0.0894,-0.9626,0.9668,0.0118,-0.1027,-0.9946,0.0641,0.0639,-0.0145,0.0916,0,0,Lateral Rollover (360°),Rollover Flips
10246.2,2026-10-03T11:23:19Z,-0.0091,0.0040,0.0274,0.2860,0.0292,0.0038,-0.0997,-0.9671,0.9722,0.0129,-0.1036,-0.9945,0.0367,0.0475,-0.0341,0.0690,0,0,Lateral Rollover (360°),Rollover Flips
10266.4,2026-10-03T11:23:19Z,-0.0143,0.0028,0.0213,0.2531,0.0258,-0.0001,-0.1015,-0.9731,0.9784,0.0142,-0.1043,-0.9944,0.0273,0.0648,-0.0552,0.0894,0,0,Lateral Rollover (360°),Rollover Flips
10286.5,2026-10-03T11:23:19Z,-0.0082,0.0001,0.0272,0.2789,0.0284,0.0078,-0.1044,-0.9672,0.9728,0.0160,-0.1045,-0.9944,-0.0088,0.1069,-0.0687,0.1274,0,0,Lateral Rollover (360°),Rollover Flips
10306.4,2026-10-03T11:23:19Z,0.0031,0.0010,0.0092,0.0959,0.0098,0.0220,-0.1031,-0.9852,0.9908,0.0189,-0.1040,-0.9944,-0.0199,0.1645,-0.0649,0.1780,0,0,Lateral Rollover (360°),Rollover Flips
10326.7,2026-10-03T11:23:19Z,0.0027,-0.0066,0.0142,0.1560,0.0159,0.0250,-0.1103,-0.9801,0.9867,0.0222,-0.1037,-0.9944,-0.0099,0.1406,-0.0720,0.1583,0,0,Lateral Rollover (360°),Rollover Flips
10346.8,2026-10-03T11:23:19Z,0.0099,-0.0133,0.0259,0.3012,0.0307,0.0344,-0.1167,-0.9684,0.9761,0.0245,-0.1034,-0.9943,-0.0181,0.0671,-0.0926,0.1158,0,0,Lateral Rollover (360°),Rollover Flips
10366.8,2026-10-03T11:23:19Z,0.0205,-0.0113,0.0278,0.3566,0.0364,0.0460,-0.1141,-0.9666,0.9744,0.0255,-0.1028,-0.9944,-0.0464,0.0137,-0.1024,0.1132,0,0,Lateral Rollover (360°),Rollover Flips
10387.1,2026-10-03T11:23:19Z,0.0248,-0.0035,-0.0036,0.2485,0.0253,0.0504,-0.1051,-0.9981,1.0049,0.0256,-0.1016,-0.9945,-0.0565,-0.0133,-0.0983,0.1141,0,0,Lateral Rollover (360°),Rollover Flips
10406.9,2026-10-03T11:23:19Z,0.0263,0.0032,-0.0188,0.3190,0.0325,0.0522,-0.0979,-1.0134,1.0194,0.0258,-0.1011,-0.9945,0.0100,0.0165,-0.0663,0.0691,0,0,Lateral Rollover (360°),Rollover Flips
10427.3,2026-10-03T11:23:19Z,0.0239,-0.0070,0.0013,0.2449,0.0250,0.0504,-0.1084,-0.9932,1.0003,0.0265,-0.1014,-0.9945,0.0139,0.0570,-0.0627,0.0858,0,0,Lateral Rollover (360°),Rollover Flips
10447.2,2026-10-03T11:23:19Z,0.0315,-0.0074,0.0091,0.3298,0.0336,0.0607,-0.1085,-0.9854,0.9932,0.0291,-0.1011,-0.9944,-0.0370,0.1762,-0.0277,0.1821,0,0,Lateral Rollover (360°),Rollover Flips
10467.2,2026-10-03T11:23:19Z,0.0268,-0.0085,0.0192,0.3342,0.0341,0.0591,-0.1083,-0.9753,0.9831,0.0322,-0.0998,-0.9945,-0.0877,0.1158,-0.0030,0.1452,0,0,Lateral Rollover (360°),Rollover Flips
10487.2,2026-10-03T11:23:19Z,0.0114,-0.0093,-0.0023,0.1465,0.0149,0.0450,-0.1073,-0.9969,1.0037,0.0336,-0.0980,-0.9946,-0.0867,0.0160,-0.0070,0.0884,0,0,Lateral Rollover (360°),Rollover Flips
10507.5,2026-10-03T11:23:19Z,0.0018,-0.0034,-0.0168,0.1692,0.0173,0.0348,-0.0997,-1.0116,1.0171,0.0330,-0.0963,-0.9948,-0.0845,-0.0660,-0.0103,0.1077,0,0,Lateral Rollover (360°),Rollover Flips
10527.7,2026-10-03T11:23:19Z,-0.0077,0.0016,-0.0350,0.3515,0.0358,0.0235,-0.0929,-1.0300,1.0345,0.0312,-0.0945,-0.9950,-0.1043,-0.1027,-0.0108,0.1468,0,0,Lateral Rollover (360°),Rollover Flips
10547.8,2026-10-03T11:23:19Z,-0.0093,0.0145,-0.0672,0.6801,0.0693,0.0205,-0.0778,-1.0625,1.0655,0.0298,-0.0923,-0.9953,-0.1036,-0.0309,0.0205,0.1101,0,0,Lateral Rollover (360°),Rollover Flips
10567.8,2026-10-03T11:23:19Z,-0.0212,0.0187,-0.0803,0.8348,0.0851,0.0087,-0.0722,-1.0757,1.0782,0.0298,-0.0908,-0.9954,-0.0322,0.0271,0.0434,0.0604,0,0,Lateral Rollover (360°),Rollover Flips
10588.0,2026-10-03T11:23:19Z,-0.0292,0.0097,-0.0691,0.7419,0.0757,0.0011,-0.0817,-1.0645,1.0676,0.0303,-0.0914,-0.9954,0.0891,0.0210,0.0227,0.0943,0,0,Lateral Rollover (360°),Rollover Flips
10608.2,2026-10-03T11:23:19Z,-0.0253,-0.0037,-0.0181,0.3073,0.0313,0.0053,-0.0979,-1.0132,1.0179,0.0307,-0.0942,-0.9951,0.1709,0.0174,-0.0059,0.1719,0,0,Lateral Rollover (360°),Rollover Flips
10628.2,2026-10-03T11:23:19Z,-0.0092,-0.0170,0.0351,0.3926,0.0400,0.0216,-0.1145,-0.9597,0.9668,0.0307,-0.0974,-0.9948,0.1436,-0.0154,-0.0309,0.1477,0,0,Lateral Rollover (360°),Rollover Flips
10648.3,2026-10-03T11:23:19Z,0.0062,-0.0161,0.0357,0.3892,0.0397,0.0366,-0.1160,-0.9588,0.9665,0.0304,-0.0999,-0.9945,0.1134,-0.0145,-0.0412,0.1215,0,0,Lateral Rollover (360°),Rollover Flips
10668.5,2026-10-03T11:23:19Z,0.0060,-0.0212,0.0407,0.4535,0.0462,0.0365,-0.1231,-0.9537,0.9623,0.0305,-0.1019,-0.9943,0.0852,0.0194,-0.0479,0.0997,0,0,Lateral Rollover (360°),Rollover Flips
10688.5,2026-10-03T11:23:19Z,0.0170,-0.0202,0.0505,0.5583,0.0569,0.0484,-0.1231,-0.9437,0.9530,0.0315,-0.1029,-0.9942,0.0169,0.0635,-0.0660,0.0931,0,0,Lateral Rollover (360°),Rollover Flips
10708.7,2026-10-03T11:23:19Z,0.0363,-0.0146,0.0544,0.6575,0.0670,0.0698,-0.1170,-0.9398,0.9496,0.0335,-0.1024,-0.9942,-0.0650,0.1139,-0.0482,0.1397,0,0,Lateral Rollover (360°),Rollover Flips
10728.6,2026-10-03T11:23:19Z,0.0378,-0.0099,0.0367,0.5258,0.0536,0.0737,-0.1106,-0.9575,0.9667,0.0359,-0.1007,-0.9943,-0.0921,0.1171,-0.0406,0.1544,0,0,Lateral Rollover (360°),Rollover Flips
10748.9,2026-10-03T11:23:19Z,0.0397,-0.0068,0.0370,0.5363,0.0547,0.0777,-0.1055,-0.9574,0.9663,0.0380,-0.0987,-0.9944,-0.1052,0.0765,-0.0327,0.1341,0,0,Lateral Rollover (360°),Rollover Flips
10769.0,2026-10-03T11:23:19Z,0.0402,-0.0015,0.0260,0.4695,0.0479,0.0791,-0.0977,-0.9686,0.9767,0.0389,-0.0963,-0.9946,-0.1253,0.0022,-0.0266,0.1281,0,0,Lateral Rollover (360°),Rollover Flips
10789.1,2026-10-03T11:23:19Z,0.0252,0.0134,-0.0028,0.2812,0.0287,0.0634,-0.0806,-0.9977,1.0029,0.0382,-0.0940,-0.9948,-0.0946,-0.0709,-0.0122,0.1189,0,0,Lateral Rollover (360°),Rollover Flips
10809.1,2026-10-03T11:23:19Z,0.0123,0.0215,-0.0168,0.2933,0.0299,0.0486,-0.0710,-1.0118,1.0155,0.0364,-0.0926,-0.9950,-0.0560,-0.1011,-0.0062,0.1158,0,0,Lateral Rollover (360°),Rollover Flips
10829.1,2026-10-03T11:23:19Z,-0.0008,0.0165,-0.0154,0.2218,0.0226,0.0339,-0.0748,-1.0107,1.0140,0.0346,-0.0913,-0.9952,-0.0731,-0.0707,0.0049,0.1018,0,0,Lateral Rollover (360°),Rollover Flips
10849.4,2026-10-03T11:23:19Z,-0.0056,0.0197,-0.0333,0.3835,0.0391,0.0282,-0.0701,-1.0287,1.0315,0.0338,-0.0898,-0.9954,-0.0783,-0.0073,0.0302,0.0842,0,0,Lateral Rollover (360°),Rollover Flips
10869.3,2026-10-03T11:23:19Z,-0.0230,0.0122,-0.0321,0.4053,0.0413,0.0111,-0.0762,-1.0276,1.0305,0.0341,-0.0884,-0.9955,-0.0556,0.0360,0.0373,0.0760,0,0,Lateral Rollover (360°),Rollover Flips
10889.5,2026-10-03T11:23:19Z,-0.0261,0.0059,-0.0146,0.2986,0.0304,0.0087,-0.0818,-1.0101,1.0135,0.0348,-0.0878,-0.9955,-0.0140,0.0326,0.0124,0.0376,0,0,Lateral Rollover (360°),Rollover Flips
10909.5,2026-10-03T11:23:19Z,-0.0180,0.0032,0.0159,0.2377,0.0242,0.0170,-0.0843,-0.9797,0.9835,0.0350,-0.0875,-0.9956,-0.0204,-0.0143,-0.0091,0.0265,0,0,Lateral Rollover (360°),Rollover Flips
10929.6,2026-10-03T11:23:19Z,-0.0163,0.0037,0.0131,0.2084,0.0212,0.0181,-0.0831,-0.9825,0.9862,0.0343,-0.0868,-0.9956,-0.0408,-0.0524,-0.0345,0.0749,0,0,Lateral Rollover (360°),Rollover Flips
10950.0,2026-10-03T11:23:19Z,-0.0123,0.0015,0.0080,0.1447,0.0148,0.0212,-0.0841,-0.9877,0.9915,0.0334,-0.0856,-0.9958,-0.0813,-0.0399,-0.0563,0.1066,0,0,Lateral Rollover (360°),Rollover Flips
10970.0,2026-10-03T11:23:19Z,-0.0059,0.0082,-0.0115,0.1500,0.0153,0.0270,-0.0754,-1.0074,1.0106,0.0330,-0.0836,-0.9960,-0.1079,-0.0154,-0.0675,0.1283,0,0,Lateral Rollover (360°),Rollover Flips
10990.1,2026-10-03T11:23:19Z,-0.0010,0.0107,-0.0267,0.2823,0.0288,0.0318,-0.0708,-1.0228,1.0258,0.0328,-0.0815,-0.9961,-0.0931,-0.0257,-0.0757,0.1227,0,0,Lateral Rollover (360°),Rollover Flips
11010.1,2026-10-03T11:23:19Z,-0.0016,0.0113,-0.0456,0.4612,0.0470,0.0307,-0.0687,-1.0419,1.0446,0.0323,-0.0801,-0.9963,-0.0391,-0.0206,-0.0898,0.1001,0,0,Lateral Rollover (360°),Rollover Flips
11030.2,2026-10-03T11:23:19Z,0.0086,0.0088,-0.0242,0.2661,0.0271,0.0414,-0.0708,-1.0204,1.0237,0.0328,-0.0797,-0.9963,-0.0066,0.0556,-0.0910,0.1069,0,0,Lateral Rollover (360°),Rollover Flips
11050.5,2026-10-03T11:23:20Z,0.0181,0.0017,0.0192,0.2586,0.0264,0.0526,-0.0773,-0.9771,0.9816,0.0346,-0.0790,-0.9963,-0.0696,0.0831,-0.0917,0.1420,0,0,Lateral Rollover (360°),Rollover Flips
11070.5,2026-10-03T11:23:20Z,0.0216,0.0018,0.0015,0.2129,0.0217,0.0575,-0.0750,-0.9949,0.9994,0.0359,-0.0768,-0.9964,-0.1189,0.0433,-0.1089,0.1670,0,0,Lateral Rollover (360°),Rollover Flips
11090.6,2026-10-03T11:23:20Z,0.0211,0.0192,-0.0265,0.3819,0.0389,0.0579,-0.0553,-1.0231,1.0262,0.0368,-0.0745,-0.9965,-0.1012,0.0248,-0.1020,0.1458,0,0,Lateral Rollover (360°),Rollover Flips
11110.7,2026-10-03T11:23:20Z,0.0170,0.0323,-0.0374,0.5127,0.0523,0.0543,-0.0405,-1.0341,1.0363,0.0373,-0.0728,-0.9967,-0.0610,0.0104,-0.0927,0.1115,0,0,Lateral Rollover (360°),Rollover Flips
11130.8,2026-10-03T11:23:20Z,0.0150,0.0433,-0.0524,0.6829,0.0696,0.0528,-0.0287,-1.0491,1.0508,0.0378,-0.0720,-0.9967,0.0013,0.0316,-0.0776,0.0838,0,0,Lateral Rollover (360°),Rollover Flips
11150.7,2026-10-03T11:23:20Z,0.0137,0.0467,-0.0289,0.5554,0.0566,0.0523,-0.0258,-1.0255,1.0272,0.0386,-0.0726,-0.9966,0.0429,0.0426,-0.0493,0.0780,0,0,Lateral Rollover (360°),Rollover Flips
11171.1,2026-10-03T11:23:20Z,0.0117,0.0332,0.0048,0.3486,0.0355,0.0512,-0.0400,-0.9918,0.9939,0.0395,-0.0732,-0.9965,0.0240,0.0328,-0.0406,0.0574,0,0,Lateral Rollover (360°),Rollover Flips
11191.1,2026-10-03T11:23:20Z,0.0028,0.0228,0.0010,0.2253,0.0230,0.0431,-0.0504,-0.9955,0.9977,0.0403,-0.0732,-0.9965,-0.0169,0.0533,-0.0607,0.0826,0,0,Lateral Rollover (360°),Rollover Flips
11211.3,2026-10-03T11:23:20Z,0.0104,0.0266,-0.0039,0.2823,0.0288,0.0526,-0.0464,-1.0004,1.0028,0.0422,-0.0729,-0.9964,-0.0040,0.1310,-0.0554,0.1423,0,0,Lateral Rollover (360°),Rollover Flips
11231.3,2026-10-03T11:23:20Z,0.0219,0.0133,0.0293,0.3815,0.0389,0.0670,-0.0595,-0.9671,0.9712,0.0451,-0.0728,-0.9963,-0.0104,0.1296,-0.0399,0.1360,0,0,Lateral Rollover (360°),Rollover Flips
11251.5,2026-10-03T11:23:20Z,0.0276,0.0056,0.0411,0.4891,0.0499,0.0748,-0.0665,-0.9551,0.9604,0.0472,-0.0721,-0.9963,-0.0572,0.0867,-0.0427,0.1123,0,0,Lateral Rollover (360°),Rollover Flips
11271.6,2026-10-03T11:23:20Z,0.0348,-0.0002,0.0294,0.4472,0.0456,0.0838,-0.0707,-0.9669,0.9731,0.0490,-0.0705,-0.9963,-0.0950,0.0892,-0.0215,0.1321,0,0,Lateral Rollover (360°),Rollover Flips
11291.7,2026-10-03T11:23:20Z,0.0349,-0.0083,0.0204,0.4044,0.0412,0.0855,-0.0764,-0.9760,0.9827,0.0506,-0.0680,-0.9964,-0.1472,0.0608,0.0001,0.1593,0,0,Lateral Rollover (360°),Rollover Flips
11311.7,2026-10-03T11:23:20Z,0.0273,0.0026,-0.0256,0.3677,0.0375,0.0785,-0.0624,-1.0222,1.0271,0.0512,-0.0650,-0.9966,-0.1399,0.0127,0.0134,0.1411,0,0,Lateral Rollover (360°),Rollover Flips
11331.7,2026-10-03T11:23:20Z,0.0320,0.0199,-0.0613,0.7056,0.0719,0.0837,-0.0430,-1.0580,1.0621,0.0517,-0.0630,-0.9967,-0.0552,0.0513,0.0614,0.0972,0,0,Lateral Rollover (360°),Rollover Flips
11352.0,2026-10-03T11:23:20Z,0.0310,0.0159,-0.0303,0.4528,0.0462,0.0838,-0.0466,-1.0269,1.0314,0.0528,-0.0625,-0.9967,-0.0230,0.0477,0.1079,0.1202,0,0,Lateral Rollover (360°),Rollover Flips
11372.1,2026-10-03T11:23:20Z,0.0242,0.0070,-0.0255,0.3514,0.0358,0.0770,-0.0549,-1.0222,1.0266,0.0529,-0.0619,-0.9967,-0.0434,-0.0165,0.1176,0.1264,0,0,Lateral Rollover (360°),Rollover Flips
11392.2,2026-10-03T11:23:20Z,0.0309,0.0159,-0.0482,0.5831,0.0595,0.0833,-0.0456,-1.0450,1.0493,0.0523,-0.0615,-0.9967,-0.0032,-0.0120,0.1476,0.1481,0,0,Lateral Rollover (360°),Rollover Flips
11412.3,2026-10-03T11:23:20Z,0.0351,0.0182,-0.0435,0.5764,0.0588,0.0874,-0.0439,-1.0401,1.0447,0.0523,-0.0621,-0.9967,0.0464,0.0304,0.2096,0.2169,0,0,Lateral Rollover (360°),Rollover Flips
11432.3,2026-10-03T11:23:20Z,0.0177,0.0042,-0.0238,0.2936,0.0299,0.0702,-0.0595,-1.0204,1.0245,0.0525,-0.0637,-0.9966,0.0894,0.0044,0.2219,0.2393,0,0,Lateral Rollover (360°),Rollover Flips
11452.6,2026-10-03T11:23:20Z,0.0129,0.0048,-0.0038,0.1398,0.0143,0.0649,-0.0612,-1.0003,1.0042,0.0520,-0.0660,-0.9965,0.1113,-0.0185,0.2233,0.2502,0,0,Lateral Rollover (360°),Rollover Flips
11472.4,2026-10-03T11:23:20Z,-0.0022,0.0002,0.0155,0.1534,0.0156,0.0491,-0.0680,-0.9809,0.9844,0.0513,-0.0682,-0.9963,0.0751,-0.0189,0.2285,0.2413,0,0,Lateral Rollover (360°),Rollover Flips
11492.5,2026-10-03T11:23:20Z,-0.0246,0.0060,0.0024,0.2491,0.0254,0.0265,-0.0636,-0.9939,0.9963,0.0511,-0.0696,-0.9963,0.0517,0.0384,0.1930,0.2035,0,0,Lateral Rollover (360°),Rollover Flips
11514.2,2026-10-03T11:23:20Z,-0.0283,0.0100,0.0107,0.3129,0.0319,0.0237,-0.0609,-0.9854,0.9875,0.0520,-0.0709,-0.9961,0.0637,0.0690,0.1595,0.1851,0,0,Lateral Rollover (360°),Rollover Flips
11533.0,2026-10-03T11:23:20Z,-0.0184,0.0052,0.0220,0.2860,0.0292,0.0343,-0.0670,-0.9740,0.9769,0.0527,-0.0722,-0.9960,0.0446,0.0127,0.1159,0.1248,0,0,Lateral Rollover (360°),Rollover Flips
11553.0,2026-10-03T11:23:20Z,-0.0183,0.0117,0.0167,0.2688,0.0274,0.0341,-0.0612,-0.9793,0.9818,0.0524,-0.0729,-0.9960,0.0121,-0.0151,0.1022,0.1040,0,0,Lateral Rollover (360°),Rollover Flips
11573.2,2026-10-03T11:23:20Z,-0.0263,0.0158,-0.0052,0.3052,0.0311,0.0260,-0.0572,-1.0012,1.0032,0.0523,-0.0730,-0.9960,-0.0005,0.0314,0.0969,0.1019,0,0,Lateral Rollover (360°),Rollover Flips
11593.2,2026-10-03T11:23:20Z,-0.0319,0.0094,0.0048,0.3291,0.0336,0.0215,-0.0638,-0.9911,0.9934,0.0534,-0.0732,-0.9959,0.0052,0.0670,0.0815,0.1057,0,0,Lateral Rollover (360°),Rollover Flips
11614.2,2026-10-03T11:23:20Z,-0.0287,-0.0015,0.0149,0.3175,0.0324,0.0257,-0.0749,-0.9809,0.9841,0.0543,-0.0733,-0.9958,-0.0025,0.0355,0.0416,0.0547,0,0,Lateral Rollover (360°),Rollover Flips
11633.5,2026-10-03T11:23:20Z,-0.0305,-0.0036,0.0038,0.3031,0.0309,0.0243,-0.0768,-0.9920,0.9953,0.0548,-0.0732,-0.9958,-0.0091,0.0175,-0.0083,0.0214,0,0,Lateral Rollover (360°),Rollover Flips
11653.7,2026-10-03T11:23:20Z,-0.0252,-0.0011,0.0027,0.2485,0.0253,0.0302,-0.0740,-0.9931,0.9964,0.0554,-0.0729,-0.9958,-0.0154,0.0392,-0.0377,0.0565,0,0,Lateral Rollover (360°),Rollover Flips
11673.7,2026-10-03T11:23:20Z,-0.0130,-0.0017,0.0039,0.1338,0.0136,0.0434,-0.0740,-0.9919,0.9956,0.0563,-0.0723,-0.9958,-0.0361,0.0493,-0.0468,0.0770,0,0,Lateral Rollover (360°),Rollover Flips
11693.7,2026-10-03T11:23:20Z,-0.0079,-0.0040,0.0021,0.0894,0.0091,0.0497,-0.0753,-0.9937,0.9978,0.0576,-0.0713,-0.9958,-0.0540,0.0747,-0.0416,0.1011,0,0,Lateral Rollover (360°),Rollover Flips
11713.7,2026-10-03T11:23:20Z,-0.0061,-0.0054,-0.0051,0.0946,0.0096,0.0530,-0.0757,-1.0009,1.0051,0.0592,-0.0702,-0.9958,-0.0385,0.0708,-0.0454,0.0925,0,0,Lateral Rollover (360°),Rollover Flips
11734.0,2026-10-03T11:23:20Z,0.0014,-0.0027,0.0035,0.0453,0.0046,0.0618,-0.0725,-0.9922,0.9968,0.0604,-0.0698,-0.9957,-0.0061,0.0439,-0.0501,0.0669,0,0,Lateral Rollover (360°),Rollover Flips
11754.1,2026-10-03T11:23:20Z,0.0083,-0.0047,0.0194,0.2123,0.0216,0.0692,-0.0742,-0.9763,0.9816,0.0609,-0.0694,-0.9957,-0.0292,-0.0017,-0.0464,0.0548,0,0,Lateral Rollover (360°),Rollover Flips
11774.2,2026-10-03T11:23:20Z,0.0086,0.0051,0.0093,0.1338,0.0136,0.0694,-0.0633,-0.9865,0.9910,0.0608,-0.0684,-0.9958,-0.0667,-0.0096,-0.0375,0.0771,0,0,Lateral Rollover (360°),Rollover Flips
11794.2,2026-10-03T11:23:20Z,0.0052,0.0178,-0.0190,0.2605,0.0266,0.0659,-0.0492,-1.0149,1.0182,0.0607,-0.0671,-0.9959,-0.0525,-0.0006,-0.0196,0.0561,0,0,Lateral Rollover (360°),Rollover Flips
11814.2,2026-10-03T11:23:20Z,0.0025,0.0285,-0.0317,0.4188,0.0427,0.0635,-0.0383,-1.0276,1.0303,0.0610,-0.0667,-0.9959,0.0229,0.0186,-0.0066,0.0302,0,0,Lateral Rollover (360°),Rollover Flips
11834.6,2026-10-03T11:23:20Z,0.0016,0.0241,-0.0073,0.2473,0.0252,0.0627,-0.0436,-1.0031,1.0060,0.0612,-0.0677,-0.9958,0.0638,-0.0007,0.0021,0.0639,0,0,Lateral Rollover (360°),Rollover Flips
11854.6,2026-10-03T11:23:20Z,0.0007,0.0215,0.0135,0.2491,0.0254,0.0617,-0.0475,-0.9823,0.9853,0.0610,-0.0690,-0.9957,0.0601,-0.0119,-0.0100,0.0621,0,0,Lateral Rollover (360°),Rollover Flips
11874.7,2026-10-03T11:23:20Z,0.0110,0.0151,0.0317,0.3607,0.0368,0.0719,-0.0547,-0.9640,0.9682,0.0609,-0.0698,-0.9957,0.0112,0.0025,0.0056,0.0128,0,0,Lateral Rollover (360°),Rollover Flips
11894.7,2026-10-03T11:23:20Z,0.0023,0.0181,0.0301,0.3447,0.0352,0.0636,-0.0512,-0.9656,0.9691,0.0614,-0.0693,-0.9957,-0.0615,0.0497,0.0022,0.0791,0,0,Lateral Rollover (360°),Rollover Flips
11915.0,2026-10-03T11:23:20Z,0.0023,0.0142,0.0241,0.2757,0.0281,0.0648,-0.0535,-0.9716,0.9752,0.0625,-0.0678,-0.9957,-0.0845,0.0676,-0.0067,0.1084,0,0,Lateral Rollover (360°),Rollover Flips
11935.1,2026-10-03T11:23:20Z,0.0117,0.0111,0.0198,0.2505,0.0255,0.0756,-0.0549,-0.9760,0.9805,0.0639,-0.0660,-0.9958,-0.0889,0.0621,-0.0097,0.1089,0,0,Lateral Rollover (360°),Rollover Flips
11955.1,2026-10-03T11:23:20Z,0.0237,0.0042,0.0056,0.2425,0.0247,0.0889,-0.0600,-0.9902,0.9960,0.0651,-0.0642,-0.9958,-0.0918,0.0693,0.0033,0.1151,0,0,Lateral Rollover (360°),Rollover Flips
11975.3,2026-10-03T11:23:20Z,0.0142,-0.0098,-0.0183,0.2462,0.0251,0.0811,-0.0723,-1.0141,1.0199,0.0669,-0.0625,-0.9958,-0.0653,0.1225,-0.0129,0.1395,0,0,Lateral Rollover (360°),Rollover Flips
11995.2,2026-10-03T11:23:20Z,0.0249,-0.0053,-0.0083,0.2626,0.0268,0.0946,-0.0667,-1.0040,1.0106,0.0697,-0.0613,-0.9957,-0.0592,0.1382,-0.0036,0.1504,0,0,Lateral Rollover (360°),Rollover Flips
12015.4,2026-10-03T11:23:20Z,0.0308,-0.0054,-0.0035,0.3087,0.0315,0.1029,-0.0656,-0.9991,1.0065,0.0721,-0.0601,-0.9956,-0.0583,0.0922,0.0203,0.1109,0,0,Lateral Rollover (360°),Rollover Flips
12035.5,2026-10-03T11:23:20Z,0.0215,-0.0074,-0.0119,0.2521,0.0257,0.0947,-0.0665,-1.0075,1.0141,0.0732,-0.0591,-0.9956,-0.0420,0.0247,0.0088,0.0496,0,0,Lateral Rollover (360°),Rollover Flips
12055.6,2026-10-03T11:23:21Z,0.0186,0.0035,-0.0263,0.3180,0.0324,0.0921,-0.0553,-1.0219,1.0275,0.0735,-0.0588,-0.9956,0.0149,0.0186,0.0055,0.0245,0,0,Lateral Rollover (360°),Rollover Flips
12075.7,2026-10-03T11:23:21Z,0.0178,0.0207,-0.0289,0.3899,0.0398,0.0922,-0.0389,-1.0244,1.0292,0.0743,-0.0595,-0.9955,0.0547,0.0732,0.0230,0.0942,0,0,Lateral Rollover (360°),Rollover Flips
12095.8,2026-10-03T11:23:21Z,0.0204,0.0014,-0.0176,0.2648,0.0270,0.0966,-0.0591,-1.0129,1.0192,0.0761,-0.0605,-0.9953,0.0226,0.1076,0.0438,0.1184,0,0,Lateral Rollover (360°),Rollover Flips
12116.0,2026-10-03T11:23:21Z,0.0124,0.0030,-0.0059,0.1377,0.0140,0.0906,-0.0574,-1.0010,1.0068,0.0782,-0.0604,-0.9951,-0.0380,0.0967,0.0700,0.1253,0,0,Lateral Rollover (360°),Rollover Flips
12136.0,2026-10-03T11:23:21Z,0.0084,-0.0080,-0.0083,0.1401,0.0143,0.0882,-0.0675,-1.0034,1.0095,0.0798,-0.0595,-0.9950,-0.0469,0.0608,0.0676,0.1023,0,0,Lateral Rollover (360°),Rollover Flips
12156.2,2026-10-03T11:23:21Z,0.0012,-0.0061,-0.0108,0.1220,0.0124,0.0811,-0.0652,-1.0058,1.0112,0.0799,-0.0590,-0.9951,-0.0024,-0.0509,0.0359,0.0624,0,0,Lateral Rollover (360°),Rollover Flips
12176.2,2026-10-03T11:23:21Z,0.0008,0.0037,-0.0189,0.1889,0.0193,0.0785,-0.0560,-1.0141,1.0187,0.0777,-0.0597,-0.9952,0.0636,-0.1508,0.0045,0.1637,0,0,Lateral Rollover (360°),Rollover Flips
12196.2,2026-10-03T11:23:21Z,0.0005,0.0169,-0.0390,0.4172,0.0425,0.0752,-0.0447,-1.0343,1.0380,0.0747,-0.0616,-0.9953,0.1318,-0.1344,0.0062,0.1884,0,0,Lateral Rollover (360°),Rollover Flips
12216.5,2026-10-03T11:23:21Z,-0.0057,0.0082,-0.0197,0.2172,0.0221,0.0669,-0.0561,-1.0150,1.0188,0.0726,-0.0644,-0.9953,0.1194,-0.0714,0.0281,0.1419,0,0,Lateral Rollover (360°),Rollover Flips
12236.6,2026-10-03T11:23:21Z,-0.0188,0.0005,-0.0105,0.2113,0.0215,0.0529,-0.0658,-1.0057,1.0092,0.0717,-0.0662,-0.9952,0.0655,-0.0298,0.0116,0.0729,0,0,Lateral Rollover (360°),Rollover Flips
12256.7,2026-10-03T11:23:21Z,-0.0260,-0.0028,-0.0078,0.2672,0.0272,0.0450,-0.0700,-1.0030,1.0064,0.0709,-0.0672,-0.9952,0.0345,-0.0593,-0.0269,0.0737,0,0,Lateral Rollover (360°),Rollover Flips
12276.8,2026-10-03T11:23:21Z,-0.0247,0.0023,-0.0156,0.2880,0.0294,0.0450,-0.0655,-1.0109,1.0140,0.0697,-0.0679,-0.9953,0.0423,-0.0653,-0.0583,0.0972,0,0,Lateral Rollover (360°),Rollover Flips
12296.8,2026-10-03T11:23:21Z,-0.0169,0.0042,0.0042,0.1757,0.0179,0.0518,-0.0643,-0.9911,0.9945,0.0686,-0.0685,-0.9953,0.0287,-0.0490,-0.0654,0.0866,0,0,Lateral Rollover (360°),Rollover Flips
12317.1,2026-10-03T11:23:21Z,0.0010,0.0006,0.0146,0.1438,0.0147,0.0687,-0.0682,-0.9807,0.9855,0.0677,-0.0688,-0.9953,0.0094,-0.0557,-0.0547,0.0786,0,0,Lateral Rollover (360°),Rollover Flips
12337.0,2026-10-03T11:23:21Z,0.0004,0.0014,0.0308,0.3028,0.0309,0.0669,-0.0674,-0.9646,0.9692,0.0665,-0.0688,-0.9954,-0.0073,-0.0794,-0.0537,0.0961,0,0,Lateral Rollover (360°),Rollover Flips
12357.2,2026-10-03T11:23:21Z,0.0066,-0.0061,0.0282,0.2903,0.0296,0.0708,-0.0745,-0.9674,0.9728,0.0643,-0.0684,-0.9956,-0.0164,-0.1463,-0.0614,0.1595,0,0,Lateral Rollover (360°),Rollover Flips
12377.3,2026-10-03T11:23:21Z,0.0151,-0.0014,0.0180,0.2310,0.0236,0.0760,-0.0694,-0.9778,0.9832,0.0610,-0.0680,-0.9958,-0.0159,-0.1975,-0.0605,0.2072,0,0,Lateral Rollover (360°),Rollover Flips
12397.3,2026-10-03T11:23:21Z,0.0147,0.0012,-0.0022,0.1463,0.0149,0.0714,-0.0666,-0.9982,1.0030,0.0566,-0.0678,-0.9961,0.0079,-0.2331,-0.0473,0.2380,0,0,Lateral Rollover (360°),Rollover Flips
12417.2,2026-10-03T11:23:21Z,0.0096,0.0048,-0.0111,0.1512,0.0154,0.0619,-0.0632,-1.0074,1.0113,0.0523,-0.0680,-0.9963,0.0152,-0.2002,-0.0305,0.2031,0,0,Lateral Rollover (360°),Rollover Flips
12437.6,2026-10-03T11:23:21Z,0.0049,0.0046,-0.0186,0.1938,0.0198,0.0535,-0.0638,-1.0151,1.0185,0.0486,-0.0684,-0.9965,0.0224,-0.1699,-0.0160,0.1721,0,0,Lateral Rollover (360°),Rollover Flips
12457.7,2026-10-03T11:23:21Z,0.0022,0.0100,-0.0221,0.2386,0.0243,0.0476,-0.0591,-1.0187,1.0215,0.0455,-0.0691,-0.9966,0.0500,-0.1502,-0.0052,0.1584,0,0,Lateral Rollover (360°),Rollover Flips
12477.6,2026-10-03T11:23:21Z,0.0015,0.0039,-0.0115,0.1205,0.0123,0.0441,-0.0662,-1.0082,1.0113,0.0426,-0.0701,-0.9966,0.0399,-0.1400,-0.0031,0.1456,0,0,Lateral Rollover (360°),Rollover Flips
12497.8,2026-10-03T11:23:21Z,0.0043,0.0065,-0.0082,0.1107,0.0113,0.0441,-0.0641,-1.0049,1.0079,0.0398,-0.0705,-0.9967,0.0070,-0.1446,0.0131,0.1454,0,0,Lateral Rollover (360°),Rollover Flips
12518.1,2026-10-03T11:23:21Z,0.0119,0.0061,-0.0163,0.2070,0.0211,0.0482,-0.0643,-1.0132,1.0164,0.0363,-0.0704,-0.9969,-0.0187,-0.2160,0.0250,0.2182,0,0,Lateral Rollover (360°),Rollover Flips
12538.0,2026-10-03T11:23:21Z,0.0185,0.0143,-0.0467,0.5126,0.0523,0.0497,-0.0560,-1.0438,1.0465,0.0311,-0.0703,-0.9970,0.0067,-0.2902,0.0420,0.2933,0,0,Lateral Rollover (360°),Rollover Flips
12558.2,2026-10-03T11:23:21Z,0.0104,0.0242,-0.0587,0.6310,0.0643,0.0356,-0.0464,-1.0559,1.0575,0.0251,-0.0707,-0.9972,0.0376,-0.2814,0.0532,0.2889,0,0,Lateral Rollover (360°),Rollover Flips
12578.2,2026-10-03T11:23:21Z,0.0049,0.0344,-0.0651,0.7231,0.0737,0.0247,-0.0376,-1.0623,1.0632,0.0198,-0.0720,-0.9972,0.0889,-0.2553,0.0407,0.2733,0,0,Lateral Rollover (360°),Rollover Flips
12598.3,2026-10-03T11:23:21Z,0.0294,0.0552,-0.0757,0.9631,0.0982,0.0434,-0.0190,-1.0728,1.0739,0.0140,-0.0742,-0.9971,0.1457,-0.3395,0.0370,0.3712,0,0,Lateral Rollover (360°),Rollover Flips
12618.4,2026-10-03T11:23:21Z,0.0315,0.0906,-0.0943,1.3191,0.1345,0.0385,0.0117,-1.0912,1.0919,0.0070,-0.0789,-0.9969,0.3384,-0.3059,0.1040,0.4679,0,0,Lateral Rollover (360°),Rollover Flips
12638.6,2026-10-03T11:23:21Z,0.0185,0.0768,-0.0229,0.8069,0.0823,0.0211,-0.0111,-1.0190,1.0193,0.0025,-0.0879,-0.9961,0.5433,-0.1198,0.1735,0.5827,0,0,Lateral Rollover (360°),Rollover Flips
12658.8,2026-10-03T11:23:21Z,0.0168,0.0148,0.1283,1.2775,0.1303,0.0178,-0.0847,-0.8667,0.8710,0.0010,-0.0995,-0.9950,0.5854,-0.0104,0.1692,0.6095,0,0,Lateral Rollover (360°),Rollover Flips
12678.8,2026-10-03T11:23:21Z,0.0176,-0.0468,0.2485,2.4854,0.2534,0.0182,-0.1566,-0.7455,0.7620,0.0006,-0.1098,-0.9940,0.4084,-0.0265,0.0933,0.4197,0,0,Lateral Rollover (360°),Rollover Flips
12698.9,2026-10-03T11:23:21Z,0.0190,-0.0966,0.2907,3.0096,0.3069,0.0177,-0.2110,-0.7028,0.7340,-0.0013,-0.1144,-0.9934,0.0183,-0.1785,-0.0662,0.1912,0,0,Lateral Rollover (360°),Rollover Flips
12719.1,2026-10-03T11:23:21Z,0.0289,-0.0748,0.2101,2.2057,0.2249,0.0232,-0.1849,-0.7838,0.8056,-0.0057,-0.1101,-0.9939,-0.4356,-0.2504,-0.1870,0.5361,0,0,Lateral Rollover (360°),Rollover Flips
12739.2,2026-10-03T11:23:21Z,0.0262,-0.0164,0.0368,0.4714,0.0481,0.0167,-0.1147,-0.9583,0.9653,-0.0095,-0.0983,-0.9951,-0.7145,-0.1692,-0.2003,0.7611,0,0,Lateral Rollover (360°),Rollover Flips
12759.3,2026-10-03T11:23:21Z,0.0126,0.0205,-0.1367,1.3609,0.1388,0.0013,-0.0631,-1.1331,1.1349,-0.0112,-0.0836,-0.9964,-0.7085,-0.0273,-0.1845,0.7326,0,0,Lateral Rollover (360°),Rollover Flips
12779.4,2026-10-03T11:23:21Z,0.0125,0.0576,-0.2308,2.3360,0.2382,0.0027,-0.0141,-1.2282,1.2283,-0.0098,-0.0717,-0.9974,-0.4485,0.1531,-0.1060,0.4857,0,0,Lateral Rollover (360°),Rollover Flips
12799.5,2026-10-03T11:23:21Z,0.0061,0.0597,-0.1953,2.0039,0.2043,0.0009,-0.0065,-1.1931,1.1931,-0.0052,-0.0662,-0.9978,-0.1084,0.2452,-0.0093,0.2683,0,0,Lateral Rollover (360°),Rollover Flips
12819.4,2026-10-03T11:23:21Z,0.0035,0.0227,-0.0763,0.7816,0.0797,0.0018,-0.0429,-1.0742,1.0750,-0.0017,-0.0656,-0.9978,0.0145,0.0909,0.0374,0.0994,0,0,Lateral Rollover (360°),Rollover Flips
12839.7,2026-10-03T11:23:21Z,0.0025,0.0146,-0.0295,0.3241,0.0330,0.0011,-0.0517,-1.0273,1.0286,-0.0014,-0.0663,-0.9978,0.0530,-0.0376,0.0654,0.0922,0,0,Lateral Rollover (360°),Rollover Flips
12859.8,2026-10-03T11:23:21Z,-0.0037,0.0071,0.0006,0.0790,0.0081,-0.0064,-0.0604,-0.9971,0.9990,-0.0028,-0.0676,-0.9977,0.0719,-0.0845,0.0980,0.1480,0,0,Lateral Rollover (360°),Rollover Flips
12879.8,2026-10-03T11:23:21Z,-0.0149,0.0003,0.0284,0.3149,0.0321,-0.0201,-0.0691,-0.9692,0.9718,-0.0051,-0.0693,-0.9976,0.1075,-0.1416,0.0941,0.2012,0,0,Lateral Rollover (360°),Rollover Flips
12900.0,2026-10-03T11:23:21Z,-0.0154,-0.0029,0.0627,0.6339,0.0646,-0.0247,-0.0747,-0.9347,0.9380,-0.0092,-0.0718,-0.9974,0.1312,-0.2622,0.0736,0.3023,0,0,Lateral Rollover (360°),Rollover Flips
12919.9,2026-10-03T11:23:21Z,-0.0421,-0.0212,0.0802,0.9121,0.0930,-0.0578,-0.0951,-0.9170,0.9237,-0.0157,-0.0739,-0.9971,0.0542,-0.3437,0.0040,0.3479,0,0,Lateral Rollover (360°),Rollover Flips
12940.1,2026-10-03T11:23:21Z,-0.0315,-0.0098,0.0493,0.5813,0.0593,-0.0530,-0.0829,-0.9478,0.9529,-0.0215,-0.0731,-0.9971,-0.1339,-0.2315,-0.0492,0.2719,0,0,Lateral Rollover (360°),Rollover Flips
12960.3,2026-10-03T11:23:21Z,-0.0095,0.0085,-0.0143,0.1880,0.0192,-0.0342,-0.0606,-1.0116,1.0140,-0.0247,-0.0691,-0.9973,-0.2425,-0.0948,-0.0437,0.2640,0,0,Lateral Rollover (360°),Rollover Flips
12980.3,2026-10-03T11:23:21Z,-0.0026,0.0279,-0.0711,0.7494,0.0764,-0.0280,-0.0368,-1.0687,1.0697,-0.0254,-0.0646,-0.9976,-0.1773,0.0025,-0.0061,0.1774,0,0,Lateral Rollover (360°),Rollover Flips
13000.4,2026-10-03T11:23:21Z,-0.0054,0.0230,-0.0774,0.7941,0.0810,-0.0306,-0.0393,-1.0752,1.0763,-0.0252,-0.0624,-0.9977,-0.0467,0.0046,0.0119,0.0484,0,0,Lateral Rollover (360°),Rollover Flips
13020.5,2026-10-03T11:23:21Z,-0.0085,0.0242,-0.0653,0.6879,0.0701,-0.0338,-0.0386,-1.0630,1.0642,-0.0254,-0.0628,-0.9977,0.0908,-0.0194,0.0020,0.0929,0,0,Lateral Rollover (360°),Rollover Flips
13040.8,2026-10-03T11:23:22Z,0.0062,0.0137,-0.0231,0.2706,0.0276,-0.0197,-0.0520,-1.0206,1.0222,-0.0259,-0.0657,-0.9975,0.1838,-0.0256,-0.0024,0.1856,0,0,Lateral Rollover (360°),Rollover Flips
13060.8,2026-10-03T11:23:22Z,0.0046,-0.0043,0.0306,0.3062,0.0312,-0.0218,-0.0736,-0.9667,0.9697,-0.0264,-0.0692,-0.9973,0.1498,-0.0253,-0.0102,0.1523,0,0,Lateral Rollover (360°),Rollover Flips
13080.9,2026-10-03T11:23:22Z,-0.0015,-0.0212,0.0551,0.5789,0.0590,-0.0283,-0.0924,-0.9420,0.9470,-0.0268,-0.0711,-0.9971,0.0282,-0.0172,-0.0515,0.0612,0,0,Lateral Rollover (360°),Rollover Flips
13105.7,2026-10-03T11:23:22Z,0.0018,-0.0134,0.0282,0.3070,0.0313,-0.0250,-0.0837,-0.9689,0.9729,-0.0268,-0.0702,-0.9972,-0.1127,0.0181,-0.0883,0.1444,0,0,Lateral Rollover (360°),Rollover Flips
13121.0,2026-10-03T11:23:22Z,0.0129,0.0131,-0.0394,0.4263,0.0435,-0.0124,-0.0546,-1.0368,1.0383,-0.0253,-0.0677,-0.9974,-0.1214,0.1117,-0.0653,0.1774,0,0,Lateral Rollover (360°),Rollover Flips
13141.3,2026-10-03T11:23:22Z,0.0082,0.0232,-0.0746,0.7707,0.0786,-0.0145,-0.0431,-1.0722,1.0732,-0.0227,-0.0663,-0.9975,-0.0072,0.1287,-0.0482,0.1376,0,0,Lateral Rollover (360°),Rollover Flips
13161.3,2026-10-03T11:23:22Z,0.0056,0.0199,-0.0550,0.5763,0.0588,-0.0150,-0.0477,-1.0525,1.0537,-0.0206,-0.0676,-0.9975,0.1334,0.0613,-0.0513,0.1555,0,0,Lateral Rollover (360°),Rollover Flips
13181.4,2026-10-03T11:23:22Z,0.0028,0.0144,-0.0129,0.1912,0.0195,-0.0174,-0.0568,-1.0101,1.0119,-0.0201,-0.0712,-0.9973,0.2068,-0.0155,-0.0698,0.2188,0,0,Lateral Rollover (360°),Rollover Flips
13205.7,2026-10-03T11:23:22Z,-0.0006,0.0116,0.0178,0.2084,0.0213,-0.0212,-0.0637,-0.9792,0.9815,-0.0206,-0.0753,-0.9969,0.1859,-0.0346,-0.0970,0.2125,0,0,Lateral Rollover (360°),Rollover Flips
13221.5,2026-10-03T11:23:22Z,0.0051,0.0110,0.0242,0.2659,0.0271,-0.0159,-0.0674,-0.9725,0.9749,-0.0210,-0.0784,-0.9967,0.1186,-0.0170,-0.1051,0.1594,0,0,Lateral Rollover (360°),Rollover Flips
13241.7,2026-10-03T11:23:22Z,0.0146,0.0093,0.0362,0.3933,0.0401,-0.0061,-0.0705,-0.9604,0.9630,-0.0207,-0.0798,-0.9966,0.0050,0.0299,-0.0884,0.0934,0,0,Lateral Rollover (360°),Rollover Flips
13261.8,2026-10-03T11:23:22Z,0.0163,0.0192,0.0019,0.2474,0.0252,-0.0034,-0.0597,-0.9948,0.9966,-0.0198,-0.0789,-0.9967,-0.0797,0.0510,-0.0598,0.1119,0,0,Lateral Rollover (360°),Rollover Flips
13281.9,2026-10-03T11:23:22Z,0.0047,0.0274,-0.0359,0.4453,0.0454,-0.0137,-0.0500,-1.0327,1.0340,-0.0184,-0.0774,-0.9968,-0.0495,0.0749,-0.0397,0.0982,0,0,Lateral Rollover (360°),Rollover Flips
13306.2,2026-10-03T11:23:22Z,0.0102,0.0267,-0.0371,0.4591,0.0468,-0.0065,-0.0505,-1.0340,1.0352,-0.0167,-0.0772,-0.9969,0.0215,0.0808,-0.0263,0.0877,0,0,Lateral Rollover (360°),Rollover Flips
13322.0,2026-10-03T11:23:22Z,0.0250,0.0191,-0.0177,0.3541,0.0361,0.0096,-0.0589,-1.0145,1.0162,-0.0154,-0.0780,-0.9968,0.0566,0.0387,-0.0022,0.0686,0,0,Lateral Rollover (360°),Rollover Flips
13342.2,2026-10-03T11:23:22Z,0.0271,0.0168,-0.0066,0.3192,0.0326,0.0117,-0.0626,-1.0034,1.0054,-0.0153,-0.0794,-0.9967,0.0821,-0.0291,0.0299,0.0921,0,0,Lateral Rollover (360°),Rollover Flips
13362.4,2026-10-03T11:23:22Z,0.0173,0.0103,-0.0020,0.1984,0.0202,0.0006,-0.0711,-0.9985,1.0011,-0.0167,-0.0814,-0.9965,0.1202,-0.0954,0.0467,0.1604,0,0,Lateral Rollover (360°),Rollover Flips
13382.3,2026-10-03T11:23:22Z,0.0096,0.0087,0.0069,0.1441,0.0147,-0.0092,-0.0751,-0.9894,0.9923,-0.0189,-0.0839,-0.9963,0.1217,-0.1060,0.0491,0.1686,0,0,Lateral Rollover (360°),Rollover Flips
13406.9,2026-10-03T11:23:22Z,0.0142,0.0061,0.0166,0.2223,0.0227,-0.0069,-0.0799,-0.9795,0.9827,-0.0210,-0.0861,-0.9961,0.0976,-0.0991,0.0594,0.1512,0,0,Lateral Rollover (360°),Rollover Flips
13422.5,2026-10-03T11:23:22Z,0.0099,0.0046,0.0244,0.2622,0.0267,-0.0129,-0.0831,-0.9715,0.9751,-0.0228,-0.0877,-0.9959,0.0647,-0.0649,0.0680,0.1141,0,0,Lateral Rollover (360°),Rollover Flips
13442.7,2026-10-03T11:23:22Z,0.0027,-0.0033,0.0331,0.3270,0.0333,-0.0211,-0.0917,-0.9627,0.9673,-0.0238,-0.0883,-0.9958,-0.0022,-0.0257,0.0564,0.0620,0,0,Lateral Rollover (360°),Rollover Flips
13462.6,2026-10-03T11:23:22Z,-0.0009,-0.0006,0.0231,0.2271,0.0232,-0.0248,-0.0882,-0.9727,0.9770,-0.0239,-0.0876,-0.9959,-0.0583,0.0279,0.0376,0.0747,0,0,Lateral Rollover (360°),Rollover Flips
13483.0,2026-10-03T11:23:22Z,0.0066,0.0047,0.0163,0.1786,0.0182,-0.0167,-0.0814,-0.9797,0.9832,-0.0233,-0.0862,-0.9960,-0.0823,0.0262,0.0309,0.0917,0,0,Lateral Rollover (360°),Rollover Flips
13506.3,2026-10-03T11:23:22Z,0.0103,0.0081,0.0027,0.1308,0.0133,-0.0132,-0.0765,-0.9935,0.9965,-0.0235,-0.0846,-0.9961,-0.0720,-0.0430,0.0309,0.0894,0,0,Lateral Rollover (360°),Rollover Flips
13523.2,2026-10-03T11:23:22Z,0.0022,0.0143,-0.0214,0.2530,0.0258,-0.0227,-0.0692,-1.0175,1.0202,-0.0249,-0.0835,-0.9962,-0.0254,-0.0898,0.0333,0.0991,0,0,Lateral Rollover (360°),Rollover Flips
13543.4,2026-10-03T11:23:22Z,-0.0107,0.0145,-0.0349,0.3846,0.0392,-0.0373,-0.0689,-1.0310,1.0340,-0.0266,-0.0834,-0.9962,0.0074,-0.0619,0.0270,0.0679,0,0,Lateral Rollover (360°),Rollover Flips
13563.3,2026-10-03T11:23:22Z,-0.0041,0.0134,-0.0377,0.3944,0.0402,-0.0315,-0.0703,-1.0338,1.0367,-0.0273,-0.0837,-0.9961,0.0240,-0.0106,0.0298,0.0397,0,0,Lateral Rollover (360°),Rollover Flips
13583.4,2026-10-03T11:23:22Z,-0.0041,0.0158,-0.0298,0.3331,0.0340,-0.0315,-0.0683,-1.0258,1.0286,-0.0274,-0.0842,-0.9961,0.0246,0.0049,0.0396,0.0469,0,0,Lateral Rollover (360°),Rollover Flips
13606.8,2026-10-03T11:23:22Z,0.0027,-0.0033,-0.0174,0.1760,0.0179,-0.0249,-0.0877,-1.0135,1.0176,-0.0276,-0.0844,-0.9960,0.0034,-0.0268,0.0422,0.0501,0,0,Lateral Rollover (360°),Rollover Flips
13623.6,2026-10-03T11:23:22Z,-0.0004,0.0057,-0.0199,0.2035,0.0208,-0.0289,-0.0788,-1.0160,1.0194,-0.0285,-0.0845,-0.9960,0.0122,-0.0477,0.0385,0.0625,0,0,Lateral Rollover (360°),Rollover Flips
13643.8,2026-10-03T11:23:22Z,-0.0051,-0.0008,-0.0134,0.1408,0.0144,-0.0349,-0.0856,-1.0094,1.0136,-0.0298,-0.0848,-0.9960,0.0119,-0.0856,0.0375,0.0942,0,0,Lateral Rollover (360°),Rollover Flips
13664.0,2026-10-03T11:23:22Z,-0.0110,0.0010,-0.0255,0.2727,0.0278,-0.0428,-0.0838,-1.0214,1.0257,-0.0318,-0.0848,-0.9959,0.0013,-0.1007,0.0117,0.1014,0,0,Lateral Rollover (360°),Rollover Flips
13684.0,2026-10-03T11:23:22Z,-0.0119,0.0044,-0.0443,0.4515,0.0460,-0.0457,-0.0806,-1.0401,1.0442,-0.0338,-0.0850,-0.9958,0.0256,-0.0952,0.0018,0.0986,0,0,Lateral Rollover (360°),Rollover Flips
13705.9,2026-10-03T11:23:22Z,-0.0104,0.0115,-0.0442,0.4591,0.0468,-0.0457,-0.0746,-1.0398,1.0435,-0.0354,-0.0861,-0.9957,0.0829,-0.0656,0.0026,0.1058,0,0,Lateral Rollover (360°),Rollover Flips
13724.3,2026-10-03T11:23:22Z,-0.0087,0.0056,-0.0182,0.2053,0.0209,-0.0451,-0.0827,-1.0136,1.0180,-0.0364,-0.0882,-0.9954,0.1258,-0.0410,0.0052,0.1325,0,0,Lateral Rollover (360°),Rollover Flips
13744.2,2026-10-03T11:23:22Z,-0.0051,-0.0040,0.0168,0.1768,0.0180,-0.0423,-0.0948,-0.9783,0.9838,-0.0372,-0.0908,-0.9952,0.1273,-0.0442,-0.0047,0.1349,0,0,Lateral Rollover (360°),Rollover Flips
13764.6,2026-10-03T11:23:22Z,0.0036,-0.0121,0.0469,0.4759,0.0485,-0.0346,-0.1050,-0.9481,0.9545,-0.0381,-0.0929,-0.9949,0.0734,-0.0504,-0.0148,0.0903,0,0,Lateral Rollover (360°),Rollover Flips
13784.6,2026-10-03T11:23:22Z,0.0083,-0.0124,0.0509,0.5199,0.0530,-0.0308,-0.1059,-0.9440,0.9504,-0.0391,-0.0936,-0.9948,-0.0098,-0.0506,-0.0162,0.0540,0,0,Lateral Rollover (360°),Rollover Flips
13806.3,2026-10-03T11:23:22Z,0.0047,-0.0042,0.0295,0.2961,0.0302,-0.0354,-0.0969,-0.9653,0.9708,-0.0401,-0.0927,-0.9949,-0.0673,-0.0518,-0.0172,0.0866,0,0,Lateral Rollover (360°),Rollover Flips
13824.8,2026-10-03T11:23:22Z,-0.0014,0.0101,-0.0066,0.1188,0.0121,-0.0426,-0.0812,-1.0016,1.0057,-0.0411,-0.0913,-0.9950,-0.0707,-0.0568,-0.0227,0.0935,0,0,Lateral Rollover (360°),Rollover Flips
13844.8,2026-10-03T11:23:22Z,-0.0002,0.0209,-0.0385,0.4295,0.0438,-0.0424,-0.0695,-1.0335,1.0367,-0.0422,-0.0903,-0.9950,-0.0085,-0.0411,-0.0256,0.0491,0,0,Lateral Rollover (360°),Rollover Flips
13865.0,2026-10-03T11:23:22Z,0.0105,0.0233,-0.0315,0.3974,0.0405,-0.0322,-0.0678,-1.0264,1.0292,-0.0427,-0.0911,-0.9949,0.0789,-0.0192,-0.0166,0.0829,0,0,Lateral Rollover (360°),Rollover Flips
13885.2,2026-10-03T11:23:22Z,0.0213,0.0097,0.0080,0.2427,0.0248,-0.0220,-0.0833,-0.9867,0.9905,-0.0433,-0.0930,-0.9947,0.1013,-0.0487,-0.0159,0.1135,0,0,Lateral Rollover (360°),Rollover Flips
13905.2,2026-10-03T11:23:22Z,0.0232,0.0017,0.0268,0.3478,0.0355,-0.0212,-0.0929,-0.9677,0.9724,-0.0444,-0.0946,-0.9945,0.0498,-0.0540,-0.0182,0.0757,0,0,Lateral Rollover (360°),Rollover Flips
13925.1,2026-10-03T11:23:22Z,0.0248,0.0019,0.0241,0.3395,0.0346,-0.0202,-0.0931,-0.9704,0.9751,-0.0450,-0.0949,-0.9945,-0.0159,-0.0066,-0.0157,0.0233,0,0,Lateral Rollover (360°),Rollover Flips
13945.4,2026-10-03T11:23:22Z,0.0307,0.0063,0.0131,0.3328,0.0339,-0.0141,-0.0879,-0.9814,0.9855,-0.0448,-0.0942,-0.9945,-0.0549,0.0152,-0.0070,0.0574,0,0,Lateral Rollover (360°),Rollover Flips
13965.5,2026-10-03T11:23:22Z,0.0299,0.0114,-0.0058,0.3186,0.0325,-0.0148,-0.0818,-1.0005,1.0039,-0.0447,-0.0931,-0.9947,-0.0473,-0.0126,0.0000,0.0490,0,0,Lateral Rollover (360°),Rollover Flips
13986.8,2026-10-03T11:23:22Z,0.0265,0.0142,-0.0223,0.3675,0.0375,-0.0187,-0.0781,-1.0170,1.0202,-0.0453,-0.0923,-0.9947,-0.0290,-0.0365,0.0061,0.0470,0,0,Lateral Rollover (360°),Rollover Flips
14005.7,2026-10-03T11:23:22Z,0.0237,0.0183,-0.0347,0.4498,0.0459,-0.0223,-0.0738,-1.0294,1.0323,-0.0460,-0.0921,-0.9947,0.0048,-0.0294,0.0140,0.0329,0,0,Lateral Rollover (360°),Rollover Flips
14025.9,2026-10-03T11:23:22Z,0.0269,0.0153,-0.0273,0.4050,0.0413,-0.0194,-0.0770,-1.0220,1.0250,-0.0463,-0.0923,-0.9947,0.0172,-0.0045,0.0293,0.0343,0,0,Lateral Rollover (360°),Rollover Flips
14045.9,2026-10-03T11:23:23Z,0.0216,0.0114,-0.0148,0.2801,0.0286,-0.0249,-0.0812,-1.0094,1.0130,-0.0465,-0.0926,-0.9946,0.0170,-0.0080,0.0363,0.0408,0,0,Lateral Rollover (360°),Rollover Flips
14066.1,2026-10-03T11:23:23Z,0.0147,0.0078,-0.0067,0.1756,0.0179,-0.0320,-0.0850,-1.0013,1.0054,-0.0467,-0.0928,-0.9946,0.0041,0.0047,0.0374,0.0379,0,0,Lateral Rollover (360°),Rollover Flips
14086.1,2026-10-03T11:23:23Z,0.0121,0.0093,-0.0043,0.1551,0.0158,-0.0343,-0.0834,-0.9989,1.0030,-0.0464,-0.0927,-0.9946,-0.0137,0.0285,0.0486,0.0580,0,0,Lateral Rollover (360°),Rollover Flips
14106.9,2026-10-03T11:23:23Z,0.0059,0.0062,-0.0069,0.1081,0.0110,-0.0400,-0.0859,-1.0016,1.0061,-0.0459,-0.0922,-0.9947,-0.0287,0.0261,0.0439,0.0586,0,0,Lateral Rollover (360°),Rollover Flips
14126.3,2026-10-03T11:23:23Z,0.0119,0.0134,-0.0206,0.2681,0.0273,-0.0335,-0.0782,-1.0154,1.0189,-0.0454,-0.0916,-0.9948,-0.0134,0.0263,0.0493,0.0574,0,0,Lateral Rollover (360°),Rollover Flips
14146.4,2026-10-03T11:23:23Z,0.0110,0.0158,-0.0291,0.3427,0.0349,-0.0339,-0.0760,-1.0239,1.0273,-0.0449,-0.0918,-0.9948,0.0480,0.0349,0.0729,0.0940,0,0,Lateral Rollover (360°),Rollover Flips
14166.5,2026-10-03T11:23:23Z,-0.0008,0.0061,-0.0077,0.0971,0.0099,-0.0454,-0.0872,-1.0024,1.0072,-0.0446,-0.0934,-0.9946,0.1069,0.0056,0.0658,0.1257,0,0,Lateral Rollover (360°),Rollover Flips
14186.6,2026-10-03T11:23:23Z,-0.0036,-0.0071,0.0268,0.2741,0.0280,-0.0485,-0.1026,-0.9676,0.9743,-0.0449,-0.0955,-0.9944,0.0973,-0.0253,0.0463,0.1106,0,0,Lateral Rollover (360°),Rollover Flips
14206.5,2026-10-03T11:23:23Z,-0.0071,-0.0123,0.0402,0.4179,0.0426,-0.0525,-0.1091,-0.9541,0.9617,-0.0454,-0.0968,-0.9943,0.0260,-0.0047,0.0186,0.0323,0,0,Lateral Rollover (360°),Rollover Flips
14226.8,2026-10-03T11:23:23Z,-0.0039,-0.0050,0.0283,0.2840,0.0290,-0.0489,-0.1014,-0.9661,0.9726,-0.0450,-0.0964,-0.9943,-0.0554,0.0373,-0.0043,0.0669,0,0,Lateral Rollover (360°),Rollover Flips
14246.9,2026-10-03T11:23:23Z,0.0043,0.0068,0.0027,0.0830,0.0085,-0.0396,-0.0880,-0.9919,0.9966,-0.0439,-0.0948,-0.9945,-0.0936,0.0753,0.0005,0.1201,0,0,Lateral Rollover (360°),Rollover Flips
14267.2,2026-10-03T11:23:23Z,0.0022,0.0121,-0.0173,0.2085,0.0213,-0.0400,-0.0809,-1.0121,1.0161,-0.0422,-0.0930,-0.9948,-0.0781,0.0919,0.0103,0.1210,0,0,Lateral Rollover (360°),Rollover Flips
14287.2,2026-10-03T11:23:23Z,-0.0025,0.0107,-0.0219,0.2401,0.0245,-0.0430,-0.0813,-1.0168,1.0210,-0.0405,-0.0920,-0.9949,-0.0203,0.0734,0.0052,0.0763,0,0,Lateral Rollover (360°),Rollover Flips
14307.1,2026-10-03T11:23:23Z,0.0099,0.0083,-0.0007,0.1274,0.0130,-0.0295,-0.0836,-0.9957,0.9996,-0.0394,-0.0920,-0.9950,0.0112,0.0278,0.0064,0.0306,0,0,Lateral Rollover (360°),Rollover Flips
14327.3,2026-10-03T11:23:23Z,0.0157,0.0065,0.0092,0.1893,0.0193,-0.0237,-0.0856,-0.9858,0.9898,-0.0394,-0.0921,-0.9950,-0.0015,-0.0113,0.0258,0.0282,0,0,Lateral Rollover (360°),Rollover Flips
14347.5,2026-10-03T11:23:23Z,0.0072,0.0080,0.0143,0.1757,0.0179,-0.0325,-0.0839,-0.9806,0.9848,-0.0397,-0.0919,-0.9950,-0.0208,-0.0077,0.0442,0.0495,0,0,Lateral Rollover (360°),Rollover Flips
14367.5,2026-10-03T11:23:23Z,0.0042,0.0070,0.0171,0.1862,0.0190,-0.0357,-0.0841,-0.9779,0.9822,-0.0399,-0.0911,-0.9950,-0.0506,-0.0037,0.0547,0.0746,0,0,Lateral Rollover (360°),Rollover Flips
14387.5,2026-10-03T11:23:23Z,-0.0012,0.0011,0.0024,0.0283,0.0029,-0.0417,-0.0886,-0.9928,0.9976,-0.0405,-0.0897,-0.9951,-0.0744,-0.0520,0.0481,0.1027,0,0,Lateral Rollover (360°),Rollover Flips
14407.7,2026-10-03T11:23:23Z,-0.0104,0.0052,-0.0289,0.3051,0.0311,-0.0523,-0.0833,-1.0241,1.0288,-0.0419,-0.0885,-0.9952,-0.0332,-0.0752,0.0329,0.0885,0,0,Lateral Rollover (360°),Rollover Flips
14427.9,2026-10-03T11:23:23Z,-0.0078,0.0063,-0.0332,0.3396,0.0346,-0.0512,-0.0818,-1.0283,1.0328,-0.0434,-0.0881,-0.9952,-0.0126,-0.0718,0.0392,0.0827,0,0,Lateral Rollover (360°),Rollover Flips
14447.8,2026-10-03T11:23:23Z,-0.0105,0.0048,-0.0346,0.3582,0.0365,-0.0551,-0.0831,-1.0298,1.0346,-0.0446,-0.0878,-0.9951,-0.0061,-0.0317,0.0479,0.0578,0,0,Lateral Rollover (360°),Rollover Flips
14468.2,2026-10-03T11:23:23Z,-0.0143,0.0016,-0.0331,0.3538,0.0361,-0.0592,-0.0864,-1.0282,1.0335,-0.0449,-0.0879,-0.9951,0.0302,0.0094,0.0519,0.0607,0,0,Lateral Rollover (360°),Rollover Flips
14488.1,2026-10-03T11:23:23Z,-0.0155,-0.0106,-0.0052,0.1913,0.0195,-0.0603,-0.0994,-1.0003,1.0070,-0.0448,-0.0888,-0.9950,0.0554,0.0005,0.0336,0.0648,0,0,Lateral Rollover (360°),Rollover Flips
14508.3,2026-10-03T11:23:23Z,-0.0100,-0.0139,0.0239,0.2884,0.0294,-0.0552,-0.1037,-0.9711,0.9781,-0.0452,-0.0898,-0.9949,0.0343,-0.0317,0.0133,0.0486,0,0,Lateral Rollover (360°),Rollover Flips
14528.5,2026-10-03T11:23:23Z,-0.0098,-0.0124,0.0220,0.2654,0.0271,-0.0557,-0.1023,-0.9729,0.9799,-0.0460,-0.0899,-0.9949,-0.0158,-0.0395,-0.0026,0.0426,0,0,Lateral Rollover (360°),Rollover Flips
14548.7,2026-10-03T11:23:23Z,-0.0075,-0.0027,-0.0049,0.0914,0.0093,-0.0540,-0.0921,-0.9998,1.0055,-0.0465,-0.0894,-0.9949,-0.0296,-0.0114,-0.0138,0.0346,0,0,Lateral Rollover (360°),Rollover Flips
14568.7,2026-10-03T11:23:23Z,-0.0055,0.0026,-0.0119,0.1310,0.0134,-0.0520,-0.0863,-1.0068,1.0119,-0.0464,-0.0890,-0.9950,-0.0109,0.0046,-0.0253,0.0279,0,0,Lateral Rollover (360°),Rollover Flips
14588.7,2026-10-03T11:23:23Z,0.0025,0.0057,-0.0101,0.1162,0.0119,-0.0439,-0.0833,-1.0051,1.0095,-0.0464,-0.0889,-0.9950,0.0007,-0.0070,-0.0345,0.0352,0,0,Lateral Rollover (360°),Rollover Flips
14608.8,2026-10-03T11:23:23Z,0.0118,0.0115,-0.0106,0.1921,0.0196,-0.0347,-0.0776,-1.0055,1.0091,-0.0465,-0.0891,-0.9949,0.0117,-0.0030,-0.0288,0.0312,0,0,Lateral Rollover (360°),Rollover Flips
14628.9,2026-10-03T11:23:23Z,0.0118,0.0085,-0.0004,0.1429,0.0146,-0.0346,-0.0809,-0.9953,0.9992,-0.0464,-0.0894,-0.9949,0.0162,0.0042,-0.0184,0.0248,0,0,Lateral Rollover (360°),Rollover Flips
14649.1,2026-10-03T11:23:23Z,0.0095,0.0015,0.0095,0.1326,0.0135,-0.0370,-0.0881,-0.9854,0.9900,-0.0465,-0.0896,-0.9949,-0.0012,-0.0209,-0.0305,0.0370,0,0,Lateral Rollover (360°),Rollover Flips
14669.2,2026-10-03T11:23:23Z,0.0126,0.0045,0.0040,0.1364,0.0139,-0.0343,-0.0849,-0.9909,0.9952,-0.0469,-0.0894,-0.9949,-0.0246,-0.0165,-0.0365,0.0470,0,0,Lateral Rollover (360°),Rollover Flips
14689.4,2026-10-03T11:23:23Z,0.0090,0.0099,-0.0079,0.1521,0.0155,-0.0380,-0.0789,-1.0029,1.0067,-0.0470,-0.0887,-0.9949,-0.0382,0.0065,-0.0338,0.0515,0,0,Lateral Rollover (360°),Rollover Flips
14709.1,2026-10-03T11:23:23Z,0.0079,0.0115,-0.0201,0.2396,0.0244,-0.0385,-0.0765,-1.0151,1.0187,-0.0465,-0.0880,-0.9950,-0.0343,0.0315,-0.0407,0.0618,0,0,Lateral Rollover (360°),Rollover Flips
14729.4,2026-10-03T11:23:23Z,0.0178,0.0202,-0.0283,0.3831,0.0391,-0.0279,-0.0674,-1.0234,1.0260,-0.0457,-0.0877,-0.9951,0.0013,0.0413,-0.0252,0.0484,0,0,Lateral Rollover (360°),Rollover Flips
14749.6,2026-10-03T11:23:23Z,0.0171,0.0141,-0.0126,0.2499,0.0255,-0.0279,-0.0739,-1.0077,1.0108,-0.0450,-0.0880,-0.9951,0.0282,0.0205,-0.0119,0.0369,0,0,Lateral Rollover (360°),Rollover Flips
14769.7,2026-10-03T11:23:23Z,0.0120,0.0122,0.0089,0.1891,0.0193,-0.0328,-0.0763,-0.9862,0.9897,-0.0448,-0.0885,-0.9951,0.0144,0.0035,-0.0144,0.0207,0,0,Lateral Rollover (360°),Rollover Flips
14789.8,2026-10-03T11:23:23Z,0.0090,0.0120,0.0117,0.1861,0.0190,-0.0355,-0.0764,-0.9834,0.9870,-0.0445,-0.0884,-0.9951,-0.0270,0.0304,-0.0105,0.0420,0,0,Lateral Rollover (360°),Rollover Flips
14809.7,2026-10-03T11:23:23Z,0.0057,0.0167,0.0017,0.1744,0.0178,-0.0378,-0.0709,-0.9935,0.9968,-0.0435,-0.0877,-0.9952,-0.0427,0.0653,-0.0167,0.0798,0,0,Lateral Rollover (360°),Rollover Flips
14830.0,2026-10-03T11:23:23Z,0.0173,0.0225,-0.0059,0.2845,0.0290,-0.0246,-0.0644,-1.0012,1.0036,-0.0420,-0.0869,-0.9953,-0.0236,0.0856,-0.0048,0.0890,0,0,Lateral Rollover (360°),Rollover Flips
14849.9,2026-10-03T11:23:23Z,0.0238,0.0167,0.0062,0.2915,0.0297,-0.0164,-0.0700,-0.9892,0.9918,-0.0402,-0.0866,-0.9954,-0.0119,0.0856,0.0147,0.0877,0,0,Lateral Rollover (360°),Rollover Flips
14870.3,2026-10-03T11:23:23Z,0.0082,0.0035,0.0253,0.2631,0.0268,-0.0303,-0.0826,-0.9702,0.9742,-0.0385,-0.0861,-0.9955,-0.0531,0.0978,0.0021,0.1113,0,0,Lateral Rollover (360°),Rollover Flips
14890.3,2026-10-03T11:23:23Z,0.0168,0.0048,0.0149,0.2255,0.0230,-0.0202,-0.0798,-0.9808,0.9842,-0.0370,-0.0846,-0.9957,-0.0843,0.0429,0.0028,0.0946,0,0,Lateral Rollover (360°),Rollover Flips
14910.4,2026-10-03T11:23:23Z,0.0103,0.0103,-0.0028,0.1455,0.0148,-0.0262,-0.0729,-0.9987,1.0017,-0.0365,-0.0832,-0.9959,-0.0551,0.0070,0.0080,0.0561,0,0,Lateral Rollover (360°),Rollover Flips
14930.5,2026-10-03T11:23:23Z,-0.0012,-0.0018,-0.0043,0.0472,0.0048,-0.0378,-0.0841,-1.0002,1.0045,-0.0366,-0.0823,-0.9959,-0.0431,-0.0098,-0.0012,0.0442,0,0,Lateral Rollover (360°),Rollover Flips
14950.5,2026-10-03T11:23:23Z,-0.0046,-0.0004,-0.0116,0.1226,0.0125,-0.0414,-0.0817,-1.0076,1.0118,-0.0367,-0.0813,-0.9960,-0.0575,0.0005,-0.0142,0.0592,0,0,Lateral Rollover (360°),Rollover Flips
14970.7,2026-10-03T11:23:23Z,-0.0065,0.0036,-0.0259,0.2638,0.0269,-0.0430,-0.0764,-1.0220,1.0257,-0.0365,-0.0801,-0.9961,-0.0577,0.0168,-0.0120,0.0613,0,0,Lateral Rollover (360°),Rollover Flips
14990.8,2026-10-03T11:23:23Z,-0.0091,0.0026,-0.0317,0.3241,0.0331,-0.0453,-0.0765,-1.0279,1.0317,-0.0361,-0.0791,-0.9962,-0.0350,0.0170,-0.0187,0.0432,0,0,Lateral Rollover (360°),Rollover Flips
15010.9,2026-10-03T11:23:23Z,-0.0037,0.0051,-0.0303,0.3034,0.0309,-0.0395,-0.0736,-1.0266,1.0299,-0.0358,-0.0787,-0.9963,-0.0089,0.0148,-0.0153,0.0230,0,0,Lateral Rollover (360°),Rollover Flips
15031.1,2026-10-03T11:23:23Z,0.0010,0.0103,-0.0290,0.3018,0.0308,-0.0343,-0.0685,-1.0252,1.0281,-0.0353,-0.0788,-0.9963,0.0221,0.0300,0.0007,0.0373,0,0,Lateral Rollover (360°),Rollover Flips
15051.2,2026-10-03T11:23:24Z,-0.0016,-0.0001,-0.0086,0.0857,0.0087,-0.0365,-0.0795,-1.0048,1.0086,-0.0348,-0.0794,-0.9962,0.0274,0.0098,0.0038,0.0294,0,0,Lateral Rollover (360°),Rollover Flips
15071.3,2026-10-03T11:23:24Z,-0.0045,-0.0005,-0.0013,0.0463,0.0047,-0.0392,-0.0804,-0.9975,1.0015,-0.0347,-0.0799,-0.9962,0.0272,0.0059,-0.0045,0.0282,0,0,Lateral Rollover (360°),Rollover Flips
15091.4,2026-10-03T11:23:24Z,-0.0051,0.0018,0.0019,0.0560,0.0057,-0.0396,-0.0784,-0.9943,0.9982,-0.0345,-0.0803,-0.9962,0.0085,0.0152,-0.0117,0.0210,0,0,Lateral Rollover (360°),Rollover Flips
15111.5,2026-10-03T11:23:24Z,-0.0002,0.0091,0.0000,0.0890,0.0091,-0.0343,-0.0713,-0.9961,0.9993,-0.0341,-0.0804,-0.9962,0.0057,0.0297,-0.0082,0.0313,0,0,Lateral Rollover (360°),Rollover Flips
15131.5,2026-10-03T11:23:24Z,0.0052,0.0062,0.0060,0.0988,0.0101,-0.0282,-0.0742,-0.9902,0.9934,-0.0334,-0.0805,-0.9962,-0.0009,0.0242,-0.0117,0.0269,0,0,Lateral Rollover (360°),Rollover Flips
15153.3,2026-10-03T11:23:24Z,0.0124,0.0090,0.0077,0.1681,0.0171,-0.0206,-0.0713,-0.9885,0.9913,-0.0330,-0.0803,-0.9962,-0.0171,0.0215,-0.0127,0.0303,0,0,Lateral Rollover (360°),Rollover Flips
15171.7,2026-10-03T11:23:24Z,0.0188,0.0171,0.0034,0.2511,0.0256,-0.0137,-0.0628,-0.9929,0.9950,-0.0325,-0.0798,-0.9963,-0.0200,0.0294,0.0010,0.0356,0,0,Lateral Rollover (360°),Rollover Flips
15191.9,2026-10-03T11:23:24Z,0.0168,0.0177,-0.0056,0.2450,0.0250,-0.0152,-0.0619,-1.0019,1.0040,-0.0320,-0.0795,-0.9963,-0.0053,0.0155,0.0045,0.0170,0,0,Lateral Rollover (360°),Rollover Flips
15213.2,2026-10-03T11:23:24Z,0.0141,0.0129,-0.0012,0.1873,0.0191,-0.0179,-0.0668,-0.9975,0.9999,-0.0320,-0.0797,-0.9963,0.0169,-0.0190,0.0113,0.0278,0,0,Lateral Rollover (360°),Rollover Flips
15232.1,2026-10-03T11:23:24Z,0.0100,0.0062,0.0096,0.1489,0.0152,-0.0226,-0.0738,-0.9867,0.9897,-0.0326,-0.0800,-0.9963,0.0117,-0.0385,0.0101,0.0415,0,0,Lateral Rollover (360°),Rollover Flips
15252.2,2026-10-03T11:23:24Z,0.0024,-0.0012,0.0070,0.0734,0.0075,-0.0308,-0.0810,-0.9893,0.9931,-0.0332,-0.0798,-0.9963,-0.0269,-0.0186,0.0057,0.0331,0,0,Lateral Rollover (360°),Rollover Flips
15272.3,2026-10-03T11:23:24Z,0.0040,-0.0025,-0.0106,0.1137,0.0116,-0.0291,-0.0815,-1.0069,1.0106,-0.0332,-0.0790,-0.9963,-0.0427,0.0211,-0.0019,0.0476,0,0,Lateral Rollover (360°),Rollover Flips
15292.3,2026-10-03T11:23:24Z,0.0069,0.0040,-0.0211,0.2217,0.0226,-0.0255,-0.0744,-1.0175,1.0206,-0.0325,-0.0784,-0.9964,-0.0150,0.0441,-0.0016,0.0466,0,0,Lateral Rollover (360°),Rollover Flips
15313.2,2026-10-03T11:23:24Z,0.0109,0.0010,-0.0139,0.1741,0.0178,-0.0209,-0.0773,-1.0104,1.0135,-0.0319,-0.0783,-0.9964,0.0024,0.0130,-0.0045,0.0139,0,0,Lateral Rollover (360°),Rollover Flips
15332.7,2026-10-03T11:23:24Z,0.0116,0.0034,-0.0045,0.1267,0.0129,-0.0201,-0.0750,-1.0009,1.0039,-0.0317,-0.0784,-0.9964,0.0025,0.0033,-0.0005,0.0042,0,0,Lateral Rollover (360°),Rollover Flips
15352.5,2026-10-03T11:23:24Z,0.0098,0.0040,-0.0054,0.1168,0.0119,-0.0218,-0.0741,-1.0019,1.0048,-0.0316,-0.0782,-0.9964,-0.0288,0.0142,-0.0001,0.0320,0,0,Lateral Rollover (360°),Rollover Flips
15372.7,2026-10-03T11:23:24Z,0.0088,0.0121,-0.0274,0.3060,0.0312,-0.0222,-0.0654,-1.0239,1.0262,-0.0310,-0.0776,-0.9965,-0.0212,0.0443,0.0088,0.0499,0,0,Lateral Rollover (360°),Rollover Flips
15393.0,2026-10-03T11:23:24Z,0.0077,0.0124,-0.0257,0.2897,0.0295,-0.0223,-0.0652,-1.0222,1.0245,-0.0300,-0.0775,-0.9965,0.0167,0.0528,0.0175,0.0580,0,0,Lateral Rollover (360°),Rollover Flips
15413.1,2026-10-03T11:23:24Z,0.0075,0.0089,-0.0067,0.1318,0.0134,-0.0217,-0.0692,-1.0032,1.0058,-0.0293,-0.0781,-0.9965,0.0346,0.0193,0.0188,0.0438,0,0,Lateral Rollover (360°),Rollover Flips
15433.1,2026-10-03T11:23:24Z,0.0026,0.0075,-0.0041,0.0878,0.0090,-0.0265,-0.0712,-1.0005,1.0034,-0.0291,-0.0787,-0.9965,0.0258,0.0055,0.0177,0.0318,0,0,Lateral Rollover (360°),Rollover Flips
15453.3,2026-10-03T11:23:24Z,-0.0102,0.0201,-0.0151,0.2659,0.0271,-0.0388,-0.0592,-1.0116,1.0140,-0.0286,-0.0793,-0.9964,0.0406,0.0493,0.0150,0.0656,0,0,Lateral Rollover (360°),Rollover Flips
15473.4,2026-10-03T11:23:24Z,-0.0032,0.0034,-0.0017,0.0487,0.0050,-0.0308,-0.0769,-0.9981,1.0015,-0.0276,-0.0803,-0.9964,0.0483,0.0459,0.0084,0.0672,0,0,Lateral Rollover (360°),Rollover Flips
15493.3,2026-10-03T11:23:24Z,0.0015,-0.0003,0.0144,0.1416,0.0144,-0.0254,-0.0815,-0.9820,0.9857,-0.0269,-0.0812,-0.9963,0.0431,0.0204,0.0025,0.0477,0,0,Lateral Rollover (360°),Rollover Flips
15513.1,2026-10-03T11:23:24Z,0.0007,-0.0033,0.0184,0.1838,0.0187,-0.0262,-0.0849,-0.9779,0.9819,-0.0269,-0.0817,-0.9963,0.0003,-0.0222,-0.0179,0.0285,0,0,Lateral Rollover (360°),Rollover Flips
15533.8,2026-10-03T11:23:24Z,0.0023,0.0033,-0.0014,0.0417,0.0043,-0.0251,-0.0783,-0.9977,1.0010,-0.0275,-0.0816,-0.9963,-0.0038,-0.0309,-0.0167,0.0354,0,0,Lateral Rollover (360°),Rollover Flips
15553.8,2026-10-03T11:23:24Z,0.0045,-0.0007,-0.0077,0.0876,0.0089,-0.0235,-0.0824,-1.0040,1.0076,-0.0279,-0.0817,-0.9963,0.0194,-0.0300,0.0101,0.0371,0,0,Lateral Rollover (360°),Rollover Flips
15573.9,2026-10-03T11:23:24Z,0.0056,-0.0039,-0.0005,0.0673,0.0069,-0.0232,-0.0861,-0.9967,1.0007,-0.0288,-0.0822,-0.9962,0.0294,-0.0567,0.0321,0.0715,0,0,Lateral Rollover (360°),Rollover Flips
15593.9,2026-10-03T11:23:24Z,0.0044,-0.0061,0.0002,0.0738,0.0075,-0.0260,-0.0886,-0.9959,1.0002,-0.0304,-0.0825,-0.9961,0.0056,-0.0942,0.0630,0.1135,0,0,Lateral Rollover (360°),Rollover Flips
15613.9,2026-10-03T11:23:24Z,-0.0095,0.0024,-0.0142,0.1692,0.0172,-0.0425,-0.0799,-1.0103,1.0143,-0.0330,-0.0823,-0.9961,-0.0166,-0.1541,0.0503,0.1630,0,0,Lateral Rollover (360°),Rollover Flips
15634.2,2026-10-03T11:23:24Z,-0.0246,0.0072,-0.0306,0.3914,0.0399,-0.0615,-0.0749,-1.0265,1.0311,-0.0369,-0.0821,-0.9959,0.0052,-0.2050,0.0210,0.2061,0,0,Lateral Rollover (360°),Rollover Flips
15654.3,2026-10-03T11:23:24Z,-0.0193,0.0150,-0.0399,0.4590,0.0468,-0.0604,-0.0677,-1.0356,1.0396,-0.0411,-0.0827,-0.9957,0.0602,-0.2084,0.0090,0.2171,0,0,Lateral Rollover (360°),Rollover Flips
15674.4,2026-10-03T11:23:24Z,-0.0163,0.0238,-0.0144,0.3158,0.0322,-0.0610,-0.0606,-1.0098,1.0135,-0.0447,-0.0844,-0.9954,0.1045,-0.1307,0.0746,0.1832,0,0,Lateral Rollover (360°),Rollover Flips
15694.4,2026-10-03T11:23:24Z,-0.0148,0.0114,0.0408,0.4397,0.0448,-0.0613,-0.0744,-0.9545,0.9593,-0.0465,-0.0857,-0.9952,0.0243,-0.0508,0.1387,0.1497,0,0,Lateral Rollover (360°),Rollover Flips
15714.4,2026-10-03T11:23:24Z,-0.0224,0.0152,0.0290,0.3894,0.0397,-0.0700,-0.0695,-0.9662,0.9713,-0.0476,-0.0847,-0.9953,-0.0988,-0.0339,0.0992,0.1441,0,0,Lateral Rollover (360°),Rollover Flips
15734.8,2026-10-03T11:23:24Z,-0.0439,0.0489,-0.0186,0.6699,0.0683,-0.0916,-0.0342,-1.0140,1.0187,-0.0477,-0.0830,-0.9954,-0.0337,0.0492,0.0009,0.0597,0,0,Lateral Rollover (360°),Rollover Flips
15754.8,2026-10-03T11:23:24Z,-0.0348,0.0371,-0.0111,0.5105,0.0521,-0.0811,-0.0468,-1.0065,1.0108,-0.0464,-0.0839,-0.9954,0.1104,0.0413,-0.1179,0.1667,0,0,Lateral Rollover (360°),Rollover Flips
15774.9,2026-10-03T11:23:24Z,0.0249,-0.0171,0.0282,0.4050,0.0413,-0.0219,-0.1041,-0.9669,0.9727,-0.0468,-0.0870,-0.9951,0.1703,-0.1253,-0.1271,0.2467,0,0,Lateral Rollover (360°),Rollover Flips
15794.9,2026-10-03T11:23:24Z,0.0318,-0.0425,0.0481,0.7023,0.0716,-0.0196,-0.1328,-0.9465,0.9560,-0.0514,-0.0903,-0.9946,0.1360,-0.3362,-0.0857,0.3726,0,0,Lateral Rollover (360°),Rollover Flips
15815.1,2026-10-03T11:23:24Z,-0.0100,-0.0466,0.0400,0.6100,0.0622,-0.0684,-0.1388,-0.9541,0.9665,-0.0584,-0.0922,-0.9940,0.0428,-0.3726,-0.1127,0.3916,0,0,Lateral Rollover (360°),Rollover Flips
15835.0,2026-10-03T11:23:24Z,-0.0297,-0.0565,0.0189,0.6529,0.0666,-0.0969,-0.1485,-0.9746,0.9906,-0.0672,-0.0920,-0.9935,-0.0725,-0.5463,-0.1616,0.5743,0,0,Lateral Rollover (360°),Rollover Flips
15855.3,2026-10-03T11:23:24Z,-0.0220,-0.0226,-0.0303,0.4287,0.0437,-0.1011,-0.1127,-1.0231,1.0342,-0.0791,-0.0901,-0.9928,-0.1395,-0.6515,-0.1668,0.6868,0,0,Lateral Rollover (360°),Rollover Flips
15875.4,2026-10-03T11:23:24Z,0.0456,-0.0184,-0.0053,0.4849,0.0494,-0.0479,-0.1057,-0.9971,1.0038,-0.0935,-0.0874,-0.9918,-0.1537,-0.8597,-0.1315,0.8831,0,0,Lateral Rollover (360°),Rollover Flips
15895.5,2026-10-03T11:23:24Z,0.0456,-0.0149,0.1196,1.2639,0.1289,-0.0697,-0.0986,-0.8702,0.8785,-0.1153,-0.0837,-0.9898,-0.2693,-1.4999,-0.0918,1.5266,0,0,Lateral Rollover (360°),Rollover Flips
15915.5,2026-10-03T11:23:24Z,0.1988,-0.0998,0.4520,4.9405,0.5038,0.0294,-0.1770,-0.5305,0.5600,-0.1694,-0.0773,-0.9825,-0.3980,-4.5717,-0.3740,4.6042,0,1,Lateral Rollover (360°),Rollover Flips
15935.6,2026-10-03T11:23:24Z,0.2928,0.0532,0.5959,6.5320,0.6661,-0.0262,-0.0218,-0.3489,0.3505,-0.3190,-0.0750,-0.9448,0.1419,-11.4464,-0.4679,11.4568,1,1,Lateral Rollover (360°),Rollover Flips
15955.7,2026-10-03T11:23:24Z,-0.7586,0.0378,-0.9043,11.5813,1.1810,-1.3545,-0.0753,-1.6994,2.1744,-0.5959,-0.1131,-0.7950,4.0170,-19.6085,-1.7069,20.0884,0,1,Lateral Rollover (360°),Rollover Flips
15975.7,2026-10-03T11:23:24Z,-0.5003,-0.2176,-0.9278,10.5553,1.0763,-1.3526,-0.4479,-1.3974,1.9958,-0.8523,-0.2303,-0.4696,7.2892,-19.7113,-2.9887,21.2273,0,1,Lateral Rollover (360°),Rollover Flips
15996.0,2026-10-03T11:23:24Z,0.5907,0.0075,0.8049,9.7906,0.9984,-0.3494,-0.3002,0.6577,0.8030,-0.9400,-0.3077,-0.1472,2.1706,-11.4671,-1.3296,11.7462,0,1,Lateral Rollover (360°),Rollover Flips
16016.1,2026-10-03T11:23:24Z,1.1262,0.5797,0.5418,13.5100,1.3776,0.1730,0.2819,0.4895,0.5907,-0.9532,-0.2978,-0.0523,-3.7223,0.1927,2.2174,4.3370,0,0,Lateral Rollover (360°),Rollover Flips
16036.1,2026-10-03T11:23:24Z,0.3614,0.4119,-0.7209,8.8805,0.9056,-0.6015,0.1801,-0.8591,1.0641,-0.9629,-0.2318,-0.1381,-4.6398,4.7029,3.3137,7.3910,0,1,Lateral Rollover (360°),Rollover Flips
16056.2,2026-10-03T11:23:25Z,-0.4635,0.0008,-1.0555,11.3049,1.1528,-1.4253,-0.1679,-1.2708,1.9170,-0.9619,-0.1687,-0.2153,-1.4865,1.0369,1.6982,2.4837,0,0,Lateral Rollover (360°),Rollover Flips
16076.5,2026-10-03T11:23:25Z,-0.3575,0.0896,-0.3447,4.9489,0.5046,-1.3286,-0.0671,-0.5248,1.4301,-0.9711,-0.1567,-0.1801,1.6847,-4.3758,-0.0990,4.6899,0,1,Lateral Rollover (360°),Rollover Flips
16096.4,2026-10-03T11:23:25Z,-0.2730,0.0887,0.0262,2.8265,0.2882,-1.2560,-0.0811,-0.0436,1.2593,-0.9830,-0.1698,-0.0697,1.8303,-5.0808,-0.5247,5.4258,0,1,Lateral Rollover (360°),Rollover Flips
16116.7,2026-10-03T11:23:25Z,0.1262,0.2190,-0.0683,2.5677,0.2618,-0.8586,0.0456,-0.0732,0.8629,-0.9848,-0.1734,-0.0048,0.4763,-0.9470,0.3939,1.1309,0,0,Lateral Rollover (360°),Rollover Flips
16136.7,2026-10-03T11:23:25Z,0.1148,0.1192,-0.2331,2.8035,0.2859,-0.8728,-0.0367,-0.2497,0.9085,-0.9876,-0.1560,-0.0166,0.0663,1.7068,1.2182,2.0980,0,0,Lateral Rollover (360°),Rollover Flips
16156.8,2026-10-03T11:23:25Z,-0.1953,-0.0945,-0.1316,2.4886,0.2538,-1.1847,-0.2282,-0.1884,1.2211,-0.9894,-0.1337,-0.0568,0.4681,1.9774,0.8591,2.2062,0,0,Lateral Rollover (360°),Rollover Flips
16177.1,2026-10-03T11:23:25Z,-0.2761,-0.0703,0.1953,3.3872,0.3454,-1.2650,-0.1954,0.1150,1.2851,-0.9889,-0.1251,-0.0803,0.7118,0.5566,0.1429,0.9148,0,0,Lateral Rollover (360°),Rollover Flips
16197.2,2026-10-03T11:23:25Z,-0.3052,-0.1061,0.0680,3.2379,0.3302,-1.2931,-0.2338,-0.0199,1.3142,-0.9879,-0.1277,-0.0879,0.5364,0.7814,-0.2566,0.9819,0,0,Lateral Rollover (360°),Rollover Flips
16217.2,2026-10-03T11:23:25Z,0.2385,0.1257,0.1928,3.2505,0.3315,-0.7462,-0.0055,0.0787,0.7504,-0.9848,-0.1312,-0.1142,0.1580,1.5871,0.2799,1.6193,0,0,Lateral Rollover (360°),Rollover Flips
16237.3,2026-10-03T11:23:25Z,0.1623,0.0341,0.1109,1.9566,0.1995,-0.8209,-0.0807,-0.0305,0.8255,-0.9833,-0.1148,-0.1414,0.0442,1.3054,1.1887,1.7660,0,0,Lateral Rollover (360°),Rollover Flips
16257.5,2026-10-03T11:23:25Z,-0.1539,-0.1561,-0.0410,2.1873,0.2230,-1.1346,-0.2485,-0.2135,1.1809,-0.9807,-0.0924,-0.1725,-0.0545,1.9723,1.0470,2.2336,0,0,Lateral Rollover (360°),Rollover Flips
16277.7,2026-10-03T11:23:25Z,0.0519,-0.0092,0.0271,0.5816,0.0593,-0.9193,-0.0773,-0.2013,0.9442,-0.9712,-0.0681,-0.2284,-0.5738,3.8385,1.4176,4.1320,0,0,Lateral Rollover (360°),Rollover Flips
16297.7,2026-10-03T11:23:25Z,-0.1886,-0.0901,-0.0992,2.2688,0.2314,-1.1326,-0.1208,-0.4278,1.2167,-0.9440,-0.0307,-0.3286,-1.5319,6.7108,1.7328,7.0982,0,1,Lateral Rollover (360°),Rollover Flips
16317.6,2026-10-03T11:23:25Z,-0.4711,-0.1889,-0.2196,5.4232,0.5530,-1.3492,-0.1768,-0.6980,1.5293,-0.8780,0.0120,-0.4784,-2.0607,9.2125,1.1906,9.5149,0,1,Lateral Rollover (360°),Rollover Flips
16337.6,2026-10-03T11:23:25Z,-0.2930,-0.0788,-0.0657,3.0449,0.3105,-1.0679,-0.0314,-0.6960,1.2751,-0.7748,0.0475,-0.6304,-1.6137,8.6301,0.5632,8.7977,0,1,Lateral Rollover (360°),Rollover Flips
16357.9,2026-10-03T11:23:25Z,-0.2233,-0.0585,0.1124,2.5177,0.2567,-0.8931,0.0125,-0.6267,1.0911,-0.6698,0.0710,-0.7391,-1.0038,6.6518,0.1930,6.7298,0,1,Lateral Rollover (360°),Rollover Flips
16377.9,2026-10-03T11:23:25Z,0.0024,-0.0209,0.3093,3.0405,0.3100,-0.5774,0.0648,-0.5009,0.7671,-0.5798,0.0857,-0.8102,-0.9550,4.9305,-0.0293,5.0223,0,1,Lateral Rollover (360°),Rollover Flips
16397.8,2026-10-03T11:23:25Z,0.1767,0.0773,0.2105,2.7997,0.2855,-0.3362,0.1808,-0.6417,0.7466,-0.5129,0.1035,-0.8522,-0.8669,2.9998,0.2871,3.1358,0,0,Lateral Rollover (360°),Rollover Flips
16418.1,2026-10-03T11:23:25Z,-0.0474,-0.0162,-0.1198,1.2728,0.1298,-0.5196,0.1000,-0.9935,1.1257,-0.4722,0.1161,-0.8738,-0.2941,1.9054,0.2039,1.9388,0,0,Lateral Rollover (360°),Rollover Flips
16438.0,2026-10-03T11:23:25Z,-0.1598,-0.0617,-0.1109,2.0009,0.2040,-0.5981,0.0567,-1.0019,1.1682,-0.4383,0.1185,-0.8910,-0.0187,1.9900,-0.1729,1.9975,0,0,Lateral Rollover (360°),Rollover Flips
16458.5,2026-10-03T11:23:25Z,0.1769,0.0748,0.1395,2.3274,0.2373,-0.2332,0.1908,-0.7652,0.8224,-0.4101,0.1160,-0.9046,0.1401,0.9144,-0.0607,0.9270,0,0,Lateral Rollover (360°),Rollover Flips
16478.5,2026-10-03T11:23:25Z,0.1252,0.0376,0.0326,1.3216,0.1348,-0.2781,0.1499,-0.8755,0.9307,-0.4033,0.1124,-0.9081,0.3031,0.0506,0.1658,0.3491,0,0,Lateral Rollover (360°),Rollover Flips
16498.5,2026-10-03T11:23:25Z,-0.0886,-0.0206,-0.1036,1.3519,0.1379,-0.4892,0.0867,-1.0135,1.1288,-0.4006,0.1072,-0.9099,0.3563,0.3646,-0.0015,0.5098,0,0,Lateral Rollover (360°),Rollover Flips
16518.6,2026-10-03T11:23:25Z,-0.1414,-0.0093,-0.1233,1.8417,0.1878,-0.5280,0.0906,-1.0401,1.1699,-0.3866,0.0999,-0.9168,0.3162,1.2449,-0.2471,1.3080,0,0,Lateral Rollover (360°),Rollover Flips
16538.8,2026-10-03T11:23:25Z,-0.0447,0.0249,0.0264,0.5647,0.0576,-0.4003,0.1182,-0.9036,0.9953,-0.3556,0.0932,-0.9300,0.1118,2.0618,-0.2889,2.0849,0,0,Lateral Rollover (360°),Rollover Flips
16558.9,2026-10-03T11:23:25Z,0.1628,0.0700,0.2393,2.9203,0.2978,-0.1545,0.1646,-0.7043,0.7396,-0.3172,0.0946,-0.9436,-0.3462,1.7968,0.0549,1.8307,0,0,Lateral Rollover (360°),Rollover Flips
16579.1,2026-10-03T11:23:25Z,0.0295,0.0037,0.0248,0.3799,0.0387,-0.2612,0.1071,-0.9264,0.9685,-0.2908,0.1033,-0.9512,-0.3713,1.0389,0.1211,1.1099,0,0,Lateral Rollover (360°),Rollover Flips
16599.2,2026-10-03T11:23:25Z,-0.0891,-0.0117,-0.1838,2.0061,0.2046,-0.3641,0.0941,-1.1394,1.1998,-0.2750,0.1059,-0.9556,0.1470,0.6527,-0.1662,0.6894,0,0,Lateral Rollover (360°),Rollover Flips
16619.3,2026-10-03T11:23:25Z,-0.0684,0.0212,-0.1566,1.6884,0.1722,-0.3310,0.1183,-1.1166,1.1706,-0.2626,0.0971,-0.9600,0.5399,0.7672,-0.3547,1.0029,0,0,Lateral Rollover (360°),Rollover Flips
16639.4,2026-10-03T11:23:25Z,0.0252,0.0373,0.0387,0.5820,0.0593,-0.2193,0.1227,-0.9272,0.9607,-0.2444,0.0853,-0.9659,0.4055,1.1553,-0.3142,1.2640,0,0,Lateral Rollover (360°),Rollover Flips
16659.3,2026-10-03T11:23:25Z,0.1253,0.0538,0.1292,1.8421,0.1878,-0.0972,0.1346,-0.8424,0.8586,-0.2225,0.0808,-0.9716,0.0021,1.0983,-0.0117,1.0984,0,0,Lateral Rollover (360°),Rollover Flips
16679.5,2026-10-03T11:23:25Z,0.0158,0.0186,-0.0430,0.4850,0.0495,-0.1857,0.1004,-1.0191,1.0407,-0.2015,0.0817,-0.9761,-0.0135,1.0249,0.0177,1.0251,0,0,Lateral Rollover (360°),Rollover Flips
16699.5,2026-10-03T11:23:25Z,-0.0110,0.0361,-0.1411,1.4328,0.1461,-0.1936,0.1150,-1.1212,1.1436,-0.1826,0.0789,-0.9800,0.3121,0.9242,-0.0778,0.9786,0,0,Lateral Rollover (360°),Rollover Flips
16719.6,2026-10-03T11:23:25Z,0.0087,0.0322,-0.0900,0.9416,0.0960,-0.1556,0.1014,-1.0740,1.0900,-0.1643,0.0692,-0.9840,0.5769,0.9334,-0.1508,1.1076,0,0,Lateral Rollover (360°),Rollover Flips
16739.9,2026-10-03T11:23:25Z,0.1125,0.0506,0.1166,1.6640,0.1697,-0.0360,0.1088,-0.8706,0.8781,-0.1484,0.0582,-0.9872,0.4447,0.6641,-0.0231,0.7995,0,0,Lateral Rollover (360°),Rollover Flips
16759.9,2026-10-03T11:23:25Z,0.1070,0.0202,0.1006,1.4538,0.1482,-0.0318,0.0721,-0.8884,0.8918,-0.1388,0.0520,-0.9890,0.2427,0.2631,0.1116,0.3750,0,0,Lateral Rollover (360°),Rollover Flips
16780.0,2026-10-03T11:23:25Z,0.0368,0.0235,-0.0566,0.7009,0.0715,-0.0988,0.0696,-1.0463,1.0532,-0.1357,0.0461,-0.9897,0.4088,0.1037,0.0998,0.4334,0,0,Lateral Rollover (360°),Rollover Flips
16800.0,2026-10-03T11:23:25Z,0.0108,0.0360,-0.0874,0.9331,0.0951,-0.1229,0.0720,-1.0778,1.0871,-0.1337,0.0360,-0.9904,0.6286,0.1019,0.0658,0.6402,0,0,Lateral Rollover (360°),Rollover Flips
16820.2,2026-10-03T11:23:25Z,-0.0230,0.0277,-0.0366,0.5034,0.0513,-0.1513,0.0504,-1.0281,1.0404,-0.1284,0.0228,-0.9915,0.6472,0.5238,0.0892,0.8374,0,0,Lateral Rollover (360°),Rollover Flips
16840.6,2026-10-03T11:23:25Z,-0.0206,-0.0130,0.1073,1.0794,0.1101,-0.1342,0.0003,-0.8861,0.8962,-0.1136,0.0133,-0.9934,0.2982,0.8584,0.0275,0.9092,0,0,Lateral Rollover (360°),Rollover Flips
16860.5,2026-10-03T11:23:25Z,0.0482,0.0054,0.1092,1.1716,0.1195,-0.0481,0.0159,-0.8861,0.8876,-0.0964,0.0105,-0.9953,0.0298,0.7923,0.0309,0.7934,0,0,Lateral Rollover (360°),Rollover Flips
16880.6,2026-10-03T11:23:25Z,0.0420,-0.0043,0.0109,0.4274,0.0436,-0.0438,0.0051,-0.9854,0.9864,-0.0858,0.0094,-0.9963,0.1454,0.2545,-0.0254,0.2942,0,0,Lateral Rollover (360°),Rollover Flips
16900.8,2026-10-03T11:23:25Z,0.0216,0.0154,-0.0521,0.5730,0.0584,-0.0656,0.0181,-1.0483,1.0505,-0.0872,0.0027,-0.9962,0.5263,-0.3466,-0.0930,0.6370,0,0,Lateral Rollover (360°),Rollover Flips
16920.8,2026-10-03T11:23:25Z,0.0285,0.0543,-0.0940,1.1009,0.1123,-0.0646,0.0435,-1.0896,1.0924,-0.0931,-0.0109,-0.9956,0.7560,-0.0914,-0.0380,0.7624,0,0,Lateral Rollover (360°),Rollover Flips
16941.0,2026-10-03T11:23:25Z,0.0512,0.0866,-0.0190,1.0041,0.1024,-0.0338,0.0634,-1.0151,1.0176,-0.0850,-0.0232,-0.9961,0.3699,1.0095,0.1661,1.0879,0,0,Lateral Rollover (360°),Rollover Flips
16961.1,2026-10-03T11:23:25Z,0.0177,0.0490,0.0336,0.6075,0.0619,-0.0389,0.0232,-0.9645,0.9656,-0.0566,-0.0258,-0.9981,-0.0035,1.7465,0.4090,1.7937,0,0,Lateral Rollover (360°),Rollover Flips
16981.1,2026-10-03T11:23:25Z,-0.0173,-0.0003,0.0478,0.4985,0.0508,-0.0358,-0.0239,-0.9518,0.9527,-0.0185,-0.0237,-0.9995,-0.1464,1.9359,0.3996,1.9821,0,0,Lateral Rollover (360°),Rollover Flips
17006.2,2026-10-03T11:23:25Z,-0.0427,-0.0501,0.0850,1.0542,0.1075,-0.0267,-0.0710,-0.9147,0.9178,0.0159,-0.0209,-0.9997,-0.1034,1.4408,0.2426,1.4648,0,0,Lateral Rollover (360°),Rollover Flips
17021.2,2026-10-03T11:23:25Z,-0.0623,-0.0694,0.0185,0.9323,0.0951,-0.0236,-0.0903,-0.9805,0.9850,0.0387,-0.0209,-0.9990,0.1240,0.9063,-0.0515,0.9162,0,0,Lateral Rollover (360°),Rollover Flips
17041.4,2026-10-03T11:23:26Z,-0.0414,-0.0393,0.0058,0.5627,0.0574,0.0135,-0.0643,-0.9924,0.9945,0.0549,-0.0250,-0.9982,0.2573,0.7398,-0.2623,0.8260,0,0,Lateral Rollover (360°),Rollover Flips
17061.6,2026-10-03T11:23:26Z,-0.0090,0.0025,-0.0317,0.3240,0.0330,0.0632,-0.0268,-1.0287,1.0309,0.0722,-0.0294,-0.9970,0.1963,1.0962,-0.3189,1.1584,0,0,Lateral Rollover (360°),Rollover Flips
17081.6,2026-10-03T11:23:26Z,0.0677,0.0779,-0.0678,1.2113,0.1235,0.1685,0.0461,-1.0622,1.0765,0.1007,-0.0319,-0.9944,0.0924,1.7189,-0.0349,1.7217,0,0,Lateral Rollover (360°),Rollover Flips
17107.4,2026-10-03T11:23:26Z,0.1049,0.0726,-0.0664,1.4103,0.1438,0.2425,0.0393,-1.0564,1.0845,0.1377,-0.0334,-0.9899,0.0191,1.8986,0.4106,1.9426,0,0,Lateral Rollover (360°),Rollover Flips
17121.8,2026-10-03T11:23:26Z,0.0546,0.0325,0.0180,0.6479,0.0661,0.2245,-0.0034,-0.9668,0.9926,0.1699,-0.0360,-0.9848,0.1352,1.2273,0.5334,1.3450,0,0,Lateral Rollover (360°),Rollover Flips
17142.0,2026-10-03T11:23:26Z,-0.0020,0.0088,0.0826,0.8144,0.0830,0.1795,-0.0355,-0.8998,0.9182,0.1815,-0.0443,-0.9824,0.5613,-0.0699,0.4592,0.7286,0,0,Lateral Rollover (360°),Rollover Flips
17162.0,2026-10-03T11:23:26Z,-0.0235,-0.0250,0.1445,1.4564,0.1485,0.1420,-0.0866,-0.8398,0.8561,0.1655,-0.0616,-0.9843,1.0370,-1.4872,0.2956,1.8369,0,0,Lateral Rollover (360°),Rollover Flips
17182.1,2026-10-03T11:23:26Z,0.0029,-0.0131,0.0889,0.8818,0.0899,0.1258,-0.1000,-0.8997,0.9139,0.1229,-0.0869,-0.9886,1.4513,-2.6873,0.1354,3.0572,0,0,Lateral Rollover (360°),Rollover Flips
17205.2,2026-10-03T11:23:26Z,-0.0161,0.0146,0.0290,0.3549,0.0362,0.0493,-0.1043,-0.9618,0.9687,0.0654,-0.1188,-0.9908,1.6551,-2.8363,0.0723,3.2847,0,0,Lateral Rollover (360°),Rollover Flips
17222.2,2026-10-03T11:23:26Z,-0.0517,0.0371,0.0473,0.7769,0.0792,-0.0353,-0.1104,-0.9417,0.9488,0.0164,-0.1474,-0.9889,1.1638,-2.1023,0.1007,2.4051,0,0,Lateral Rollover (360°),Rollover Flips
17242.5,2026-10-03T11:23:26Z,-0.2485,0.0716,-0.1688,3.0286,0.3088,-0.2575,-0.0977,-1.1543,1.1867,-0.0090,-0.1693,-0.9855,1.1765,-0.5992,-0.1910,1.3340,0,0,Lateral Rollover (360°),Rollover Flips
17262.5,2026-10-03T11:23:26Z,0.0977,0.0491,-0.1659,1.9486,0.1987,0.0817,-0.1454,-1.1467,1.1587,-0.0160,-0.1946,-0.9808,1.2306,-0.1592,-0.0572,1.2421,0,0,Lateral Rollover (360°),Rollover Flips
17282.6,2026-10-03T11:23:26Z,0.1861,0.0633,-0.0523,1.9945,0.2034,0.1682,-0.1519,-1.0287,1.0534,-0.0178,-0.2152,-0.9764,0.8219,0.0177,0.5942,1.0144,0,0,Lateral Rollover (360°),Rollover Flips
17305.9,2026-10-03T11:23:26Z,0.0188,-0.0289,0.1221,1.2445,0.1269,-0.0034,-0.2538,-0.8520,0.8890,-0.0222,-0.2250,-0.9741,0.2229,-0.1419,1.0096,1.0436,0,0,Lateral Rollover (360°),Rollover Flips
17322.8,2026-10-03T11:23:26Z,-0.4133,-0.3068,0.1900,5.3806,0.5487,-0.4467,-0.5313,-0.7840,1.0471,-0.0334,-0.2245,-0.9739,-0.2359,-0.5044,0.4447,0.7126,0,0,Lateral Rollover (360°),Rollover Flips
17343.1,2026-10-03T11:23:26Z,-0.1052,-0.0328,0.1642,1.9389,0.1977,-0.1464,-0.2487,-0.8114,0.8611,-0.0412,-0.2159,-0.9756,-0.5914,-0.2573,-0.0395,0.6462,0,0,Lateral Rollover (360°),Rollover Flips
17363.1,2026-10-03T11:23:26Z,0.1481,0.0532,0.0933,1.7938,0.1829,0.1037,-0.1493,-0.8850,0.9034,-0.0444,-0.2025,-0.9783,-0.7578,-0.0028,0.2176,0.7884,0,0,Lateral Rollover (360°),Rollover Flips
17383.2,2026-10-03T11:23:26Z,0.0256,-0.0180,0.1264,1.2768,0.1302,-0.0158,-0.2034,-0.8554,0.8794,-0.0414,-0.1854,-0.9818,-1.0035,0.3708,0.1897,1.0865,0,0,Lateral Rollover (360°),Rollover Flips
17405.3,2026-10-03T11:23:26Z,-0.0950,-0.0317,-0.0484,1.0911,0.1113,-0.1289,-0.1946,-1.0345,1.0605,-0.0339,-0.1630,-0.9860,-1.0705,0.4296,0.0345,1.1540,0,0,Lateral Rollover (360°),Rollover Flips
17423.2,2026-10-03T11:23:26Z,0.0949,0.0374,-0.1187,1.5352,0.1565,0.0677,-0.1084,-1.1077,1.1150,-0.0273,-0.1458,-0.9889,-0.6268,0.1277,-0.0544,0.6420,0,0,Lateral Rollover (360°),Rollover Flips
17443.5,2026-10-03T11:23:26Z,0.0060,0.0541,-0.3344,3.3224,0.3388,-0.0200,-0.0878,-1.3239,1.3270,-0.0259,-0.1419,-0.9895,0.2046,-0.0521,-0.0461,0.2161,0,0,Lateral Rollover (360°),Rollover Flips
17463.7,2026-10-03T11:23:26Z,0.0353,0.0203,-0.0425,0.5774,0.0589,0.0089,-0.1291,-1.0309,1.0390,-0.0264,-0.1494,-0.9884,0.4124,-0.0489,-0.1510,0.4418,0,0,Lateral Rollover (360°),Rollover Flips
17483.8,2026-10-03T11:23:26Z,0.0646,-0.0453,0.0780,1.0878,0.1109,0.0404,-0.2010,-0.9095,0.9324,-0.0242,-0.1557,-0.9875,0.2194,0.4120,-0.1723,0.4975,0,0,Lateral Rollover (360°),Rollover Flips
17505.5,2026-10-03T11:23:26Z,0.0213,-0.0011,0.1640,1.6219,0.1654,0.0132,-0.1579,-0.8236,0.8387,-0.0081,-0.1568,-0.9876,-0.1414,1.0849,-0.0516,1.0953,0,0,Lateral Rollover (360°),Rollover Flips
17523.8,2026-10-03T11:23:26Z,-0.0267,-0.0588,0.0861,1.0551,0.1076,-0.0054,-0.2097,-0.9022,0.9263,0.0213,-0.1509,-0.9883,-0.4541,2.0033,0.0000,2.0542,0,0,Lateral Rollover (360°),Rollover Flips
17544.1,2026-10-03T11:23:26Z,-0.2138,0.0464,0.1458,2.5788,0.2630,-0.1428,-0.0922,-0.8419,0.8589,0.0710,-0.1387,-0.9878,-0.7629,2.7697,-0.0734,2.8738,0,0,Lateral Rollover (360°),Rollover Flips
17564.5,2026-10-03T11:23:26Z,-0.2452,0.0036,0.0695,2.4999,0.2549,-0.1221,-0.1160,-0.9156,0.9310,0.1231,-0.1196,-0.9852,-1.1104,2.1071,-0.5189,2.4377,0,0,Lateral Rollover (360°),Rollover Flips
17584.4,2026-10-03T11:23:26Z,0.0514,-0.0046,-0.0600,0.7763,0.0792,0.2072,-0.0982,-1.0434,1.0683,0.1557,-0.0936,-0.9834,-1.2572,1.2925,-0.5470,1.8842,0,0,Lateral Rollover (360°),Rollover Flips
17604.6,2026-10-03T11:23:26Z,0.0330,0.0016,-0.1351,1.3635,0.1390,0.2130,-0.0691,-1.1162,1.1384,0.1800,-0.0707,-0.9811,-0.8914,0.9132,-0.2989,1.3106,0,0,Lateral Rollover (360°),Rollover Flips
17624.3,2026-10-03T11:23:26Z,0.0286,0.0855,-0.1485,1.7040,0.1738,0.2191,0.0301,-1.1287,1.1501,0.1904,-0.0554,-0.9801,-0.4670,0.4487,-0.3898,0.7559,0,0,Lateral Rollover (360°),Rollover Flips
17644.5,2026-10-03T11:23:26Z,0.0984,-0.0075,-0.1014,1.3881,0.1416,0.2917,-0.0569,-1.0813,1.1214,0.1933,-0.0494,-0.9799,-0.0239,-0.2253,-0.3492,0.4162,0,0,Lateral Rollover (360°),Rollover Flips
17664.6,2026-10-03T11:23:26Z,-0.0031,0.0137,-0.0235,0.2682,0.0273,0.1840,-0.0360,-1.0046,1.0219,0.1871,-0.0497,-0.9811,0.1147,-0.4214,-0.2445,0.5005,0,0,Lateral Rollover (360°),Rollover Flips
17684.8,2026-10-03T11:23:26Z,-0.0060,-0.0104,0.1096,1.0811,0.1102,0.1716,-0.0609,-0.8732,0.8920,0.1777,-0.0505,-0.9828,0.0098,-0.5747,-0.2883,0.6430,0,0,Lateral Rollover (360°),Rollover Flips
17706.5,2026-10-03T11:23:26Z,0.0280,-0.0173,0.1705,1.7031,0.1737,0.1920,-0.0626,-0.8149,0.8396,0.1640,-0.0453,-0.9854,-0.4357,-0.8136,-0.3238,0.9780,0,0,Lateral Rollover (360°),Rollover Flips
17724.8,2026-10-03T11:23:26Z,0.0159,-0.0427,0.1207,1.2650,0.1290,0.1675,-0.0771,-0.8672,0.8866,0.1516,-0.0344,-0.9878,-0.4839,-0.4553,-0.2476,0.7090,0,0,Lateral Rollover (360°),Rollover Flips
17745.0,2026-10-03T11:23:26Z,-0.0233,-0.0393,0.0619,0.7547,0.0770,0.1340,-0.0675,-0.9252,0.9373,0.1573,-0.0282,-0.9871,0.0272,1.4591,-0.0714,1.4611,0,0,Lateral Rollover (360°),Rollover Flips
17765.2,2026-10-03T11:23:26Z,-0.1078,-0.0541,0.0614,1.3270,0.1353,0.1127,-0.0945,-0.9132,0.9249,0.2205,-0.0403,-0.9745,1.2042,4.7088,0.2162,4.8651,0,1,Lateral Rollover (360°),Rollover Flips
17785.1,2026-10-03T11:23:26Z,0.1410,0.2568,-0.4351,5.1434,0.5245,0.4079,0.1792,-1.3956,1.4650,0.2670,-0.0776,-0.9606,2.2417,1.7276,0.2269,2.8392,0,0,Lateral Rollover (360°),Rollover Flips
17805.1,2026-10-03T11:23:26Z,-0.0346,0.0534,-0.1543,1.6365,0.1669,0.2556,-0.0654,-1.1038,1.1349,0.2902,-0.1188,-0.9496,1.9153,0.4544,-0.1558,1.9746,0,0,Lateral Rollover (360°),Rollover Flips
17825.2,2026-10-03T11:23:26Z,-0.0109,0.0777,-0.0153,0.7842,0.0800,0.2813,-0.0713,-0.9599,1.0028,0.2922,-0.1490,-0.9447,1.3468,-0.2614,-0.2524,1.3950,0,0,Lateral Rollover (360°),Rollover Flips
17845.3,2026-10-03T11:23:26Z,0.1251,0.0443,0.0858,1.5497,0.1580,0.3996,-0.1205,-0.8616,0.9574,0.2745,-0.1648,-0.9474,0.4695,-1.8430,-0.2255,1.9151,0,0,Lateral Rollover (360°),Rollover Flips
17865.6,2026-10-03T11:23:26Z,0.1478,-0.0266,0.0532,1.5622,0.1593,0.3718,-0.1922,-0.9073,0.9991,0.2240,-0.1656,-0.9604,-0.2499,-3.3428,-0.1065,3.3538,0,0,Lateral Rollover (360°),Rollover Flips
17885.8,2026-10-03T11:23:26Z,0.1327,-0.0681,-0.0058,1.4637,0.1493,0.2856,-0.2244,-0.9816,1.0467,0.1529,-0.1563,-0.9758,-0.6216,-3.8131,0.1020,3.8648,0,0,Lateral Rollover (360°),Rollover Flips
17905.7,2026-10-03T11:23:26Z,0.0773,-0.0637,-0.0520,1.1067,0.1129,0.1554,-0.2077,-1.0385,1.0704,0.0780,-0.1440,-0.9865,-0.6291,-3.6591,0.2578,3.7217,0,0,Lateral Rollover (360°),Rollover Flips
17926.0,2026-10-03T11:23:26Z,0.0647,-0.0293,-0.0640,0.9375,0.0956,0.0729,-0.1625,-1.0551,1.0700,0.0082,-0.1331,-0.9911,-0.4761,-3.2533,0.3542,3.3070,0,0,Lateral Rollover (360°),Rollover Flips
17946.0,2026-10-03T11:23:26Z,0.0825,-0.0303,-0.0548,1.0159,0.1036,0.0305,-0.1558,-1.0455,1.0575,-0.0520,-0.1256,-0.9907,-0.2727,-2.6573,0.5136,2.7202,0,0,Lateral Rollover (360°),Rollover Flips
17966.1,2026-10-03T11:23:26Z,0.0251,-0.0236,-0.0229,0.4060,0.0414,-0.0751,-0.1440,-1.0106,1.0236,-0.1003,-0.1204,-0.9876,-0.1597,-2.0694,0.6172,2.1654,0,0,Lateral Rollover (360°),Rollover Flips
17986.3,2026-10-03T11:23:26Z,-0.0203,-0.0081,-0.0071,0.2256,0.0230,-0.1577,-0.1246,-0.9907,1.0109,-0.1374,-0.1164,-0.9836,-0.1208,-1.5889,0.5937,1.7005,0,0,Lateral Rollover (360°),Rollover Flips
18006.2,2026-10-03T11:23:26Z,-0.0262,0.0067,0.0691,0.7276,0.0742,-0.1940,-0.1045,-0.9104,0.9367,-0.1678,-0.1111,-0.9795,-0.2770,-1.3606,0.5086,1.4788,0,0,Lateral Rollover (360°),Rollover Flips
18026.5,2026-10-03T11:23:26Z,-0.0462,-0.0061,0.1085,1.1583,0.1181,-0.2380,-0.1079,-0.8676,0.9061,-0.1917,-0.1018,-0.9762,-0.4956,-0.9738,0.3885,1.1597,0,0,Lateral Rollover (360°),Rollover Flips
18046.6,2026-10-03T11:23:27Z,-0.0424,0.0071,0.1147,1.2011,0.1225,-0.2520,-0.0821,-0.8590,0.8990,-0.2096,-0.0892,-0.9737,-0.6646,-0.7795,0.1360,1.0334,0,0,Lateral Rollover (360°),Rollover Flips
18066.8,2026-10-03T11:23:27Z,-0.0004,0.0070,0.0492,0.4878,0.0497,-0.2239,-0.0688,-0.9225,0.9518,-0.2235,-0.0758,-0.9717,-0.6344,-0.6562,0.0276,0.9131,0,0,Lateral Rollover (360°),Rollover Flips
18086.8,2026-10-03T11:23:27Z,0.0165,0.0101,-0.0094,0.2108,0.0215,-0.2191,-0.0547,-0.9790,1.0047,-0.2356,-0.0648,-0.9697,-0.4671,-0.5537,0.0854,0.7294,0,0,Lateral Rollover (360°),Rollover Flips
18106.8,2026-10-03T11:23:27Z,0.0632,-0.0159,-0.0328,0.7157,0.0730,-0.1788,-0.0729,-1.0014,1.0198,-0.2420,-0.0570,-0.9686,-0.2485,-0.0461,0.2066,0.3265,0,0,Lateral Rollover (360°),Rollover Flips
18127.0,2026-10-03T11:23:27Z,0.0356,0.0124,-0.0573,0.6728,0.0686,-0.2041,-0.0409,-1.0267,1.0476,-0.2398,-0.0533,-0.9694,0.0211,0.3158,0.3941,0.5055,0,0,Lateral Rollover (360°),Rollover Flips
18147.2,2026-10-03T11:23:27Z,-0.0145,0.0292,-0.0314,0.4438,0.0453,-0.2448,-0.0245,-1.0030,1.0327,-0.2303,-0.0537,-0.9716,0.1857,0.6387,0.3650,0.7587,0,0,Lateral Rollover (360°),Rollover Flips
18167.3,2026-10-03T11:23:27Z,-0.0842,0.0621,0.0039,1.0267,0.1047,-0.3019,0.0054,-0.9705,1.0164,-0.2177,-0.0567,-0.9744,0.2247,0.6689,0.0863,0.7109,0,0,Lateral Rollover (360°),Rollover Flips
18187.4,2026-10-03T11:23:27Z,-0.0426,0.0272,0.0202,0.5338,0.0544,-0.2449,-0.0346,-0.9572,0.9886,-0.2023,-0.0617,-0.9774,0.2898,0.9450,-0.0664,0.9907,0,0,Lateral Rollover (360°),Rollover Flips
18207.5,2026-10-03T11:23:27Z,0.0126,0.0046,0.0800,0.7956,0.0811,-0.1697,-0.0629,-0.9009,0.9189,-0.1823,-0.0675,-0.9809,0.2444,1.0367,-0.0618,1.0670,0,0,Lateral Rollover (360°),Rollover Flips
18227.5,2026-10-03T11:23:27Z,0.0729,-0.0272,0.1145,1.3581,0.1385,-0.0892,-0.0976,-0.8697,0.8797,-0.1622,-0.0704,-0.9843,0.0204,0.9417,0.0598,0.9439,0,0,Lateral Rollover (360°),Rollover Flips
18247.7,2026-10-03T11:23:27Z,0.0229,-0.0102,0.1081,1.0886,0.1110,-0.1238,-0.0775,-0.8788,0.8908,-0.1467,-0.0672,-0.9869,-0.3104,0.6470,0.0917,0.7235,0,0,Lateral Rollover (360°),Rollover Flips
18267.8,2026-10-03T11:23:27Z,-0.0047,0.0178,0.0396,0.4280,0.0436,-0.1410,-0.0411,-0.9493,0.9606,-0.1363,-0.0589,-0.9889,-0.4714,0.4027,0.0318,0.6208,0,0,Lateral Rollover (360°),Rollover Flips
18287.9,2026-10-03T11:23:27Z,-0.0055,0.0348,-0.0112,0.3624,0.0370,-0.1359,-0.0149,-1.0014,1.0107,-0.1304,-0.0497,-0.9902,-0.4500,0.2044,-0.0768,0.5002,0,0,Lateral Rollover (360°),Rollover Flips
18308.0,2026-10-03T11:23:27Z,0.0239,0.0223,-0.0397,0.5043,0.0514,-0.1030,-0.0196,-1.0307,1.0361,-0.1269,-0.0419,-0.9910,-0.3358,0.1745,-0.0813,0.3871,0,0,Lateral Rollover (360°),Rollover Flips
18328.0,2026-10-03T11:23:27Z,0.0178,0.0187,-0.0497,0.5496,0.0560,-0.1036,-0.0186,-1.0417,1.0470,-0.1214,-0.0373,-0.9919,-0.1362,0.3982,-0.0380,0.4225,0,0,Lateral Rollover (360°),Rollover Flips
18348.4,2026-10-03T11:23:27Z,-0.0010,0.0213,-0.0384,0.4306,0.0439,-0.1120,-0.0151,-1.0315,1.0377,-0.1109,-0.0364,-0.9932,0.0288,0.6208,-0.0244,0.6219,0,0,Lateral Rollover (360°),Rollover Flips
18368.4,2026-10-03T11:23:27Z,0.0008,0.0167,-0.0102,0.1916,0.0195,-0.0978,-0.0209,-1.0046,1.0096,-0.0986,-0.0376,-0.9944,0.0540,0.5657,-0.0453,0.5700,0,0,Lateral Rollover (360°),Rollover Flips
18388.4,2026-10-03T11:23:27Z,0.0026,0.0107,-0.0053,0.1198,0.0122,-0.0868,-0.0273,-1.0006,1.0047,-0.0894,-0.0380,-0.9953,-0.0291,0.3401,-0.0618,0.3469,0,0,Lateral Rollover (360°),Rollover Flips
18408.4,2026-10-03T11:23:27Z,0.0016,0.0123,-0.0265,0.2867,0.0292,-0.0832,-0.0246,-1.0222,1.0258,-0.0848,-0.0369,-0.9957,-0.0709,0.1284,-0.0820,0.1680,0,0,Lateral Rollover (360°),Rollover Flips
18428.5,2026-10-03T11:23:27Z,-0.0012,0.0132,-0.0427,0.4386,0.0447,-0.0843,-0.0229,-1.0386,1.0423,-0.0830,-0.0361,-0.9959,-0.0208,0.0606,-0.1009,0.1196,0,0,Lateral Rollover (360°),Rollover Flips
18448.5,2026-10-03T11:23:27Z,-0.0106,0.0231,-0.0581,0.6217,0.0634,-0.0924,-0.0139,-1.0540,1.0582,-0.0818,-0.0370,-0.9960,0.1092,0.0625,-0.1342,0.1840,0,0,Lateral Rollover (360°),Rollover Flips
18468.8,2026-10-03T11:23:27Z,0.0035,0.0115,-0.0358,0.3702,0.0378,-0.0766,-0.0289,-1.0318,1.0350,-0.0802,-0.0404,-0.9960,0.1859,0.1116,-0.1295,0.2526,0,0,Lateral Rollover (360°),Rollover Flips
18488.8,2026-10-03T11:23:27Z,0.0065,0.0003,-0.0353,0.3519,0.0359,-0.0700,-0.0440,-1.0314,1.0347,-0.0765,-0.0443,-0.9961,0.1852,0.2300,-0.0841,0.3071,0,0,Lateral Rollover (360°),Rollover Flips
18509.0,2026-10-03T11:23:27Z,0.0077,0.0130,-0.0404,0.4233,0.0432,-0.0637,-0.0355,-1.0367,1.0393,-0.0714,-0.0485,-0.9963,0.2248,0.2592,-0.0843,0.3533,0,0,Lateral Rollover (360°),Rollover Flips
18529.1,2026-10-03T11:23:27Z,0.0173,0.0067,-0.0238,0.2964,0.0302,-0.0493,-0.0464,-1.0202,1.0225,-0.0667,-0.0532,-0.9964,0.2226,0.2040,-0.0695,0.3098,0,0,Lateral Rollover (360°),Rollover Flips
18549.3,2026-10-03T11:23:27Z,0.0279,-0.0063,-0.0082,0.2921,0.0298,-0.0346,-0.0633,-1.0046,1.0072,-0.0626,-0.0570,-0.9964,0.1416,0.1896,-0.0306,0.2386,0,0,Lateral Rollover (360°),Rollover Flips
18569.2,2026-10-03T11:23:27Z,0.0176,-0.0007,-0.0048,0.1795,0.0183,-0.0419,-0.0595,-1.0013,1.0040,-0.0596,-0.0587,-0.9965,0.0330,0.1052,-0.0216,0.1124,0,0,Lateral Rollover (360°),Rollover Flips
18589.4,2026-10-03T11:23:27Z,0.0032,0.0120,-0.0225,0.2522,0.0257,-0.0552,-0.0470,-1.0190,1.0216,-0.0584,-0.0590,-0.9966,0.0010,0.0110,-0.0507,0.0519,0,0,Lateral Rollover (360°),Rollover Flips
18609.4,2026-10-03T11:23:27Z,0.0127,0.0115,-0.0288,0.3282,0.0335,-0.0459,-0.0479,-1.0253,1.0274,-0.0586,-0.0594,-0.9965,0.0435,-0.0106,-0.0639,0.0781,0,0,Lateral Rollover (360°),Rollover Flips
18629.6,2026-10-03T11:23:27Z,0.0194,0.0039,-0.0264,0.3232,0.0330,-0.0382,-0.0573,-1.0229,1.0252,-0.0576,-0.0612,-0.9965,0.1266,0.1043,-0.0193,0.1652,0,0,Lateral Rollover (360°),Rollover Flips
18649.7,2026-10-03T11:23:27Z,0.0078,0.0028,-0.0031,0.0863,0.0088,-0.0469,-0.0612,-0.9995,1.0025,-0.0546,-0.0640,-0.9965,0.1474,0.1881,-0.0025,0.2390,0,0,Lateral Rollover (360°),Rollover Flips
18669.9,2026-10-03T11:23:27Z,0.0141,-0.0030,0.0114,0.1802,0.0184,-0.0373,-0.0698,-0.9850,0.9882,-0.0513,-0.0668,-0.9964,0.1243,0.1172,0.0140,0.1714,0,0,Lateral Rollover (360°),Rollover Flips
18689.9,2026-10-03T11:23:27Z,0.0053,-0.0026,0.0276,0.2765,0.0282,-0.0450,-0.0711,-0.9688,0.9725,-0.0503,-0.0685,-0.9964,0.0356,-0.0120,0.0095,0.0387,0,0,Lateral Rollover (360°),Rollover Flips
18710.1,2026-10-03T11:23:27Z,-0.0004,-0.0004,0.0123,0.1212,0.0124,-0.0514,-0.0689,-0.9840,0.9878,-0.0510,-0.0685,-0.9963,-0.0190,-0.0263,0.0069,0.0332,0,0,Lateral Rollover (360°),Rollover Flips
18730.2,2026-10-03T11:23:27Z,-0.0068,0.0112,-0.0100,0.1613,0.0164,-0.0577,-0.0572,-1.0063,1.0096,-0.0510,-0.0684,-0.9964,0.0168,0.0350,-0.0020,0.0389,0,0,Lateral Rollover (360°),Rollover Flips
18750.4,2026-10-03T11:23:27Z,-0.0025,0.0116,-0.0067,0.1342,0.0137,-0.0519,-0.0575,-1.0031,1.0061,-0.0495,-0.0692,-0.9964,0.0606,0.0979,-0.0036,0.1152,0,0,Lateral Rollover (360°),Rollover Flips
18770.4,2026-10-03T11:23:27Z,0.0000,0.0092,0.0129,0.1551,0.0158,-0.0476,-0.0611,-0.9835,0.9865,-0.0476,-0.0703,-0.9964,0.0393,0.0758,-0.0040,0.0855,0,0,Lateral Rollover (360°),Rollover Flips
18790.5,2026-10-03T11:23:27Z,0.0001,0.0075,0.0199,0.2089,0.0213,-0.0468,-0.0630,-0.9765,0.9796,-0.0469,-0.0705,-0.9964,-0.0217,-0.0040,-0.0045,0.0225,0,0,Lateral Rollover (360°),Rollover Flips
18810.4,2026-10-03T11:23:27Z,-0.0036,0.0170,-0.0000,0.1707,0.0174,-0.0513,-0.0526,-0.9964,0.9991,-0.0477,-0.0696,-0.9964,-0.0547,-0.0822,-0.0261,0.1021,0,0,Lateral Rollover (360°),Rollover Flips
18830.6,2026-10-03T11:23:27Z,-0.0058,0.0206,-0.0078,0.2229,0.0227,-0.0553,-0.0482,-1.0042,1.0068,-0.0495,-0.0688,-0.9964,-0.0278,-0.0844,-0.0408,0.0978,0,0,Lateral Rollover (360°),Rollover Flips
18851.0,2026-10-03T11:23:27Z,0.0013,0.0171,0.0022,0.1699,0.0173,-0.0493,-0.0513,-0.9941,0.9967,-0.0506,-0.0684,-0.9964,-0.0173,-0.0312,-0.0339,0.0492,0,0,Lateral Rollover (360°),Rollover Flips
18870.9,2026-10-03T11:23:27Z,0.0030,0.0188,0.0043,0.1912,0.0195,-0.0480,-0.0492,-0.9921,0.9944,-0.0510,-0.0680,-0.9964,-0.0196,-0.0061,-0.0321,0.0380,0,0,Lateral Rollover (360°),Rollover Flips
18891.1,2026-10-03T11:23:27Z,-0.0001,0.0173,-0.0007,0.1694,0.0173,-0.0508,-0.0507,-0.9971,0.9997,-0.0508,-0.0680,-0.9964,0.0143,0.0217,-0.0373,0.0454,0,0,Lateral Rollover (360°),Rollover Flips
18911.1,2026-10-03T11:23:27Z,-0.0029,0.0128,0.0057,0.1407,0.0143,-0.0525,-0.0556,-0.9907,0.9936,-0.0496,-0.0685,-0.9964,0.0289,0.0895,-0.0451,0.1043,0,0,Lateral Rollover (360°),Rollover Flips
18931.2,2026-10-03T11:23:27Z,-0.0031,0.0092,0.0142,0.1690,0.0172,-0.0507,-0.0597,-0.9823,0.9854,-0.0475,-0.0690,-0.9965,0.0116,0.1059,-0.0545,0.1197,0,0,Lateral Rollover (360°),Rollover Flips
18951.3,2026-10-03T11:23:27Z,-0.0000,0.0092,0.0072,0.1143,0.0117,-0.0452,-0.0597,-0.9894,0.9922,-0.0452,-0.0689,-0.9966,-0.0201,0.1197,-0.0569,0.1340,0,0,Lateral Rollover (360°),Rollover Flips
18971.4,2026-10-03T11:23:27Z,0.0028,0.0198,-0.0084,0.2127,0.0217,-0.0400,-0.0487,-1.0051,1.0071,-0.0428,-0.0685,-0.9967,-0.0107,0.1080,-0.0654,0.1267,0,0,Lateral Rollover (360°),Rollover Flips
18991.6,2026-10-03T11:23:27Z,0.0219,0.0171,-0.0124,0.2985,0.0304,-0.0191,-0.0516,-1.0092,1.0107,-0.0410,-0.0687,-0.9968,0.0200,0.0477,-0.0438,0.0678,0,0,Lateral Rollover (360°),Rollover Flips
19011.6,2026-10-03T11:23:27Z,0.0158,0.0181,-0.0003,0.2361,0.0241,-0.0252,-0.0510,-0.9970,0.9987,-0.0410,-0.0691,-0.9968,0.0096,-0.0370,-0.0321,0.0500,0,0,Lateral Rollover (360°),Rollover Flips
19031.7,2026-10-03T11:23:27Z,-0.0042,0.0241,-0.0009,0.2401,0.0245,-0.0460,-0.0451,-0.9977,0.9997,-0.0418,-0.0692,-0.9967,0.0047,-0.0290,-0.0628,0.0694,0,0,Lateral Rollover (360°),Rollover Flips
19052.0,2026-10-03T11:23:28Z,0.0002,0.0265,-0.0083,0.2719,0.0277,-0.0413,-0.0432,-1.0050,1.0067,-0.0415,-0.0697,-0.9967,0.0481,0.0542,-0.0835,0.1106,0,0,Lateral Rollover (360°),Rollover Flips
19071.9,2026-10-03T11:23:28Z,-0.0007,0.0209,-0.0069,0.2159,0.0220,-0.0402,-0.0506,-1.0036,1.0057,-0.0395,-0.0714,-0.9967,0.1113,0.1287,-0.0864,0.1908,0,0,Lateral Rollover (360°),Rollover Flips
19092.0,2026-10-03T11:23:28Z,-0.0090,0.0200,0.0040,0.2183,0.0223,-0.0454,-0.0542,-0.9926,0.9951,-0.0364,-0.0741,-0.9966,0.1443,0.1611,-0.0964,0.2368,0,0,Lateral Rollover (360°),Rollover Flips
19112.0,2026-10-03T11:23:28Z,-0.0210,0.0204,0.0075,0.2966,0.0302,-0.0539,-0.0565,-0.9890,0.9921,-0.0329,-0.0770,-0.9965,0.1284,0.1587,-0.1352,0.2449,0,0,Lateral Rollover (360°),Rollover Flips
19132.3,2026-10-03T11:23:28Z,-0.0101,0.0250,-0.0128,0.2926,0.0298,-0.0400,-0.0547,-1.0092,1.0114,-0.0300,-0.0797,-0.9964,0.1396,0.1098,-0.1752,0.2495,0,0,Lateral Rollover (360°),Rollover Flips
19152.3,2026-10-03T11:23:28Z,0.0014,0.0144,-0.0150,0.2040,0.0208,-0.0267,-0.0683,-1.0112,1.0138,-0.0281,-0.0827,-0.9962,0.1543,0.0589,-0.1715,0.2382,0,0,Lateral Rollover (360°),Rollover Flips
19172.5,2026-10-03T11:23:28Z,-0.0080,0.0154,-0.0142,0.2200,0.0224,-0.0344,-0.0706,-1.0102,1.0132,-0.0264,-0.0860,-0.9959,0.1653,0.0842,-0.1772,0.2566,0,0,Lateral Rollover (360°),Rollover Flips
19192.5,2026-10-03T11:23:28Z,-0.0067,0.0155,-0.0193,0.2517,0.0257,-0.0302,-0.0742,-1.0150,1.0181,-0.0235,-0.0898,-0.9957,0.2101,0.1897,-0.1840,0.3376,0,0,Lateral Rollover (360°),Rollover Flips
19212.3,2026-10-03T11:23:28Z,0.0150,0.0038,-0.0169,0.2253,0.0230,-0.0031,-0.0909,-1.0123,1.0164,-0.0181,-0.0947,-0.9953,0.2671,0.3012,-0.1464,0.4283,0,0,Lateral Rollover (360°),Rollover Flips
19232.8,2026-10-03T11:23:28Z,0.0236,0.0001,0.0191,0.2981,0.0304,0.0110,-0.0996,-0.9758,0.9809,-0.0126,-0.0997,-0.9949,0.2104,0.1963,-0.1133,0.3092,0,0,Lateral Rollover (360°),Rollover Flips
19252.9,2026-10-03T11:23:28Z,0.0176,-0.0049,0.0311,0.3534,0.0360,0.0077,-0.1076,-0.9636,0.9696,-0.0099,-0.1027,-0.9947,0.0909,0.0682,-0.0980,0.1501,0,0,Lateral Rollover (360°),Rollover Flips
19273.0,2026-10-03T11:23:28Z,0.0014,0.0067,0.0000,0.0675,0.0069,-0.0075,-0.0972,-0.9945,0.9993,-0.0089,-0.1039,-0.9945,0.0470,0.0246,-0.1055,0.1181,0,0,Lateral Rollover (360°),Rollover Flips
19293.1,2026-10-03T11:23:28Z,-0.0025,0.0155,-0.0374,0.3976,0.0405,-0.0104,-0.0899,-1.0318,1.0358,-0.0080,-0.1054,-0.9944,0.1141,0.0483,-0.1325,0.1814,0,0,Lateral Rollover (360°),Rollover Flips
19313.0,2026-10-03T11:23:28Z,-0.0070,0.0193,-0.0374,0.4187,0.0427,-0.0131,-0.0894,-1.0315,1.0354,-0.0061,-0.1088,-0.9940,0.2164,0.1105,-0.1658,0.2942,0,0,Lateral Rollover (360°),Rollover Flips
19333.1,2026-10-03T11:23:28Z,0.0014,0.0093,-0.0089,0.1272,0.0130,-0.0015,-0.1043,-1.0024,1.0079,-0.0030,-0.1136,-0.9935,0.2529,0.1544,-0.1728,0.3430,0,0,Lateral Rollover (360°),Rollover Flips
19353.3,2026-10-03T11:23:28Z,0.0169,0.0003,0.0069,0.1790,0.0183,0.0176,-0.1183,-0.9860,0.9932,0.0008,-0.1186,-0.9929,0.2387,0.1730,-0.1467,0.3293,0,0,Lateral Rollover (360°),Rollover Flips
19373.3,2026-10-03T11:23:28Z,0.0162,0.0012,0.0255,0.2967,0.0303,0.0203,-0.1217,-0.9669,0.9748,0.0041,-0.1229,-0.9924,0.1893,0.1279,-0.1178,0.2570,0,0,Lateral Rollover (360°),Rollover Flips
19393.4,2026-10-03T11:23:28Z,0.0277,-0.0029,0.0184,0.3275,0.0334,0.0341,-0.1291,-0.9736,0.9827,0.0064,-0.1262,-0.9920,0.1628,0.0608,-0.0730,0.1885,0,0,Lateral Rollover (360°),Rollover Flips
19413.6,2026-10-03T11:23:28Z,0.0999,-0.0107,-0.1010,1.3971,0.1425,0.1056,-0.1428,-1.0922,1.1066,0.0057,-0.1320,-0.9912,0.3756,-0.0528,0.0900,0.3898,0,0,Lateral Rollover (360°),Rollover Flips
19433.9,2026-10-03T11:23:28Z,0.0414,-0.0032,-0.0314,0.5101,0.0520,0.0450,-0.1420,-1.0217,1.0325,0.0036,-0.1388,-0.9903,0.3082,-0.1748,0.0732,0.3618,0,0,Lateral Rollover (360°),Rollover Flips
19453.9,2026-10-03T11:23:28Z,0.0423,-0.0173,-0.0072,0.4535,0.0462,0.0406,-0.1610,-0.9968,1.0106,-0.0017,-0.1438,-0.9896,0.1788,-0.3375,0.0480,0.3850,0,0,Lateral Rollover (360°),Rollover Flips
19474.1,2026-10-03T11:23:28Z,0.0289,-0.0244,0.0103,0.3838,0.0391,0.0193,-0.1703,-0.9790,0.9938,-0.0096,-0.1459,-0.9893,0.0432,-0.4124,0.0386,0.4164,0,0,Lateral Rollover (360°),Rollover Flips
19494.1,2026-10-03T11:23:28Z,0.0166,-0.0090,0.0166,0.2464,0.0251,-0.0009,-0.1550,-0.9726,0.9848,-0.0175,-0.1460,-0.9891,-0.0229,-0.3568,0.0441,0.3602,0,0,Lateral Rollover (360°),Rollover Flips
19514.0,2026-10-03T11:23:28Z,-0.0020,-0.0172,0.0042,0.1751,0.0179,-0.0254,-0.1628,-0.9849,0.9985,-0.0233,-0.1455,-0.9891,-0.0112,-0.2055,0.0318,0.2082,0,0,Lateral Rollover (360°),Rollover Flips
19534.3,2026-10-03T11:23:28Z,0.0109,0.0131,-0.0203,0.2604,0.0266,-0.0152,-0.1329,-1.0092,1.0181,-0.0262,-0.1460,-0.9889,0.0782,-0.0858,0.0407,0.1230,0,0,Lateral Rollover (360°),Rollover Flips
19554.5,2026-10-03T11:23:28Z,0.0013,0.0063,-0.0178,0.1856,0.0189,-0.0256,-0.1421,-1.0063,1.0167,-0.0269,-0.1484,-0.9886,0.1496,0.0266,0.0384,0.1567,0,0,Lateral Rollover (360°),Rollover Flips
19574.5,2026-10-03T11:23:28Z,-0.0141,0.0152,0.0032,0.2053,0.0209,-0.0397,-0.1362,-0.9850,0.9951,-0.0256,-0.1513,-0.9882,0.1366,0.0889,-0.0068,0.1631,0,0,Lateral Rollover (360°),Rollover Flips
19594.6,2026-10-03T11:23:28Z,-0.0122,0.0168,0.0141,0.2463,0.0251,-0.0362,-0.1368,-0.9738,0.9840,-0.0239,-0.1537,-0.9878,0.0943,0.0653,-0.0519,0.1259,0,0,Lateral Rollover (360°),Rollover Flips
19614.5,2026-10-03T11:23:28Z,-0.0055,0.0128,0.0030,0.1396,0.0142,-0.0282,-0.1424,-0.9846,0.9953,-0.0227,-0.1552,-0.9876,0.0663,0.0382,-0.0711,0.1044,0,0,Lateral Rollover (360°),Rollover Flips
19634.7,2026-10-03T11:23:28Z,-0.0211,0.0298,-0.0379,0.5163,0.0526,-0.0432,-0.1271,-1.0253,1.0340,-0.0221,-0.1569,-0.9874,0.1200,-0.0071,-0.0950,0.1532,0,0,Lateral Rollover (360°),Rollover Flips
19655.0,2026-10-03T11:23:28Z,-0.0183,0.0303,-0.0511,0.6093,0.0621,-0.0407,-0.1300,-1.0379,1.0468,-0.0224,-0.1603,-0.9868,0.2127,-0.0558,-0.1164,0.2489,0,0,Lateral Rollover (360°),Rollover Flips
19675.0,2026-10-03T11:23:28Z,-0.0102,0.0183,-0.0263,0.3294,0.0336,-0.0335,-0.1468,-1.0123,1.0234,-0.0233,-0.1651,-0.9860,0.2488,-0.0712,-0.1166,0.2838,0,0,Lateral Rollover (360°),Rollover Flips
19695.0,2026-10-03T11:23:28Z,-0.0007,0.0049,0.0069,0.0833,0.0085,-0.0250,-0.1648,-0.9783,0.9924,-0.0244,-0.1698,-0.9852,0.2082,-0.0614,-0.0889,0.2345,0,0,Lateral Rollover (360°),Rollover Flips
19715.2,2026-10-03T11:23:28Z,0.0008,0.0059,0.0141,0.1502,0.0153,-0.0242,-0.1675,-0.9704,0.9851,-0.0250,-0.1733,-0.9845,0.1598,-0.0405,-0.0716,0.1797,0,0,Lateral Rollover (360°),Rollover Flips
19735.3,2026-10-03T11:23:28Z,-0.0011,0.0128,-0.0091,0.1546,0.0158,-0.0263,-0.1639,-0.9930,1.0068,-0.0252,-0.1767,-0.9839,0.1895,0.0069,-0.0671,0.2012,0,0,Lateral Rollover (360°),Rollover Flips
19755.5,2026-10-03T11:23:28Z,-0.0027,0.0142,-0.0089,0.1659,0.0169,-0.0272,-0.1667,-0.9921,1.0063,-0.0245,-0.1809,-0.9832,0.2154,0.0368,-0.0714,0.2298,0,0,Lateral Rollover (360°),Rollover Flips
19775.5,2026-10-03T11:23:28Z,0.0030,0.0072,0.0001,0.0769,0.0078,-0.0204,-0.1778,-0.9823,0.9985,-0.0234,-0.1850,-0.9825,0.2019,0.0486,-0.0673,0.2183,0,0,Lateral Rollover (360°),Rollover Flips
19795.6,2026-10-03T11:23:28Z,-0.0026,0.0107,0.0067,0.1262,0.0129,-0.0247,-0.1781,-0.9751,0.9915,-0.0221,-0.1888,-0.9818,0.1785,0.0622,-0.0666,0.2004,0,0,Lateral Rollover (360°),Rollover Flips
19815.7,2026-10-03T11:23:28Z,0.0037,0.0155,-0.0091,0.1803,0.0184,-0.0166,-0.1770,-0.9902,1.0060,-0.0204,-0.1925,-0.9811,0.2095,0.0802,-0.0680,0.2344,0,0,Lateral Rollover (360°),Rollover Flips
19836.0,2026-10-03T11:23:28Z,0.0085,0.0064,0.0054,0.1172,0.0119,-0.0100,-0.1904,-0.9749,0.9933,-0.0185,-0.1968,-0.9803,0.2054,0.0755,-0.0559,0.2259,0,0,Lateral Rollover (360°),Rollover Flips
19856.0,2026-10-03T11:23:28Z,0.0221,-0.0006,0.0083,0.2319,0.0236,0.0050,-0.2010,-0.9713,0.9919,-0.0172,-0.2004,-0.9796,0.1670,0.0433,-0.0240,0.1741,0,0,Lateral Rollover (360°),Rollover Flips
19876.2,2026-10-03T11:23:28Z,0.0217,-0.0056,0.0100,0.2408,0.0246,0.0050,-0.2090,-0.9690,0.9913,-0.0167,-0.2034,-0.9790,0.1268,0.0079,0.0120,0.1276,0,0,Lateral Rollover (360°),Rollover Flips
19896.4,2026-10-03T11:23:28Z,0.0184,-0.0062,-0.0026,0.1919,0.0196,0.0018,-0.2118,-0.9811,1.0037,-0.0166,-0.2056,-0.9785,0.1066,0.0134,0.0345,0.1128,0,0,Lateral Rollover (360°),Rollover Flips
19916.2,2026-10-03T11:23:28Z,0.0078,-0.0035,-0.0016,0.0860,0.0088,-0.0085,-0.2111,-0.9797,1.0023,-0.0163,-0.2075,-0.9781,0.0914,0.0360,0.0378,0.1053,0,0,Lateral Rollover (360°),Rollover Flips
19936.5,2026-10-03T11:23:28Z,0.0031,-0.0022,0.0044,0.0575,0.0059,-0.0126,-0.2112,-0.9734,0.9961,-0.0157,-0.2090,-0.9778,0.0552,0.0273,0.0268,0.0672,0,0,Lateral Rollover (360°),Rollover Flips
19956.5,2026-10-03T11:23:28Z,-0.0022,-0.0091,-0.0039,0.0991,0.0101,-0.0175,-0.2187,-0.9815,1.0058,-0.0153,-0.2097,-0.9777,0.0161,0.0288,0.0107,0.0347,0,0,Lateral Rollover (360°),Rollover Flips
19976.5,2026-10-03T11:23:28Z,0.0088,-0.0000,-0.0129,0.1532,0.0156,-0.0060,-0.2099,-0.9905,1.0125,-0.0148,-0.2099,-0.9776,0.0187,0.0215,0.0090,0.0299,0,0,Lateral Rollover (360°),Rollover Flips
19996.7,2026-10-03T11:23:28Z,0.0043,0.0004,-0.0105,0.1117,0.0114,-0.0101,-0.2099,-0.9881,1.0102,-0.0144,-0.2104,-0.9775,0.0254,0.0360,0.0059,0.0445,0,0,Lateral Rollover (360°),Rollover Flips
20016.7,2026-10-03T11:23:28Z,-0.0041,0.0066,-0.0226,0.2339,0.0239,-0.0172,-0.2045,-0.9999,1.0208,-0.0131,-0.2111,-0.9774,0.0591,0.0956,-0.0121,0.1131,0,0,Lateral Rollover (360°),Rollover Flips
20037.0,2026-10-03T11:23:28Z,0.0087,0.0074,-0.0270,0.2876,0.0293,-0.0020,-0.2055,-1.0040,1.0248,-0.0107,-0.2129,-0.9770,0.1220,0.1356,-0.0072,0.1826,0,0,Lateral Rollover (360°),Rollover Flips
20057.1,2026-10-03T11:23:29Z,0.0047,0.0056,0.0022,0.0746,0.0076,-0.0032,-0.2098,-0.9743,0.9967,-0.0080,-0.2154,-0.9765,0.1171,0.1248,-0.0147,0.1717,0,0,Lateral Rollover (360°),Rollover Flips
20077.2,2026-10-03T11:23:29Z,0.0033,0.0029,0.0170,0.1717,0.0175,-0.0029,-0.2142,-0.9592,0.9828,-0.0062,-0.2171,-0.9761,0.0590,0.0403,-0.0298,0.0774,0,0,Lateral Rollover (360°),Rollover Flips
20097.3,2026-10-03T11:23:29Z,0.0039,0.0051,0.0076,0.0978,0.0100,-0.0019,-0.2128,-0.9683,0.9914,-0.0058,-0.2179,-0.9760,0.0333,-0.0012,-0.0384,0.0508,0,0,Lateral Rollover (360°),Rollover Flips
20117.3,2026-10-03T11:23:29Z,-0.0017,0.0108,-0.0007,0.1072,0.0109,-0.0073,-0.2079,-0.9765,0.9984,-0.0056,-0.2186,-0.9758,0.0465,0.0081,-0.0438,0.0644,0,0,Lateral Rollover (360°),Rollover Flips
20137.6,2026-10-03T11:23:29Z,-0.0060,0.0068,0.0009,0.0894,0.0091,-0.0108,-0.2130,-0.9747,0.9977,-0.0047,-0.2197,-0.9755,0.0667,0.0645,-0.0450,0.1031,0,0,Lateral Rollover (360°),Rollover Flips
20157.6,2026-10-03T11:23:29Z,-0.0097,0.0087,-0.0015,0.1286,0.0131,-0.0122,-0.2125,-0.9768,0.9997,-0.0025,-0.2212,-0.9752,0.0781,0.1413,-0.0518,0.1696,0,0,Lateral Rollover (360°),Rollover Flips
20177.5,2026-10-03T11:23:29Z,-0.0018,0.0068,-0.0124,0.1396,0.0142,-0.0005,-0.2160,-0.9873,1.0106,0.0013,-0.2228,-0.9749,0.0856,0.2124,-0.0567,0.2359,0,0,Lateral Rollover (360°),Rollover Flips
20197.6,2026-10-03T11:23:29Z,0.0027,0.0086,-0.0068,0.1114,0.0114,0.0085,-0.2157,-0.9813,1.0048,0.0058,-0.2243,-0.9745,0.0722,0.2091,-0.0557,0.2281,0,0,Lateral Rollover (360°),Rollover Flips
20217.7,2026-10-03T11:23:29Z,0.0179,0.0113,-0.0177,0.2702,0.0276,0.0277,-0.2145,-0.9918,1.0151,0.0098,-0.2258,-0.9741,0.0900,0.1745,-0.0276,0.1983,0,0,Lateral Rollover (360°),Rollover Flips
20238.0,2026-10-03T11:23:29Z,0.0009,0.0150,-0.0018,0.1480,0.0151,0.0138,-0.2126,-0.9754,0.9984,0.0129,-0.2276,-0.9737,0.0790,0.1247,-0.0283,0.1504,0,0,Lateral Rollover (360°),Rollover Flips
20258.0,2026-10-03T11:23:29Z,-0.0087,0.0190,0.0084,0.2207,0.0225,0.0064,-0.2097,-0.9649,0.9875,0.0151,-0.2287,-0.9734,0.0447,0.0915,-0.0620,0.1192,0,0,Lateral Rollover (360°),Rollover Flips
20278.1,2026-10-03T11:23:29Z,-0.0011,0.0215,0.0028,0.2133,0.0217,0.0158,-0.2079,-0.9704,0.9925,0.0169,-0.2295,-0.9732,0.0405,0.0569,-0.0653,0.0956,0,0,Lateral Rollover (360°),Rollover Flips
20298.3,2026-10-03T11:23:29Z,-0.0108,0.0210,-0.0022,0.2322,0.0237,0.0075,-0.2094,-0.9751,0.9973,0.0183,-0.2304,-0.9729,0.0547,0.0579,-0.0707,0.1065,0,0,Lateral Rollover (360°),Rollover Flips
20319.0,2026-10-03T11:23:29Z,0.0012,0.0115,0.0001,0.1135,0.0116,0.0209,-0.2199,-0.9725,0.9973,0.0197,-0.2314,-0.9727,0.0528,0.0536,-0.0490,0.0898,0,0,Lateral Rollover (360°),Rollover Flips
20338.4,2026-10-03T11:23:29Z,0.0000,0.0113,-0.0083,0.1372,0.0140,0.0210,-0.2211,-0.9807,1.0055,0.0210,-0.2324,-0.9724,0.0493,0.0674,-0.0436,0.0943,0,0,Lateral Rollover (360°),Rollover Flips
20358.6,2026-10-03T11:23:29Z,0.0021,0.0090,-0.0034,0.0964,0.0098,0.0248,-0.2243,-0.9756,1.0013,0.0226,-0.2333,-0.9721,0.0491,0.0709,-0.0403,0.0952,0,0,Lateral Rollover (360°),Rollover Flips
20378.6,2026-10-03T11:23:29Z,0.0158,0.0000,0.0021,0.1563,0.0159,0.0397,-0.2339,-0.9699,0.9985,0.0239,-0.2340,-0.9719,0.0122,0.0353,-0.0157,0.0405,0,0,Lateral Rollover (360°),Rollover Flips
20398.6,2026-10-03T11:23:29Z,0.0103,-0.0040,0.0022,0.1100,0.0112,0.0342,-0.2375,-0.9699,0.9991,0.0240,-0.2335,-0.9721,-0.0532,-0.0319,0.0034,0.0621,0,0,Lateral Rollover (360°),Rollover Flips
20418.8,2026-10-03T11:23:29Z,0.0027,0.0063,-0.0057,0.0874,0.0089,0.0255,-0.2258,-0.9781,1.0042,0.0228,-0.2321,-0.9724,-0.0788,-0.0869,-0.0102,0.1178,0,0,Lateral Rollover (360°),Rollover Flips
20439.1,2026-10-03T11:23:29Z,0.0023,0.0090,-0.0329,0.3356,0.0342,0.0233,-0.2221,-1.0056,1.0301,0.0210,-0.2311,-0.9727,-0.0126,-0.0955,-0.0289,0.1006,0,0,Lateral Rollover (360°),Rollover Flips
20459.5,2026-10-03T11:23:29Z,0.0137,0.0005,-0.0201,0.2387,0.0243,0.0333,-0.2311,-0.9927,1.0198,0.0196,-0.2316,-0.9726,0.0531,-0.0667,-0.0232,0.0883,0,0,Lateral Rollover (360°),Rollover Flips
20479.0,2026-10-03T11:23:29Z,0.0210,-0.0086,0.0043,0.2261,0.0231,0.0393,-0.2411,-0.9681,0.9984,0.0184,-0.2325,-0.9724,0.0356,-0.0736,-0.0033,0.0819,0,0,Lateral Rollover (360°),Rollover Flips
20499.3,2026-10-03T11:23:29Z,0.0189,-0.0135,0.0120,0.2563,0.0261,0.0353,-0.2460,-0.9604,0.9921,0.0164,-0.2325,-0.9725,-0.0384,-0.1256,0.0068,0.1316,0,0,Lateral Rollover (360°),Rollover Flips
20519.1,2026-10-03T11:23:29Z,0.0198,-0.0059,-0.0117,0.2324,0.0237,0.0335,-0.2372,-0.9845,1.0132,0.0137,-0.2314,-0.9728,-0.0643,-0.1442,0.0121,0.1584,0,0,Lateral Rollover (360°),Rollover Flips
20539.3,2026-10-03T11:23:29Z,0.0121,0.0002,-0.0140,0.1811,0.0185,0.0229,-0.2300,-0.9871,1.0138,0.0108,-0.2302,-0.9731,-0.0528,-0.1351,0.0118,0.1455,0,0,Lateral Rollover (360°),Rollover Flips
20559.5,2026-10-03T11:23:29Z,0.0023,0.0054,-0.0298,0.2979,0.0304,0.0111,-0.2241,-1.0031,1.0278,0.0088,-0.2295,-0.9733,-0.0128,-0.0561,0.0005,0.0576,0,0,Lateral Rollover (360°),Rollover Flips
20580.0,2026-10-03T11:23:29Z,-0.0042,0.0130,-0.0371,0.3878,0.0395,0.0043,-0.2169,-1.0103,1.0333,0.0085,-0.2299,-0.9732,0.0549,0.0110,-0.0106,0.0570,0,0,Lateral Rollover (360°),Rollover Flips
20599.9,2026-10-03T11:23:29Z,-0.0004,0.0101,-0.0036,0.1050,0.0107,0.0085,-0.2210,-0.9764,1.0012,0.0089,-0.2311,-0.9729,0.0519,0.0055,-0.0239,0.0574,0,0,Lateral Rollover (360°),Rollover Flips
20619.8,2026-10-03T11:23:29Z,0.0168,0.0019,0.0099,0.1918,0.0196,0.0252,-0.2297,-0.9629,0.9903,0.0084,-0.2316,-0.9728,-0.0110,-0.0680,0.0090,0.0694,0,0,Lateral Rollover (360°),Rollover Flips
20640.0,2026-10-03T11:23:29Z,0.0127,0.0010,0.0104,0.1615,0.0165,0.0187,-0.2296,-0.9626,0.9898,0.0060,-0.2306,-0.9730,-0.0846,-0.1674,0.0263,0.1894,0,0,Lateral Rollover (360°),Rollover Flips
20660.2,2026-10-03T11:23:29Z,0.0022,0.0067,-0.0104,0.1232,0.0126,0.0042,-0.2219,-0.9839,1.0086,0.0020,-0.2286,-0.9735,-0.1112,-0.2171,0.0300,0.2457,0,0,Lateral Rollover (360°),Rollover Flips
20680.3,2026-10-03T11:23:29Z,0.0037,0.0082,-0.0268,0.2769,0.0282,0.0016,-0.2185,-1.0007,1.0243,-0.0022,-0.2267,-0.9740,-0.0728,-0.1771,0.0290,0.1937,0,0,Lateral Rollover (360°),Rollover Flips
20700.4,2026-10-03T11:23:29Z,0.0018,0.0080,-0.0142,0.1607,0.0164,-0.0033,-0.2176,-0.9884,1.0121,-0.0051,-0.2256,-0.9742,-0.0383,-0.1101,0.0222,0.1187,0,0,Lateral Rollover (360°),Rollover Flips
20720.2,2026-10-03T11:23:29Z,-0.0006,0.0055,0.0012,0.0554,0.0057,-0.0076,-0.2195,-0.9731,0.9976,-0.0070,-0.2250,-0.9743,-0.0318,-0.0886,0.0033,0.0941,0,0,Lateral Rollover (360°),Rollover Flips
20740.6,2026-10-03T11:23:29Z,0.0135,0.0044,0.0067,0.1541,0.0157,0.0048,-0.2198,-0.9678,0.9924,-0.0087,-0.2242,-0.9745,-0.0467,-0.0902,-0.0003,0.1016,0,0,Lateral Rollover (360°),Rollover Flips
20760.6,2026-10-03T11:23:29Z,0.0158,0.0021,0.0059,0.1669,0.0170,0.0052,-0.2210,-0.9688,0.9937,-0.0107,-0.2231,-0.9747,-0.0630,-0.1010,0.0101,0.1195,0,0,Lateral Rollover (360°),Rollover Flips
20780.8,2026-10-03T11:23:29Z,0.0131,0.0047,0.0000,0.1369,0.0140,0.0004,-0.2170,-0.9750,0.9989,-0.0128,-0.2218,-0.9750,-0.0738,-0.1120,0.0106,0.1345,0,0,Lateral Rollover (360°),Rollover Flips
20800.8,2026-10-03T11:23:29Z,0.0167,-0.0014,0.0094,0.1885,0.0192,0.0015,-0.2215,-0.9659,0.9910,-0.0152,-0.2201,-0.9754,-0.1046,-0.1314,0.0155,0.1687,0,0,Lateral Rollover (360°),Rollover Flips
20821.0,2026-10-03T11:23:29Z,0.0198,0.0064,0.0396,0.4391,0.0448,0.0016,-0.2108,-0.9363,0.9598,-0.0182,-0.2172,-0.9760,-0.1979,-0.1797,0.0141,0.2677,0,0,Lateral Rollover (360°),Rollover Flips
20841.2,2026-10-03T11:23:29Z,0.0088,0.0052,0.0133,0.1651,0.0168,-0.0133,-0.2075,-0.9635,0.9857,-0.0222,-0.2127,-0.9769,-0.2505,-0.2022,0.0100,0.3221,0,0,Lateral Rollover (360°),Rollover Flips
20861.1,2026-10-03T11:23:29Z,0.0129,0.0101,-0.0065,0.1724,0.0176,-0.0128,-0.1977,-0.9843,1.0040,-0.0257,-0.2078,-0.9778,-0.2370,-0.1360,0.0205,0.2740,0,0,Lateral Rollover (360°),Rollover Flips
20881.3,2026-10-03T11:23:29Z,0.0063,0.0132,-0.0142,0.2003,0.0204,-0.0213,-0.1905,-0.9929,1.0112,-0.0276,-0.2038,-0.9786,-0.1688,-0.0460,0.0324,0.1779,0,0,Lateral Rollover (360°),Rollover Flips
20907.8,2026-10-03T11:23:29Z,0.0052,0.0130,0.0079,0.1578,0.0161,-0.0229,-0.1877,-0.9714,0.9896,-0.0281,-0.2008,-0.9792,-0.1403,-0.0136,0.0299,0.1441,0,0,Lateral Rollover (360°),Rollover Flips
20921.5,2026-10-03T11:23:29Z,0.0091,0.0031,0.0277,0.2874,0.0293,-0.0198,-0.1945,-0.9521,0.9720,-0.0288,-0.1976,-0.9799,-0.1944,-0.0503,0.0310,0.2032,0,0,Lateral Rollover (360°),Rollover Flips
20941.7,2026-10-03T11:23:29Z,0.0135,0.0022,0.0246,0.2758,0.0281,-0.0170,-0.1906,-0.9562,0.9751,-0.0305,-0.1928,-0.9808,-0.2907,-0.1081,0.0378,0.3124,0,0,Lateral Rollover (360°),Rollover Flips
20961.7,2026-10-03T11:23:29Z,0.0111,0.0058,0.0031,0.1266,0.0129,-0.0223,-0.1808,-0.9788,0.9956,-0.0334,-0.1866,-0.9819,-0.3219,-0.1598,0.0449,0.3622,0,0,Lateral Rollover (360°),Rollover Flips
20981.8,2026-10-03T11:23:29Z,0.0153,0.0055,-0.0083,0.1792,0.0183,-0.0214,-0.1749,-0.9912,1.0068,-0.0367,-0.1804,-0.9829,-0.2898,-0.1515,0.0709,0.3346,0,0,Lateral Rollover (360°),Rollover Flips
21006.8,2026-10-03T11:23:29Z,0.0063,0.0066,-0.0038,0.0972,0.0099,-0.0337,-0.1683,-0.9876,1.0024,-0.0400,-0.1749,-0.9838,-0.2652,-0.1600,0.0827,0.3206,0,0,Lateral Rollover (360°),Rollover Flips
21021.9,2026-10-03T11:23:29Z,-0.0022,0.0080,-0.0100,0.1273,0.0130,-0.0462,-0.1616,-0.9945,1.0086,-0.0440,-0.1696,-0.9845,-0.2729,-0.2290,0.0750,0.3641,0,0,Lateral Rollover (360°),Rollover Flips
21042.1,2026-10-03T11:23:30Z,-0.0032,0.0089,-0.0172,0.1922,0.0196,-0.0526,-0.1550,-1.0024,1.0157,-0.0495,-0.1638,-0.9852,-0.2976,-0.2939,0.0612,0.4227,0,0,Lateral Rollover (360°),Rollover Flips
21062.2,2026-10-03T11:23:30Z,-0.0044,0.0112,-0.0245,0.2680,0.0273,-0.0601,-0.1467,-1.0104,1.0228,-0.0557,-0.1579,-0.9859,-0.2869,-0.3078,0.0539,0.4242,0,0,Lateral Rollover (360°),Rollover Flips
21082.2,2026-10-03T11:23:30Z,-0.0031,0.0139,-0.0274,0.3028,0.0309,-0.0644,-0.1389,-1.0137,1.0252,-0.0613,-0.1528,-0.9863,-0.2129,-0.2296,0.0537,0.3177,0,0,Lateral Rollover (360°),Rollover Flips
21107.2,2026-10-03T11:23:30Z,-0.0077,0.0182,-0.0315,0.3650,0.0372,-0.0726,-0.1312,-1.0182,1.0291,-0.0649,-0.1494,-0.9866,-0.1200,-0.1083,0.0461,0.1681,0,0,Lateral Rollover (360°),Rollover Flips
21122.4,2026-10-03T11:23:30Z,-0.0059,0.0178,-0.0236,0.2951,0.0301,-0.0718,-0.1304,-1.0103,1.0212,-0.0659,-0.1482,-0.9868,-0.0013,0.0079,0.0248,0.0261,0,0,Lateral Rollover (360°),Rollover Flips
21142.6,2026-10-03T11:23:30Z,-0.0002,0.0058,0.0038,0.0678,0.0069,-0.0653,-0.1429,-0.9830,0.9954,-0.0650,-0.1487,-0.9867,0.0403,0.0720,0.0118,0.0834,0,0,Lateral Rollover (360°),Rollover Flips
21162.9,2026-10-03T11:23:30Z,0.0039,-0.0005,0.0201,0.2004,0.0204,-0.0598,-0.1497,-0.9667,0.9801,-0.0637,-0.1491,-0.9868,-0.0038,0.0585,0.0047,0.0588,0,0,Lateral Rollover (360°),Rollover Flips
21182.9,2026-10-03T11:23:30Z,-0.0004,-0.0009,0.0021,0.0226,0.0023,-0.0633,-0.1496,-0.9848,0.9981,-0.0628,-0.1486,-0.9869,-0.0355,0.0273,-0.0111,0.0462,0,0,Lateral Rollover (360°),Rollover Flips
21206.3,2026-10-03T11:23:30Z,0.0042,0.0021,-0.0222,0.2228,0.0227,-0.0581,-0.1461,-1.0092,1.0214,-0.0622,-0.1482,-0.9870,-0.0036,0.0318,-0.0177,0.0366,0,0,Lateral Rollover (360°),Rollover Flips
21222.9,2026-10-03T11:23:30Z,0.0025,0.0015,-0.0093,0.0959,0.0098,-0.0588,-0.1470,-0.9963,1.0088,-0.0612,-0.1486,-0.9870,0.0323,0.0667,-0.0229,0.0776,0,0,Lateral Rollover (360°),Rollover Flips
21243.2,2026-10-03T11:23:30Z,0.0038,0.0022,-0.0016,0.0454,0.0046,-0.0557,-0.1470,-0.9886,1.0011,-0.0595,-0.1491,-0.9870,0.0228,0.0954,-0.0252,0.1013,0,0,Lateral Rollover (360°),Rollover Flips
21263.2,2026-10-03T11:23:30Z,0.0061,0.0038,-0.0179,0.1886,0.0192,-0.0512,-0.1458,-1.0049,1.0168,-0.0573,-0.1496,-0.9871,0.0190,0.1214,-0.0180,0.1242,0,0,Lateral Rollover (360°),Rollover Flips
21283.4,2026-10-03T11:23:30Z,0.0017,0.0081,-0.0221,0.2316,0.0236,-0.0529,-0.1420,-1.0093,1.0206,-0.0546,-0.1501,-0.9872,0.0266,0.1471,-0.0099,0.1498,0,0,Lateral Rollover (360°),Rollover Flips
21307.1,2026-10-03T11:23:30Z,0.0013,0.0110,-0.0215,0.2375,0.0242,-0.0500,-0.1397,-1.0088,1.0196,-0.0513,-0.1508,-0.9872,0.0453,0.1776,-0.0043,0.1833,0,0,Lateral Rollover (360°),Rollover Flips
21323.4,2026-10-03T11:23:30Z,0.0045,0.0094,-0.0120,0.1564,0.0159,-0.0429,-0.1422,-0.9993,1.0103,-0.0475,-0.1516,-0.9873,0.0448,0.2222,0.0167,0.2273,0,0,Lateral Rollover (360°),Rollover Flips
21343.5,2026-10-03T11:23:30Z,-0.0019,0.0092,-0.0017,0.0934,0.0095,-0.0442,-0.1435,-0.9891,1.0004,-0.0423,-0.1527,-0.9874,0.0631,0.3035,0.0382,0.3124,0,0,Lateral Rollover (360°),Rollover Flips
21363.8,2026-10-03T11:23:30Z,-0.0086,0.0083,0.0205,0.2323,0.0237,-0.0445,-0.1455,-0.9670,0.9789,-0.0359,-0.1538,-0.9875,0.0430,0.3418,0.0371,0.3465,0,0,Lateral Rollover (360°),Rollover Flips
21383.9,2026-10-03T11:23:30Z,-0.0015,0.0047,0.0301,0.2992,0.0305,-0.0313,-0.1492,-0.9575,0.9696,-0.0298,-0.1539,-0.9876,-0.0347,0.2574,0.0331,0.2619,0,0,Lateral Rollover (360°),Rollover Flips
21407.8,2026-10-03T11:23:30Z,0.0037,0.0011,0.0126,0.1295,0.0132,-0.0229,-0.1512,-0.9754,0.9873,-0.0267,-0.1522,-0.9880,-0.1339,0.0592,0.0175,0.1475,0,0,Lateral Rollover (360°),Rollover Flips
21423.9,2026-10-03T11:23:30Z,0.0137,0.0082,-0.0219,0.2663,0.0272,-0.0136,-0.1407,-1.0104,1.0203,-0.0273,-0.1489,-0.9885,-0.1760,-0.1013,-0.0042,0.2031,0,0,Lateral Rollover (360°),Rollover Flips
21444.2,2026-10-03T11:23:30Z,0.0106,0.0085,-0.0363,0.3795,0.0387,-0.0190,-0.1375,-1.0251,1.0345,-0.0296,-0.1460,-0.9888,-0.1117,-0.1100,-0.0124,0.1573,0,0,Lateral Rollover (360°),Rollover Flips
21464.1,2026-10-03T11:23:30Z,0.0064,0.0108,-0.0084,0.1484,0.0151,-0.0249,-0.1337,-0.9974,1.0066,-0.0313,-0.1445,-0.9890,-0.0502,-0.0624,-0.0152,0.0815,0,0,Lateral Rollover (360°),Rollover Flips
21484.5,2026-10-03T11:23:30Z,0.0012,0.0046,0.0099,0.1079,0.0110,-0.0306,-0.1390,-0.9792,0.9895,-0.0318,-0.1436,-0.9891,-0.0453,0.0047,-0.0207,0.0500,0,0,Lateral Rollover (360°),Rollover Flips
21507.3,2026-10-03T11:23:30Z,0.0050,0.0050,0.0060,0.0904,0.0092,-0.0265,-0.1377,-0.9833,0.9933,-0.0315,-0.1426,-0.9893,-0.0511,0.0105,-0.0281,0.0593,0,0,Lateral Rollover (360°),Rollover Flips
21524.4,2026-10-03T11:23:30Z,0.0168,-0.0008,0.0031,0.1678,0.0171,-0.0146,-0.1423,-0.9864,0.9967,-0.0315,-0.1416,-0.9894,-0.0608,-0.0182,-0.0184,0.0661,0,0,Lateral Rollover (360°),Rollover Flips
21544.6,2026-10-03T11:23:30Z,0.0176,-0.0027,-0.0067,0.1868,0.0191,-0.0144,-0.1428,-0.9963,1.0066,-0.0320,-0.1402,-0.9896,-0.0740,-0.0423,0.0057,0.0854,0,0,Lateral Rollover (360°),Rollover Flips
21564.9,2026-10-03T11:23:30Z,0.0063,0.0016,-0.0068,0.0923,0.0094,-0.0269,-0.1369,-0.9966,1.0064,-0.0332,-0.1385,-0.9898,-0.0967,-0.0718,0.0076,0.1207,0,0,Lateral Rollover (360°),Rollover Flips
21585.0,2026-10-03T11:23:30Z,0.0037,0.0027,-0.0098,0.1057,0.0108,-0.0309,-0.1340,-0.9998,1.0092,-0.0346,-0.1366,-0.9900,-0.0830,-0.0627,-0.0039,0.1041,0,0,Lateral Rollover (360°),Rollover Flips
21607.2,2026-10-03T11:23:30Z,0.0123,-0.0037,0.0043,0.1327,0.0135,-0.0230,-0.1388,-0.9859,0.9959,-0.0353,-0.1351,-0.9902,-0.0717,0.0065,-0.0066,0.0723,0,0,Lateral Rollover (360°),Rollover Flips
21625.0,2026-10-03T11:23:30Z,0.0098,-0.0073,0.0114,0.1643,0.0168,-0.0240,-0.1408,-0.9790,0.9894,-0.0339,-0.1335,-0.9905,-0.0990,0.1352,-0.0075,0.1677,0,0,Lateral Rollover (360°),Rollover Flips
21645.3,2026-10-03T11:23:30Z,0.0111,-0.0152,0.0149,0.2353,0.0240,-0.0191,-0.1462,-0.9760,0.9871,-0.0302,-0.1310,-0.9909,-0.1577,0.2273,0.0146,0.2770,0,0,Lateral Rollover (360°),Rollover Flips
21665.5,2026-10-03T11:23:30Z,0.0081,-0.0213,0.0218,0.3096,0.0316,-0.0168,-0.1481,-0.9698,0.9812,-0.0249,-0.1268,-0.9916,-0.2693,0.3202,0.0553,0.4221,0,0,Lateral Rollover (360°),Rollover Flips
21685.4,2026-10-03T11:23:30Z,0.1204,-0.0021,-0.1213,1.6761,0.1709,0.1011,-0.1248,-1.1136,1.1251,-0.0193,-0.1227,-0.9923,-0.1115,0.2694,0.2334,0.3735,0,0,Lateral Rollover (360°),Rollover Flips
21706.0,2026-10-03T11:23:30Z,0.0803,-0.0341,-0.0048,0.8564,0.0873,0.0639,-0.1539,-0.9975,1.0113,-0.0163,-0.1198,-0.9927,-0.2122,0.0843,0.3244,0.3966,0,0,Lateral Rollover (360°),Rollover Flips
21725.7,2026-10-03T11:23:30Z,0.0732,-0.0263,0.0140,0.7754,0.0791,0.0561,-0.1397,-0.9794,0.9909,-0.0172,-0.1135,-0.9934,-0.3987,-0.0560,0.3952,0.5642,0,0,Lateral Rollover (360°),Rollover Flips
21745.7,2026-10-03T11:23:30Z,0.0343,0.0030,-0.0173,0.3777,0.0385,0.0146,-0.1015,-1.0116,1.0168,-0.0197,-0.1045,-0.9943,-0.4541,-0.0946,0.3708,0.5939,0,0,Lateral Rollover (360°),Rollover Flips
21765.9,2026-10-03T11:23:30Z,0.0021,0.0090,-0.0597,0.5923,0.0604,-0.0194,-0.0872,-1.0548,1.0586,-0.0215,-0.0962,-0.9951,-0.3479,0.0142,0.2833,0.4489,0,0,Lateral Rollover (360°),Rollover Flips
21786.0,2026-10-03T11:23:30Z,0.0350,0.0075,-0.0478,0.5862,0.0598,0.0135,-0.0830,-1.0435,1.0469,-0.0216,-0.0905,-0.9957,-0.2202,-0.0638,0.2593,0.3461,0,0,Lateral Rollover (360°),Rollover Flips
21805.8,2026-10-03T11:23:30Z,0.0166,0.0105,-0.0272,0.3287,0.0335,-0.0096,-0.0759,-1.0231,1.0259,-0.0261,-0.0864,-0.9959,-0.1909,-0.3197,0.2203,0.4327,0,0,Lateral Rollover (360°),Rollover Flips
21826.0,2026-10-03T11:23:30Z,0.0019,0.0137,-0.0230,0.2630,0.0268,-0.0322,-0.0690,-1.0190,1.0218,-0.0340,-0.0827,-0.9960,-0.1535,-0.4121,0.1857,0.4773,0,0,Lateral Rollover (360°),Rollover Flips
21846.3,2026-10-03T11:23:30Z,-0.0045,0.0179,-0.0215,0.2774,0.0283,-0.0469,-0.0626,-1.0173,1.0203,-0.0424,-0.0805,-0.9959,-0.0431,-0.3767,0.1534,0.4091,0,0,Lateral Rollover (360°),Rollover Flips
21866.4,2026-10-03T11:23:30Z,0.0028,0.0107,-0.0010,0.1089,0.0111,-0.0462,-0.0698,-0.9965,1.0000,-0.0491,-0.0805,-0.9955,0.0480,-0.2857,0.1551,0.3286,0,0,Lateral Rollover (360°),Rollover Flips
21886.5,2026-10-03T11:23:30Z,-0.0156,0.0154,0.0242,0.3202,0.0326,-0.0704,-0.0660,-0.9709,0.9757,-0.0548,-0.0814,-0.9952,0.0442,-0.2621,0.1168,0.2903,0,0,Lateral Rollover (360°),Rollover Flips
21907.0,2026-10-03T11:23:30Z,-0.0089,0.0190,0.0408,0.4504,0.0459,-0.0705,-0.0627,-0.9539,0.9586,-0.0616,-0.0817,-0.9948,-0.0210,-0.4325,0.0618,0.4374,0,0,Lateral Rollover (360°),Rollover Flips
21926.5,2026-10-03T11:23:30Z,-0.0037,0.0134,0.0279,0.3057,0.0312,-0.0756,-0.0668,-0.9663,0.9715,-0.0719,-0.0802,-0.9942,-0.1087,-0.5647,0.0220,0.5755,0,0,Lateral Rollover (360°),Rollover Flips
21946.9,2026-10-03T11:23:30Z,-0.0001,0.0188,-0.0000,0.1845,0.0188,-0.0834,-0.0592,-0.9935,0.9987,-0.0833,-0.0780,-0.9935,-0.0920,-0.5468,0.0263,0.5551,0,0,Lateral Rollover (360°),Rollover Flips
21967.0,2026-10-03T11:23:30Z,-0.0128,0.0180,-0.0088,0.2336,0.0238,-0.1057,-0.0589,-1.0015,1.0088,-0.0929,-0.0770,-0.9927,-0.0033,-0.3992,0.0324,0.4005,0,0,Lateral Rollover (360°),Rollover Flips
21987.0,2026-10-03T11:23:30Z,-0.0173,0.0134,0.0030,0.2167,0.0221,-0.1160,-0.0640,-0.9891,0.9980,-0.0986,-0.0774,-0.9921,0.0491,-0.1819,0.0349,0.1916,0,0,Lateral Rollover (360°),Rollover Flips
22006.9,2026-10-03T11:23:30Z,-0.0058,0.0097,0.0284,0.3000,0.0306,-0.1077,-0.0685,-0.9633,0.9717,-0.1019,-0.0782,-0.9917,0.0207,-0.1670,0.0458,0.1744,0,0,Lateral Rollover (360°),Rollover Flips
22027.2,2026-10-03T11:23:30Z,-0.0201,0.0184,0.0217,0.3413,0.0348,-0.1256,-0.0595,-0.9697,0.9796,-0.1055,-0.0779,-0.9914,-0.0397,-0.1851,0.0199,0.1904,0,0,Lateral Rollover (360°),Rollover Flips
22047.3,2026-10-03T11:23:31Z,-0.0270,0.0139,0.0018,0.2985,0.0304,-0.1354,-0.0631,-0.9894,1.0006,-0.1084,-0.0770,-0.9911,-0.0311,-0.0680,0.0015,0.0748,0,0,Lateral Rollover (360°),Rollover Flips
22067.5,2026-10-03T11:23:31Z,-0.0106,0.0103,-0.0174,0.2237,0.0228,-0.1182,-0.0670,-1.0086,1.0177,-0.1076,-0.0773,-0.9912,0.0712,0.1415,0.0104,0.1588,0,0,Lateral Rollover (360°),Rollover Flips
22087.5,2026-10-03T11:23:31Z,-0.0060,0.0102,0.0104,0.1545,0.0158,-0.1095,-0.0689,-0.9811,0.9896,-0.1035,-0.0792,-0.9915,0.1017,0.2487,0.0200,0.2694,0,0,Lateral Rollover (360°),Rollover Flips
22107.5,2026-10-03T11:23:31Z,-0.0124,0.0116,0.0283,0.3241,0.0331,-0.1110,-0.0690,-0.9635,0.9723,-0.0986,-0.0806,-0.9919,0.0382,0.2388,0.0047,0.2419,0,0,Lateral Rollover (360°),Rollover Flips
22127.7,2026-10-03T11:23:31Z,-0.0046,0.0103,0.0175,0.2045,0.0208,-0.0994,-0.0704,-0.9747,0.9823,-0.0948,-0.0807,-0.9922,-0.0247,0.1160,-0.0118,0.1191,0,0,Lateral Rollover (360°),Rollover Flips
22147.7,2026-10-03T11:23:31Z,0.0010,0.0119,0.0104,0.1559,0.0159,-0.0927,-0.0678,-0.9819,0.9886,-0.0937,-0.0798,-0.9924,-0.0682,-0.0024,-0.0145,0.0698,0,0,Lateral Rollover (360°),Rollover Flips
22168.0,2026-10-03T11:23:31Z,-0.0005,0.0100,-0.0001,0.0980,0.0100,-0.0947,-0.0682,-0.9926,0.9994,-0.0942,-0.0782,-0.9925,-0.0902,-0.0230,-0.0080,0.0934,0,0,Lateral Rollover (360°),Rollover Flips
22188.1,2026-10-03T11:23:31Z,-0.0252,0.0195,-0.0241,0.3916,0.0399,-0.1184,-0.0572,-1.0168,1.0252,-0.0932,-0.0767,-0.9927,-0.0411,0.1594,-0.0176,0.1655,0,0,Lateral Rollover (360°),Rollover Flips
22208.2,2026-10-03T11:23:31Z,-0.0369,0.0310,-0.0545,0.7133,0.0727,-0.1238,-0.0464,-1.0477,1.0560,-0.0869,-0.0774,-0.9932,0.1160,0.4575,-0.0605,0.4759,0,0,Lateral Rollover (360°),Rollover Flips
22228.3,2026-10-03T11:23:31Z,-0.0293,0.0316,-0.0271,0.4993,0.0509,-0.1055,-0.0496,-1.0208,1.0275,-0.0762,-0.0812,-0.9938,0.2264,0.5446,-0.1198,0.6019,0,0,Lateral Rollover (360°),Rollover Flips
22248.2,2026-10-03T11:23:31Z,-0.0077,0.0166,0.0271,0.3206,0.0327,-0.0742,-0.0686,-0.9670,0.9723,-0.0665,-0.0852,-0.9941,0.1206,0.3863,-0.1659,0.4374,0,0,Lateral Rollover (360°),Rollover Flips
22268.4,2026-10-03T11:23:31Z,0.0035,0.0170,-0.0031,0.1731,0.0177,-0.0565,-0.0694,-0.9975,1.0015,-0.0601,-0.0864,-0.9944,0.0120,0.2486,-0.1740,0.3037,0,0,Lateral Rollover (360°),Rollover Flips
22288.6,2026-10-03T11:23:31Z,0.0041,0.0287,-0.0477,0.5477,0.0559,-0.0505,-0.0588,-1.0424,1.0453,-0.0546,-0.0874,-0.9947,0.0909,0.2905,-0.1782,0.3527,0,0,Lateral Rollover (360°),Rollover Flips
22308.6,2026-10-03T11:23:31Z,0.0330,0.0149,-0.0416,0.5412,0.0552,-0.0148,-0.0758,-1.0363,1.0392,-0.0479,-0.0907,-0.9947,0.2023,0.3227,-0.1356,0.4042,0,0,Lateral Rollover (360°),Rollover Flips
22328.7,2026-10-03T11:23:31Z,0.0359,0.0041,0.0023,0.3549,0.0362,-0.0061,-0.0906,-0.9923,0.9965,-0.0420,-0.0947,-0.9946,0.1691,0.2286,-0.0909,0.2985,0,0,Lateral Rollover (360°),Rollover Flips
22348.9,2026-10-03T11:23:31Z,0.0285,-0.0012,0.0187,0.3346,0.0341,-0.0100,-0.0985,-0.9758,0.9808,-0.0385,-0.0973,-0.9945,0.0941,0.1271,-0.0500,0.1658,0,0,Lateral Rollover (360°),Rollover Flips
22369.0,2026-10-03T11:23:31Z,-0.0052,0.0069,0.0088,0.1212,0.0124,-0.0411,-0.0921,-0.9856,0.9908,-0.0359,-0.0990,-0.9944,0.0871,0.1408,-0.0690,0.1794,0,0,Lateral Rollover (360°),Rollover Flips
22389.1,2026-10-03T11:23:31Z,-0.0067,0.0049,0.0127,0.1491,0.0152,-0.0392,-0.0962,-0.9816,0.9871,-0.0325,-0.1012,-0.9943,0.1149,0.1849,-0.0964,0.2381,0,0,Lateral Rollover (360°),Rollover Flips
22409.2,2026-10-03T11:23:31Z,0.0051,-0.0001,0.0165,0.1695,0.0173,-0.0230,-0.1036,-0.9777,0.9835,-0.0281,-0.1034,-0.9942,0.1005,0.2182,-0.0945,0.2581,0,0,Lateral Rollover (360°),Rollover Flips
22429.2,2026-10-03T11:23:31Z,-0.0029,-0.0016,0.0230,0.2276,0.0232,-0.0261,-0.1068,-0.9712,0.9774,-0.0232,-0.1052,-0.9942,0.0754,0.2655,-0.0775,0.2866,0,0,Lateral Rollover (360°),Rollover Flips
22449.3,2026-10-03T11:23:31Z,-0.0086,-0.0026,0.0470,0.4689,0.0478,-0.0261,-0.1089,-0.9472,0.9538,-0.0176,-0.1063,-0.9942,0.0256,0.2912,-0.0721,0.3011,0,0,Lateral Rollover (360°),Rollover Flips
22469.3,2026-10-03T11:23:31Z,-0.0229,0.0021,0.0442,0.4881,0.0498,-0.0339,-0.1041,-0.9501,0.9564,-0.0111,-0.1062,-0.9943,-0.0400,0.3332,-0.1104,0.3532,0,0,Lateral Rollover (360°),Rollover Flips
22489.7,2026-10-03T11:23:31Z,-0.0336,0.0153,0.0093,0.3734,0.0381,-0.0371,-0.0897,-0.9852,0.9899,-0.0035,-0.1050,-0.9945,-0.0665,0.4029,-0.1865,0.4489,0,0,Lateral Rollover (360°),Rollover Flips
22509.5,2026-10-03T11:23:31Z,0.0025,0.0140,-0.0311,0.3351,0.0342,0.0077,-0.0900,-1.0256,1.0296,0.0052,-0.1040,-0.9946,-0.0330,0.3853,-0.2112,0.4406,0,0,Lateral Rollover (360°),Rollover Flips
22529.6,2026-10-03T11:23:31Z,0.0317,0.0102,-0.0394,0.5064,0.0516,0.0432,-0.0930,-1.0340,1.0391,0.0114,-0.1033,-0.9946,-0.0414,0.1848,-0.1795,0.2609,0,0,Lateral Rollover (360°),Rollover Flips
22550.0,2026-10-03T11:23:31Z,0.0451,0.0075,-0.0390,0.5896,0.0601,0.0580,-0.0947,-1.0337,1.0397,0.0129,-0.1022,-0.9947,-0.0615,-0.0750,-0.1187,0.1533,0,0,Lateral Rollover (360°),Rollover Flips
22570.2,2026-10-03T11:23:31Z,0.0346,0.0031,-0.0388,0.5108,0.0521,0.0443,-0.0977,-1.0337,1.0392,0.0097,-0.1007,-0.9949,-0.0846,-0.2361,-0.0843,0.2646,0,0,Lateral Rollover (360°),Rollover Flips
22590.1,2026-10-03T11:23:31Z,0.0169,0.0065,-0.0479,0.5025,0.0512,0.0219,-0.0926,-1.0430,1.0473,0.0050,-0.0991,-0.9951,-0.0645,-0.2320,-0.0702,0.2509,0,0,Lateral Rollover (360°),Rollover Flips
22610.0,2026-10-03T11:23:31Z,0.0095,0.0104,-0.0471,0.4825,0.0492,0.0104,-0.0878,-1.0423,1.0460,0.0009,-0.0983,-0.9952,-0.0198,-0.1982,-0.0743,0.2126,0,0,Lateral Rollover (360°),Rollover Flips
22630.3,2026-10-03T11:23:31Z,0.0061,0.0050,-0.0294,0.2988,0.0305,0.0030,-0.0930,-1.0246,1.0288,-0.0031,-0.0981,-0.9952,-0.0080,-0.2128,-0.0899,0.2312,0,0,Lateral Rollover (360°),Rollover Flips
22650.5,2026-10-03T11:23:31Z,0.0164,-0.0041,-0.0119,0.2023,0.0206,0.0093,-0.1020,-1.0071,1.0123,-0.0070,-0.0979,-0.9952,-0.0056,-0.1922,-0.0707,0.2049,0,0,Lateral Rollover (360°),Rollover Flips
22670.6,2026-10-03T11:23:31Z,0.0235,-0.0051,0.0051,0.2408,0.0246,0.0133,-0.1030,-0.9901,0.9955,-0.0102,-0.0979,-0.9951,0.0062,-0.1434,-0.0394,0.1488,0,0,Lateral Rollover (360°),Rollover Flips
22690.7,2026-10-03T11:23:31Z,0.0180,-0.0097,0.0313,0.3670,0.0374,0.0053,-0.1075,-0.9638,0.9698,-0.0127,-0.0978,-0.9951,-0.0266,-0.1143,-0.0145,0.1183,0,0,Lateral Rollover (360°),Rollover Flips
22710.6,2026-10-03T11:23:31Z,0.0132,-0.0124,0.0168,0.2425,0.0247,-0.0010,-0.1087,-0.9784,0.9844,-0.0142,-0.0963,-0.9953,-0.1119,-0.0305,0.0002,0.1160,0,0,Lateral Rollover (360°),Rollover Flips
22730.9,2026-10-03T11:23:31Z,0.0052,0.0116,-0.0289,0.3094,0.0315,-0.0094,-0.0829,-1.0243,1.0277,-0.0146,-0.0945,-0.9954,-0.0486,-0.0081,-0.0103,0.0504,0,0,Lateral Rollover (360°),Rollover Flips
22751.0,2026-10-03T11:23:31Z,0.0124,0.0062,-0.0266,0.2938,0.0300,-0.0019,-0.0881,-1.0220,1.0258,-0.0143,-0.0943,-0.9954,0.0187,0.0397,-0.0087,0.0447,0,0,Lateral Rollover (360°),Rollover Flips
22771.1,2026-10-03T11:23:31Z,0.0261,-0.0023,-0.0092,0.2719,0.0277,0.0127,-0.0972,-1.0046,1.0094,-0.0134,-0.0949,-0.9954,0.0240,0.0544,0.0195,0.0626,0,0,Lateral Rollover (360°),Rollover Flips
22791.2,2026-10-03T11:23:31Z,0.0194,-0.0030,0.0001,0.1921,0.0196,0.0078,-0.0981,-0.9953,1.0001,-0.0116,-0.0951,-0.9954,-0.0048,0.1311,0.0439,0.1384,0,0,Lateral Rollover (360°),Rollover Flips
22811.1,2026-10-03T11:23:31Z,0.0064,-0.0011,0.0074,0.0966,0.0099,-0.0019,-0.0955,-0.9881,0.9927,-0.0083,-0.0944,-0.9955,-0.0619,0.2432,0.0275,0.2524,0,0,Lateral Rollover (360°),Rollover Flips
22831.3,2026-10-03T11:23:31Z,0.0453,-0.0219,0.0360,0.6069,0.0619,0.0455,-0.1143,-0.9597,0.9675,0.0001,-0.0924,-0.9957,-0.1553,0.6849,0.1108,0.7110,0,0,Lateral Rollover (360°),Rollover Flips
22851.5,2026-10-03T11:23:31Z,0.1307,-0.0500,0.0785,1.5735,0.1604,0.1555,-0.1376,-0.9173,0.9405,0.0248,-0.0876,-0.9958,-0.3458,2.0668,0.4465,2.1425,0,0,Lateral Rollover (360°),Rollover Flips
22871.6,2026-10-03T11:23:31Z,0.0811,-0.0698,-0.0803,1.3119,0.1338,0.1786,-0.1512,-1.0722,1.0974,0.0975,-0.0814,-0.9919,-0.2466,5.5991,1.0674,5.7053,0,1,Lateral Rollover (360°),Rollover Flips
22891.5,2026-10-03T11:23:31Z,-0.4195,0.1565,-0.4470,6.2047,0.6327,-0.1689,0.0675,-1.4110,1.4227,0.2506,-0.0890,-0.9640,0.9004,10.2281,0.7624,10.2959,0,1,Lateral Rollover (360°),Rollover Flips
22911.7,2026-10-03T11:23:31Z,-0.6827,0.2652,-0.6426,9.5546,0.9743,-0.1943,0.1364,-1.5056,1.5242,0.4884,-0.1288,-0.8631,3.3890,15.5977,-0.0366,15.9617,0,1,Lateral Rollover (360°),Rollover Flips
22931.6,2026-10-03T11:23:31Z,-0.8633,0.3519,-0.0041,9.1423,0.9323,-0.1044,0.1571,-0.6256,0.6534,0.7588,-0.1949,-0.6215,5.8142,19.8605,-0.7103,20.7063,0,1,Lateral Rollover (360°),Rollover Flips
22951.9,2026-10-03T11:23:31Z,-0.6035,0.0788,0.9297,10.8970,1.1112,0.3443,-0.1480,0.7056,0.7989,0.9478,-0.2268,-0.2241,5.5853,21.9879,-1.5039,22.7360,0,1,Lateral Rollover (360°),Rollover Flips
22972.6,2026-10-03T11:23:31Z,0.4533,-0.1287,1.2717,13.2999,1.3562,1.4149,-0.3266,1.4621,2.0606,0.9616,-0.1980,0.1903,2.6806,17.7190,-1.3878,17.9743,0,1,Lateral Rollover (360°),Rollover Flips
22992.0,2026-10-03T11:23:31Z,1.2486,-0.1568,0.8700,15.0030,1.5299,2.1236,-0.3414,1.3175,2.5223,0.8750,-0.1846,0.4475,-1.2442,9.3813,0.4100,9.4723,0,1,Lateral Rollover (360°),Rollover Flips
23012.1,2026-10-03T11:23:31Z,0.0879,-0.0710,-0.6902,6.8587,0.6994,0.9091,-0.2884,-0.1626,0.9675,0.8212,-0.2173,0.5276,-1.8156,0.4926,0.9565,2.1105,0,0,Lateral Rollover (360°),Rollover Flips
23032.2,2026-10-03T11:23:31Z,-1.2009,0.2817,-0.8616,14.7556,1.5046,-0.3609,0.0507,-0.3708,0.5199,0.8401,-0.2310,0.4908,-0.3846,-2.9692,-0.9657,3.1459,0,0,Lateral Rollover (360°),Rollover Flips
23052.4,2026-10-03T11:23:32Z,-0.2630,0.0744,-0.4026,4.7720,0.4866,0.6055,-0.1276,0.0500,0.6209,0.8685,-0.2020,0.4526,0.7653,-1.4155,-1.6943,2.3366,0,0,Lateral Rollover (360°),Rollover Flips
23072.5,2026-10-03T11:23:32Z,0.4440,-0.1742,0.1468,4.8935,0.4990,1.3246,-0.3489,0.5872,1.4903,0.8806,-0.1747,0.4405,0.6929,-0.6149,-0.4870,1.0466,0,0,Lateral Rollover (360°),Rollover Flips
23092.9,2026-10-03T11:23:32Z,0.2572,-0.0219,0.4584,5.1586,0.5260,1.1456,-0.1936,0.8840,1.4599,0.8884,-0.1717,0.4257,-0.4701,-1.2057,0.1556,1.3035,0,0,Lateral Rollover (360°),Rollover Flips
23112.8,2026-10-03T11:23:32Z,0.0660,0.1031,0.0719,1.3924,0.1420,0.9658,-0.0771,0.4693,1.0765,0.8998,-0.1802,0.3974,-0.7945,-1.5482,0.0447,1.7407,0,0,Lateral Rollover (360°),Rollover Flips
23133.1,2026-10-03T11:23:32Z,0.1055,0.0665,-0.0749,1.4266,0.1455,1.0184,-0.1175,0.2894,1.0653,0.9129,-0.1840,0.3643,-0.3765,-1.8410,-0.1225,1.8830,0,0,Lateral Rollover (360°),Rollover Flips
23153.1,2026-10-03T11:23:32Z,0.1517,0.0036,0.0876,1.7181,0.1752,1.0804,-0.1799,0.4097,1.1694,0.9288,-0.1835,0.3220,-0.4663,-2.7151,-0.1837,2.7610,0,0,Lateral Rollover (360°),Rollover Flips
23173.2,2026-10-03T11:23:32Z,0.0961,-0.0341,0.0453,1.0940,0.1116,1.0458,-0.2179,0.2986,1.1092,0.9498,-0.1839,0.2532,-0.8426,-4.4938,-0.1977,4.5764,0,1,Lateral Rollover (360°),Rollover Flips
23193.2,2026-10-03T11:23:32Z,-0.0530,-0.0052,-0.0214,0.5632,0.0574,0.9195,-0.1876,0.1233,0.9465,0.9725,-0.1824,0.1447,-1.0105,-6.2161,-0.3662,6.3084,0,1,Lateral Rollover (360°),Rollover Flips
23213.5,2026-10-03T11:23:32Z,-0.1175,0.0047,0.0611,1.2999,0.1326,0.8671,-0.1699,0.0689,0.8862,0.9846,-0.1746,0.0078,-1.0410,-7.1023,-0.5672,7.2006,0,1,Lateral Rollover (360°),Rollover Flips
23233.4,2026-10-03T11:23:32Z,-0.1607,0.0469,0.2235,2.7382,0.2792,0.8172,-0.1122,0.0876,0.8295,0.9779,-0.1591,-0.1358,-1.3309,-7.0343,-0.8698,7.2117,0,1,Lateral Rollover (360°),Rollover Flips
23253.7,2026-10-03T11:23:32Z,-0.0942,-0.0117,0.1530,1.7652,0.1800,0.8568,-0.1458,-0.1258,0.8782,0.9510,-0.1340,-0.2788,-1.6355,-7.3454,-1.0044,7.5921,0,1,Lateral Rollover (360°),Rollover Flips
23273.7,2026-10-03T11:23:32Z,-0.0964,-0.0036,0.0089,0.9496,0.0968,0.8048,-0.1071,-0.4122,0.9105,0.9011,-0.1035,-0.4210,-1.6136,-7.3909,-1.0204,7.6335,0,1,Lateral Rollover (360°),Rollover Flips
23293.8,2026-10-03T11:23:32Z,-0.0286,0.0024,-0.0081,0.2924,0.0298,0.8032,-0.0689,-0.5586,0.9808,0.8318,-0.0713,-0.5505,-1.3913,-7.0924,-0.9666,7.2919,0,1,Lateral Rollover (360°),Rollover Flips
23313.7,2026-10-03T11:23:32Z,0.0954,-0.0292,0.0344,1.0347,0.1055,0.8442,-0.0710,-0.6271,1.0540,0.7488,-0.0418,-0.6615,-1.2234,-6.6541,-0.6965,6.8014,0,1,Lateral Rollover (360°),Rollover Flips
23333.8,2026-10-03T11:23:32Z,0.0959,-0.0227,-0.0352,1.0257,0.1046,0.7560,-0.0405,-0.7861,1.0914,0.6602,-0.0178,-0.7509,-1.0494,-5.7390,-0.3839,5.8468,0,1,Lateral Rollover (360°),Rollover Flips
23354.1,2026-10-03T11:23:32Z,-0.0100,0.0588,-0.0727,0.9225,0.0941,0.5713,0.0569,-0.8864,1.0561,0.5813,-0.0019,-0.8137,-0.5084,-4.2023,-0.2449,4.2400,0,0,Lateral Rollover (360°),Rollover Flips
23374.0,2026-10-03T11:23:32Z,-0.1268,0.0733,-0.0034,1.4372,0.1466,0.3954,0.0820,-0.8562,0.9467,0.5222,0.0087,-0.8528,-0.3175,-3.0035,-0.5350,3.0672,0,0,Lateral Rollover (360°),Rollover Flips
23394.0,2026-10-03T11:23:32Z,-0.0331,0.0364,-0.0358,0.5968,0.0609,0.4421,0.0563,-0.9155,1.0182,0.4752,0.0199,-0.8796,-0.2377,-2.4573,-0.6834,2.5616,0,0,Lateral Rollover (360°),Rollover Flips
23414.3,2026-10-03T11:23:32Z,0.0193,0.0199,-0.0927,0.9487,0.0967,0.4516,0.0494,-0.9939,1.0928,0.4323,0.0295,-0.9013,-0.1145,-2.3340,-0.6823,2.4344,0,0,Lateral Rollover (360°),Rollover Flips
23434.5,2026-10-03T11:23:32Z,0.1035,0.0144,-0.0797,1.2889,0.1314,0.4907,0.0496,-1.0010,1.1159,0.3872,0.0351,-0.9213,0.0488,-2.5948,-0.5529,2.6535,0,0,Lateral Rollover (360°),Rollover Flips
23454.7,2026-10-03T11:23:32Z,0.1352,0.0052,-0.0125,1.3321,0.1358,0.4694,0.0427,-0.9543,1.0643,0.3342,0.0374,-0.9418,0.0274,-3.0186,-0.3652,3.0408,0,0,Lateral Rollover (360°),Rollover Flips
23474.8,2026-10-03T11:23:32Z,0.0981,-0.0003,0.0198,0.9816,0.1001,0.3730,0.0396,-0.9408,1.0129,0.2749,0.0399,-0.9606,-0.0953,-3.0732,-0.2088,3.0817,0,0,Lateral Rollover (360°),Rollover Flips
23494.9,2026-10-03T11:23:32Z,0.0362,0.0090,-0.0001,0.3654,0.0373,0.2538,0.0520,-0.9752,1.0090,0.2176,0.0430,-0.9751,-0.1160,-2.7652,-0.1436,2.7713,0,0,Lateral Rollover (360°),Rollover Flips
23514.8,2026-10-03T11:23:32Z,-0.0116,0.0211,-0.0421,0.4758,0.0485,0.1557,0.0659,-1.0270,1.0409,0.1673,0.0448,-0.9849,0.0237,-2.3427,-0.1832,2.3500,0,0,Lateral Rollover (360°),Rollover Flips
23534.9,2026-10-03T11:23:32Z,0.0002,0.0313,-0.0677,0.7310,0.0745,0.1228,0.0737,-1.0592,1.0688,0.1227,0.0424,-0.9915,0.2894,-2.1594,-0.2415,2.1921,0,0,Lateral Rollover (360°),Rollover Flips
23555.3,2026-10-03T11:23:32Z,0.0536,0.0008,-0.0019,0.5263,0.0537,0.1336,0.0365,-0.9980,1.0076,0.0799,0.0357,-0.9962,0.3870,-2.0956,-0.1863,2.1392,0,0,Lateral Rollover (360°),Rollover Flips
23575.2,2026-10-03T11:23:32Z,0.0543,-0.0222,0.0513,0.7644,0.0779,0.0944,0.0068,-0.9474,0.9521,0.0401,0.0290,-0.9988,0.2757,-1.8258,-0.0492,1.8471,0,0,Lateral Rollover (360°),Rollover Flips
23595.3,2026-10-03T11:23:32Z,0.0499,-0.0191,0.0756,0.9079,0.0926,0.0555,0.0059,-0.9240,0.9257,0.0056,0.0250,-0.9997,0.1239,-1.6454,0.0573,1.6511,0,0,Lateral Rollover (360°),Rollover Flips
23615.4,2026-10-03T11:23:32Z,0.0399,-0.0231,0.0646,0.7783,0.0794,0.0153,0.0004,-0.9348,0.9349,-0.0246,0.0235,-0.9994,0.0484,-1.3388,0.1472,1.3478,0,0,Lateral Rollover (360°),Rollover Flips
23635.4,2026-10-03T11:23:32Z,0.0042,-0.0004,0.0432,0.4252,0.0434,-0.0433,0.0221,-0.9555,0.9567,-0.0475,0.0225,-0.9986,0.0832,-0.9049,0.1803,0.9264,0,0,Lateral Rollover (360°),Rollover Flips
23655.8,2026-10-03T11:23:32Z,-0.0378,0.0164,0.0206,0.4518,0.0461,-0.0982,0.0363,-0.9774,0.9829,-0.0604,0.0199,-0.9980,0.1941,-0.4506,0.1190,0.5049,0,0,Lateral Rollover (360°),Rollover Flips
23675.8,2026-10-03T11:23:32Z,-0.0481,0.0463,0.0072,0.6582,0.0671,-0.1161,0.0615,-0.9904,0.9991,-0.0680,0.0152,-0.9976,0.2670,-0.3482,-0.0342,0.4401,0,0,Lateral Rollover (360°),Rollover Flips
23696.0,2026-10-03T11:23:32Z,-0.0135,0.0288,0.0310,0.4356,0.0444,-0.0896,0.0390,-0.9660,0.9710,-0.0761,0.0102,-0.9970,0.1889,-0.4690,-0.1355,0.5235,0,0,Lateral Rollover (360°),Rollover Flips
23715.9,2026-10-03T11:23:32Z,0.0325,0.0050,0.0187,0.3715,0.0379,-0.0539,0.0125,-0.9775,0.9791,-0.0864,0.0075,-0.9962,0.0768,-0.5493,-0.1007,0.5637,0,0,Lateral Rollover (360°),Rollover Flips
23736.2,2026-10-03T11:23:32Z,0.0554,-0.0069,0.0088,0.5544,0.0565,-0.0421,-0.0008,-0.9864,0.9873,-0.0975,0.0062,-0.9952,0.0537,-0.5577,0.0247,0.5608,0,0,Lateral Rollover (360°),Rollover Flips
23756.3,2026-10-03T11:23:32Z,0.0305,-0.0072,0.0089,0.3198,0.0326,-0.0776,-0.0019,-0.9852,0.9883,-0.1081,0.0053,-0.9941,0.0453,-0.4871,0.1095,0.5013,0,0,Lateral Rollover (360°),Rollover Flips
23776.3,2026-10-03T11:23:32Z,0.0281,-0.0006,-0.0055,0.2813,0.0287,-0.0898,0.0040,-0.9985,1.0026,-0.1180,0.0046,-0.9930,0.0736,-0.5130,0.1797,0.5485,0,0,Lateral Rollover (360°),Rollover Flips
23796.5,2026-10-03T11:23:32Z,-0.0063,0.0236,-0.0175,0.2945,0.0300,-0.1348,0.0268,-1.0092,1.0185,-0.1285,0.0032,-0.9917,0.1044,-0.5533,0.1619,0.5859,0,0,Lateral Rollover (360°),Rollover Flips
23816.4,2026-10-03T11:23:32Z,-0.0499,0.0314,-0.0127,0.5919,0.0604,-0.1895,0.0330,-1.0029,1.0212,-0.1396,0.0016,-0.9902,0.0819,-0.5190,0.0521,0.5280,0,0,Lateral Rollover (360°),Rollover Flips
23836.7,2026-10-03T11:23:32Z,-0.0329,0.0185,-0.0283,0.4625,0.0472,-0.1804,0.0184,-1.0174,1.0334,-0.1476,-0.0000,-0.9891,0.1011,-0.2754,-0.0173,0.2939,0,0,Lateral Rollover (360°),Rollover Flips
23856.9,2026-10-03T11:23:32Z,0.0018,0.0079,-0.0268,0.2744,0.0280,-0.1486,0.0051,-1.0154,1.0262,-0.1504,-0.0028,-0.9886,0.1778,0.0092,-0.0041,0.1781,0,0,Lateral Rollover (360°),Rollover Flips
23877.0,2026-10-03T11:23:32Z,0.0191,-0.0022,-0.0034,0.1911,0.0195,-0.1288,-0.0090,-0.9924,1.0008,-0.1478,-0.0068,-0.9890,0.2266,0.2154,0.0592,0.3183,0,0,Lateral Rollover (360°),Rollover Flips
23897.0,2026-10-03T11:23:32Z,0.0069,0.0175,-0.0051,0.1908,0.0195,-0.1354,0.0061,-0.9948,1.0040,-0.1423,-0.0113,-0.9898,0.2428,0.3280,0.0725,0.4145,0,0,Lateral Rollover (360°),Rollover Flips
23917.1,2026-10-03T11:23:32Z,-0.0191,0.0229,-0.0226,0.3668,0.0374,-0.1546,0.0068,-1.0132,1.0250,-0.1355,-0.0161,-0.9906,0.2604,0.3762,0.0427,0.4595,0,0,Lateral Rollover (360°),Rollover Flips
23937.3,2026-10-03T11:23:32Z,-0.0073,0.0041,-0.0453,0.4515,0.0460,-0.1336,-0.0176,-1.0370,1.0457,-0.1263,-0.0217,-0.9918,0.3199,0.5458,0.0298,0.6333,0,0,Lateral Rollover (360°),Rollover Flips
23957.4,2026-10-03T11:23:32Z,-0.0043,-0.0145,-0.0039,0.1535,0.0156,-0.1189,-0.0429,-0.9969,1.0048,-0.1145,-0.0284,-0.9930,0.3415,0.6221,0.1087,0.7180,0,0,Lateral Rollover (360°),Rollover Flips
23977.6,2026-10-03T11:23:32Z,-0.0001,-0.0131,0.0476,0.4846,0.0494,-0.1026,-0.0473,-0.9465,0.9532,-0.1025,-0.0341,-0.9941,0.2517,0.5354,0.1838,0.6195,0,0,Lateral Rollover (360°),Rollover Flips
23997.7,2026-10-03T11:23:32Z,-0.0087,0.0035,0.0813,0.8027,0.0819,-0.1018,-0.0336,-0.9137,0.9199,-0.0931,-0.0371,-0.9950,0.0700,0.4617,0.1359,0.4864,0,0,Lateral Rollover (360°),Rollover Flips
24017.5,2026-10-03T11:23:32Z,0.0013,0.0092,0.0249,0.2605,0.0266,-0.0833,-0.0271,-0.9709,0.9748,-0.0846,-0.0363,-0.9958,-0.1137,0.3890,0.0827,0.4136,0,0,Lateral Rollover (360°),Rollover Flips
24037.6,2026-10-03T11:23:32Z,0.0488,0.0118,-0.1170,1.2489,0.1273,-0.0281,-0.0222,-1.1135,1.1141,-0.0769,-0.0340,-0.9965,-0.0043,0.5018,0.1226,0.5166,0,0,Lateral Rollover (360°),Rollover Flips
24057.7,2026-10-03T11:23:33Z,0.0717,-0.0671,-0.1008,1.3797,0.1407,0.0055,-0.1042,-1.0979,1.1028,-0.0662,-0.0371,-0.9971,0.2910,0.6045,0.2335,0.7103,0,0,Lateral Rollover (360°),Rollover Flips
24077.8,2026-10-03T11:23:33Z,0.1075,-0.0094,-0.0870,1.3594,0.1386,0.0555,-0.0540,-1.0847,1.0875,-0.0519,-0.0446,-0.9977,0.4516,0.6494,0.3243,0.8549,0,0,Lateral Rollover (360°),Rollover Flips
24097.8,2026-10-03T11:23:33Z,0.0490,0.0315,-0.0700,0.8933,0.0911,0.0041,-0.0209,-1.0676,1.0678,-0.0449,-0.0524,-0.9976,0.3323,0.1227,0.1904,0.4021,0,0,Lateral Rollover (360°),Rollover Flips
24117.9,2026-10-03T11:23:33Z,-0.0042,-0.0221,0.0280,0.3523,0.0359,-0.0498,-0.0794,-0.9693,0.9738,-0.0456,-0.0572,-0.9973,0.1477,-0.1578,0.1243,0.2493,0,0,Lateral Rollover (360°),Rollover Flips
24138.2,2026-10-03T11:23:33Z,0.0057,-0.0215,0.0782,0.7977,0.0813,-0.0447,-0.0794,-0.9188,0.9233,-0.0504,-0.0579,-0.9971,-0.0660,-0.2940,0.1119,0.3214,0,0,Lateral Rollover (360°),Rollover Flips
24158.2,2026-10-03T11:23:33Z,-0.0694,0.0408,0.0144,0.8021,0.0818,-0.1273,-0.0145,-0.9824,0.9907,-0.0579,-0.0553,-0.9968,-0.1429,-0.4616,0.0231,0.4838,0,0,Lateral Rollover (360°),Rollover Flips
24178.5,2026-10-03T11:23:33Z,-0.0960,0.0412,0.0213,1.0455,0.1066,-0.1645,-0.0120,-0.9749,0.9888,-0.0685,-0.0531,-0.9962,-0.0806,-0.5775,-0.1741,0.6085,0,0,Lateral Rollover (360°),Rollover Flips
24198.3,2026-10-03T11:23:33Z,-0.0597,0.0248,0.0448,0.7713,0.0787,-0.1392,-0.0275,-0.9506,0.9612,-0.0795,-0.0523,-0.9955,-0.0452,-0.5179,-0.2990,0.5997,0,0,Lateral Rollover (360°),Rollover Flips
24218.4,2026-10-03T11:23:33Z,0.0461,-0.0161,-0.0473,0.6669,0.0680,-0.0416,-0.0695,-1.0421,1.0452,-0.0877,-0.0534,-0.9947,0.1444,-0.3418,-0.2534,0.4493,0,0,Lateral Rollover (360°),Rollover Flips
24238.8,2026-10-03T11:23:33Z,0.0498,-0.0031,-0.0048,0.4917,0.0501,-0.0425,-0.0608,-0.9989,1.0016,-0.0923,-0.0577,-0.9941,0.2307,-0.1480,-0.1396,0.3076,0,0,Lateral Rollover (360°),Rollover Flips
24258.8,2026-10-03T11:23:33Z,0.0473,0.0196,0.0176,0.5307,0.0541,-0.0471,-0.0427,-0.9760,0.9780,-0.0944,-0.0623,-0.9936,0.1975,-0.1083,-0.0820,0.2397,0,0,Lateral Rollover (360°),Rollover Flips
24279.0,2026-10-03T11:23:33Z,0.0457,0.0028,0.0277,0.5245,0.0535,-0.0515,-0.0629,-0.9654,0.9688,-0.0972,-0.0657,-0.9931,0.1202,-0.1624,-0.0333,0.2048,0,0,Lateral Rollover (360°),Rollover Flips
24299.1,2026-10-03T11:23:33Z,0.0036,0.0168,0.0480,0.4998,0.0510,-0.0958,-0.0503,-0.9448,0.9510,-0.0994,-0.0671,-0.9928,0.0186,-0.0522,-0.0295,0.0628,0,0,Lateral Rollover (360°),Rollover Flips
24319.0,2026-10-03T11:23:33Z,-0.0117,-0.0008,0.0347,0.3592,0.0366,-0.1100,-0.0676,-0.9582,0.9669,-0.0983,-0.0668,-0.9929,-0.0380,0.1788,-0.0253,0.1845,0,0,Lateral Rollover (360°),Rollover Flips
24339.3,2026-10-03T11:23:33Z,-0.0059,0.0051,-0.0120,0.1402,0.0143,-0.0978,-0.0613,-1.0056,1.0122,-0.0919,-0.0664,-0.9936,0.0114,0.4543,-0.0022,0.4544,0,0,Lateral Rollover (360°),Rollover Flips
24359.7,2026-10-03T11:23:33Z,0.0106,0.0042,-0.0788,0.7808,0.0796,-0.0714,-0.0637,-1.0731,1.0774,-0.0820,-0.0679,-0.9943,0.1435,0.4840,0.0516,0.5075,0,0,Lateral Rollover (360°),Rollover Flips
24379.3,2026-10-03T11:23:33Z,0.0182,-0.0038,-0.0528,0.5490,0.0560,-0.0570,-0.0749,-1.0474,1.0517,-0.0751,-0.0711,-0.9946,0.1592,0.1672,0.1022,0.2525,0,0,Lateral Rollover (360°),Rollover Flips
24399.6,2026-10-03T11:23:33Z,0.0087,0.0039,-0.0167,0.1883,0.0192,-0.0664,-0.0695,-1.0112,1.0157,-0.0751,-0.0733,-0.9945,0.1013,-0.0903,0.1722,0.2192,0,0,Lateral Rollover (360°),Rollover Flips
24419.5,2026-10-03T11:23:33Z,-0.0438,0.0102,0.0591,0.7279,0.0742,-0.1200,-0.0649,-0.9352,0.9451,-0.0762,-0.0751,-0.9943,0.0903,0.0539,0.1825,0.2106,0,0,Lateral Rollover (360°),Rollover Flips
24439.7,2026-10-03T11:23:33Z,-0.0419,-0.0050,0.0550,0.6802,0.0694,-0.1155,-0.0807,-0.9394,0.9499,-0.0736,-0.0757,-0.9944,0.0037,0.1995,0.1524,0.2511,0,0,Lateral Rollover (360°),Rollover Flips
24459.9,2026-10-03T11:23:33Z,0.0138,-0.0092,0.0316,0.3499,0.0357,-0.0579,-0.0843,-0.9630,0.9684,-0.0718,-0.0751,-0.9946,-0.0334,-0.0375,0.2386,0.2438,0,0,Lateral Rollover (360°),Rollover Flips
24479.8,2026-10-03T11:23:33Z,0.0018,0.0126,-0.0117,0.1698,0.0173,-0.0726,-0.0612,-1.0062,1.0107,-0.0745,-0.0738,-0.9945,-0.0530,-0.1537,0.3014,0.3424,0,0,Lateral Rollover (360°),Rollover Flips
24499.9,2026-10-03T11:23:33Z,0.0376,0.0187,-0.0065,0.4166,0.0425,-0.0424,-0.0536,-1.0006,1.0030,-0.0800,-0.0723,-0.9942,-0.0319,-0.3877,0.4156,0.5693,0,0,Lateral Rollover (360°),Rollover Flips
24520.0,2026-10-03T11:23:33Z,0.0670,0.0324,0.0427,0.8412,0.0858,-0.0260,-0.0383,-0.9505,0.9516,-0.0931,-0.0706,-0.9932,-0.0601,-0.8119,0.5334,0.9733,0,0,Lateral Rollover (360°),Rollover Flips
24540.4,2026-10-03T11:23:33Z,0.1101,0.0918,0.0292,1.4347,0.1463,-0.0062,0.0205,-0.9615,0.9617,-0.1164,-0.0713,-0.9906,0.3161,-1.3702,0.6982,1.5700,0,0,Lateral Rollover (360°),Rollover Flips
24560.5,2026-10-03T11:23:33Z,0.0131,0.0083,0.0056,0.1615,0.0165,-0.1284,-0.0694,-0.9813,0.9921,-0.1414,-0.0777,-0.9869,0.4354,-0.9137,0.6046,1.1790,0,0,Lateral Rollover (360°),Rollover Flips
24580.6,2026-10-03T11:23:33Z,-0.0890,0.0372,0.0423,1.0333,0.1054,-0.2437,-0.0452,-0.9422,0.9743,-0.1547,-0.0824,-0.9845,0.0913,-0.4349,0.0332,0.4456,0,0,Lateral Rollover (360°),Rollover Flips
24600.6,2026-10-03T11:23:33Z,-0.1907,0.0839,0.0455,2.0916,0.2133,-0.3474,0.0043,-0.9389,1.0011,-0.1567,-0.0796,-0.9844,-0.5336,0.2461,-1.1648,1.3046,0,0,Lateral Rollover (360°),Rollover Flips
24620.6,2026-10-03T11:23:33Z,-0.1696,0.1170,0.0441,2.0662,0.2107,-0.3177,0.0480,-0.9424,0.9957,-0.1482,-0.0689,-0.9866,-1.0228,-0.0271,-1.8303,2.0969,0,0,Lateral Rollover (360°),Rollover Flips
24640.6,2026-10-03T11:23:33Z,0.1044,0.0126,-0.0797,1.2936,0.1319,-0.0614,-0.0395,-1.0645,1.0670,-0.1658,-0.0521,-0.9848,-0.9425,-1.7988,-0.7878,2.1782,0,0,Lateral Rollover (360°),Rollover Flips
24660.9,2026-10-03T11:23:33Z,0.0887,-0.0879,-0.1996,2.3087,0.2354,-0.1154,-0.1278,-1.1777,1.1902,-0.2042,-0.0400,-0.9781,-0.5358,-1.9351,-0.4145,2.0502,0,0,Lateral Rollover (360°),Rollover Flips
24681.1,2026-10-03T11:23:33Z,0.0216,0.0116,-0.1359,1.3540,0.1381,-0.2144,-0.0223,-1.1070,1.1278,-0.2361,-0.0339,-0.9711,-0.2070,-1.2556,-0.2277,1.2927,0,0,Lateral Rollover (360°),Rollover Flips
24701.2,2026-10-03T11:23:33Z,-0.0278,0.0047,-0.0470,0.5371,0.0548,-0.2781,-0.0281,-1.0146,1.0524,-0.2503,-0.0328,-0.9676,-0.0742,-0.2804,-0.2221,0.3653,0,0,Lateral Rollover (360°),Rollover Flips
24721.1,2026-10-03T11:23:33Z,0.0210,-0.0702,-0.0371,0.8051,0.0821,-0.2304,-0.1026,-1.0045,1.0357,-0.2514,-0.0325,-0.9673,-0.0262,0.0672,-0.0594,0.0934,0,0,Lateral Rollover (360°),Rollover Flips
24741.2,2026-10-03T11:23:33Z,0.0623,-0.0209,-0.0200,0.6734,0.0687,-0.1860,-0.0536,-0.9882,1.0069,-0.2483,-0.0327,-0.9681,0.0694,0.2966,0.0661,0.3118,0,0,Lateral Rollover (360°),Rollover Flips
24761.4,2026-10-03T11:23:33Z,0.0103,-0.0100,0.0152,0.2046,0.0209,-0.2292,-0.0443,-0.9551,0.9832,-0.2395,-0.0343,-0.9703,0.0854,0.5688,0.0246,0.5757,0,0,Lateral Rollover (360°),Rollover Flips
24781.6,2026-10-03T11:23:33Z,-0.0141,-0.0151,0.0437,0.4742,0.0484,-0.2439,-0.0484,-0.9289,0.9616,-0.2299,-0.0333,-0.9727,-0.2899,0.2142,-0.1950,0.4098,0,0,Lateral Rollover (360°),Rollover Flips
24805.2,2026-10-03T11:23:33Z,0.0442,0.0244,0.0360,0.6078,0.0620,-0.1899,0.0000,-0.9359,0.9550,-0.2341,-0.0243,-0.9719,-0.7031,-0.6397,-0.3038,0.9979,0,0,Lateral Rollover (360°),Rollover Flips
24821.6,2026-10-03T11:23:33Z,0.0418,-0.0157,-0.0850,0.9415,0.0960,-0.2098,-0.0281,-1.0527,1.0738,-0.2517,-0.0124,-0.9677,-0.5356,-1.0366,-0.1408,1.1753,0,0,Lateral Rollover (360°),Rollover Flips
24841.9,2026-10-03T11:23:33Z,0.0047,-0.0188,-0.1471,1.4554,0.1484,-0.2640,-0.0265,-1.1103,1.1416,-0.2687,-0.0077,-0.9632,0.0330,-0.6828,0.0080,0.6836,0,0,Lateral Rollover (360°),Rollover Flips
24862.0,2026-10-03T11:23:33Z,-0.0132,0.0159,-0.0838,0.8463,0.0863,-0.2905,0.0027,-1.0445,1.0841,-0.2773,-0.0132,-0.9607,0.4966,-0.2029,-0.0076,0.5365,0,0,Lateral Rollover (360°),Rollover Flips
24882.1,2026-10-03T11:23:33Z,-0.0195,-0.0042,0.0022,0.1971,0.0201,-0.2966,-0.0292,-0.9583,1.0036,-0.2771,-0.0249,-0.9605,0.6678,0.2133,-0.0085,0.7011,0,0,Lateral Rollover (360°),Rollover Flips
24905.2,2026-10-03T11:23:33Z,0.0538,-0.0498,0.0750,1.0285,0.1049,-0.2179,-0.0865,-0.8867,0.9172,-0.2717,-0.0367,-0.9617,0.5378,0.2810,0.1404,0.6228,0,0,Lateral Rollover (360°),Rollover Flips
24922.1,2026-10-03T11:23:33Z,0.0792,-0.0302,0.0860,1.1841,0.1207,-0.1902,-0.0734,-0.8761,0.8995,-0.2694,-0.0432,-0.9621,0.2611,-0.0886,0.2996,0.4071,0,0,Lateral Rollover (360°),Rollover Flips
24942.5,2026-10-03T11:23:33Z,0.0034,0.0208,0.0677,0.6949,0.0709,-0.2722,-0.0231,-0.8926,0.9335,-0.2756,-0.0439,-0.9603,-0.0257,-0.4922,0.2307,0.5442,0,0,Lateral Rollover (360°),Rollover Flips
24962.5,2026-10-03T11:23:33Z,-0.0225,0.0261,0.0298,0.4469,0.0456,-0.3102,-0.0144,-0.9270,0.9777,-0.2877,-0.0405,-0.9569,-0.2083,-0.7100,0.0680,0.7430,0,0,Lateral Rollover (360°),Rollover Flips
24982.5,2026-10-03T11:23:33Z,-0.0432,0.0463,-0.0486,0.7832,0.0799,-0.3429,0.0092,-1.0020,1.0590,-0.2997,-0.0372,-0.9533,-0.1012,-0.4661,-0.1587,0.5027,0,0,Lateral Rollover (360°),Rollover Flips
25006.2,2026-10-03T11:23:33Z,0.0297,-0.0060,-0.0737,0.7810,0.0796,-0.2775,-0.0437,-1.0246,1.0624,-0.3071,-0.0377,-0.9509,0.0518,-0.3780,-0.0298,0.3827,0,0,Lateral Rollover (360°),Rollover Flips
25022.7,2026-10-03T11:23:33Z,0.0299,0.0132,-0.0223,0.3880,0.0396,-0.2832,-0.0263,-0.9712,1.0120,-0.3132,-0.0395,-0.9489,0.1744,-0.1935,0.0909,0.2759,0,0,Lateral Rollover (360°),Rollover Flips
25043.0,2026-10-03T11:23:34Z,0.0683,0.0025,0.0258,0.7159,0.0730,-0.2469,-0.0399,-0.9223,0.9556,-0.3152,-0.0424,-0.9481,0.1641,-0.0250,0.1309,0.2114,0,0,Lateral Rollover (360°),Rollover Flips
25063.0,2026-10-03T11:23:34Z,0.0783,-0.0527,0.0484,1.0403,0.1061,-0.2365,-0.0949,-0.8998,0.9352,-0.3148,-0.0422,-0.9482,-0.0342,0.0527,0.4182,0.4229,0,0,Lateral Rollover (360°),Rollover Flips
25083.2,2026-10-03T11:23:34Z,0.0234,-0.0421,0.0484,0.6700,0.0683,-0.2902,-0.0781,-0.9004,0.9493,-0.3136,-0.0360,-0.9489,-0.2306,0.1782,0.6476,0.7102,0,0,Lateral Rollover (360°),Rollover Flips
25106.6,2026-10-03T11:23:34Z,-0.0112,-0.0060,0.0076,0.1453,0.0148,-0.3185,-0.0327,-0.9436,0.9965,-0.3073,-0.0267,-0.9512,-0.3360,0.4003,0.6627,0.8440,0,0,Lateral Rollover (360°),Rollover Flips
25123.2,2026-10-03T11:23:34Z,-0.0776,0.0605,0.0218,0.9884,0.1008,-0.3853,0.0495,-0.9296,1.0075,-0.3076,-0.0110,-0.9514,-0.8760,-0.2039,0.1670,0.9148,0,0,Lateral Rollover (360°),Rollover Flips
25143.5,2026-10-03T11:23:34Z,-0.0171,0.0364,-0.0151,0.4209,0.0429,-0.3299,0.0418,-0.9649,1.0206,-0.3129,0.0054,-0.9498,-0.8442,-0.3648,-0.2115,0.9437,0,0,Lateral Rollover (360°),Rollover Flips
25163.6,2026-10-03T11:23:34Z,-0.0107,0.0229,-0.1197,1.1999,0.1224,-0.3321,0.0408,-1.0665,1.1178,-0.3214,0.0179,-0.9468,-0.6310,-0.4820,-0.3624,0.8728,0,0,Lateral Rollover (360°),Rollover Flips
25183.7,2026-10-03T11:23:34Z,0.0288,0.0386,-0.1540,1.5820,0.1613,-0.3024,0.0623,-1.0973,1.1399,-0.3311,0.0237,-0.9433,-0.2217,-0.5447,-0.3554,0.6871,0,0,Lateral Rollover (360°),Rollover Flips
25206.8,2026-10-03T11:23:34Z,0.0276,0.0340,-0.0956,1.0309,0.1051,-0.3136,0.0563,-1.0353,1.0832,-0.3412,0.0223,-0.9397,0.1599,-0.4323,-0.1591,0.4877,0,0,Lateral Rollover (360°),Rollover Flips
25223.7,2026-10-03T11:23:34Z,0.0083,0.0292,-0.0205,0.3593,0.0366,-0.3362,0.0460,-0.9591,1.0174,-0.3446,0.0168,-0.9386,0.3013,0.0986,-0.1105,0.3358,0,0,Lateral Rollover (360°),Rollover Flips
25243.7,2026-10-03T11:23:34Z,0.0161,0.0128,0.0303,0.3589,0.0366,-0.3224,0.0233,-0.9106,0.9663,-0.3385,0.0105,-0.9409,0.2812,0.4981,-0.0749,0.5769,0,0,Lateral Rollover (360°),Rollover Flips
25264.2,2026-10-03T11:23:34Z,0.0472,-0.0200,0.0548,0.7359,0.0750,-0.2813,-0.0138,-0.8897,0.9332,-0.3285,0.0063,-0.9445,0.1337,0.4733,0.0575,0.4952,0,0,Lateral Rollover (360°),Rollover Flips
25284.1,2026-10-03T11:23:34Z,0.0353,-0.0170,0.0633,0.7300,0.0744,-0.2860,-0.0108,-0.8837,0.9289,-0.3213,0.0063,-0.9470,-0.0561,0.2856,0.1308,0.3191,0,0,Lateral Rollover (360°),Rollover Flips
25304.4,2026-10-03T11:23:34Z,0.0042,0.0103,0.0293,0.3076,0.0314,-0.3125,0.0193,-0.9191,0.9710,-0.3167,0.0090,-0.9485,-0.1151,0.2162,0.1076,0.2675,0,0,Lateral Rollover (360°),Rollover Flips
25324.3,2026-10-03T11:23:34Z,-0.0111,0.0311,0.0127,0.3471,0.0354,-0.3232,0.0421,-0.9373,0.9923,-0.3121,0.0110,-0.9500,-0.0454,0.2908,0.0101,0.2945,0,0,Lateral Rollover (360°),Rollover Flips
25344.5,2026-10-03T11:23:34Z,0.0073,0.0143,0.0050,0.1650,0.0168,-0.2987,0.0255,-0.9470,0.9933,-0.3059,0.0111,-0.9520,0.0200,0.3518,-0.0189,0.3528,0,0,Lateral Rollover (360°),Rollover Flips
25364.6,2026-10-03T11:23:34Z,-0.0082,0.0147,0.0160,0.2271,0.0232,-0.3068,0.0250,-0.9384,0.9875,-0.2986,0.0103,-0.9543,0.0395,0.4249,-0.0369,0.4284,0,0,Lateral Rollover (360°),Rollover Flips
25384.7,2026-10-03T11:23:34Z,-0.0047,0.0137,0.0007,0.1422,0.0145,-0.2944,0.0229,-0.9563,1.0009,-0.2897,0.0092,-0.9571,0.0546,0.4659,-0.0484,0.4715,0,0,Lateral Rollover (360°),Rollover Flips
25405.2,2026-10-03T11:23:34Z,0.0128,0.0142,0.0068,0.1985,0.0202,-0.2686,0.0218,-0.9528,0.9902,-0.2814,0.0076,-0.9596,0.0722,0.3816,-0.0350,0.3900,0,0,Lateral Rollover (360°),Rollover Flips
25424.7,2026-10-03T11:23:34Z,0.0205,0.0022,0.0207,0.2871,0.0293,-0.2552,0.0090,-0.9405,0.9745,-0.2757,0.0068,-0.9612,-0.0163,0.2042,-0.0167,0.2056,0,0,Lateral Rollover (360°),Rollover Flips
25444.9,2026-10-03T11:23:34Z,-0.0032,0.0109,0.0016,0.1120,0.0114,-0.2760,0.0189,-0.9604,0.9995,-0.2729,0.0081,-0.9620,-0.1101,0.1126,-0.0217,0.1590,0,0,Lateral Rollover (360°),Rollover Flips
25465.3,2026-10-03T11:23:34Z,-0.0084,0.0199,-0.0213,0.2971,0.0303,-0.2789,0.0302,-0.9839,1.0231,-0.2705,0.0103,-0.9627,-0.1168,0.1554,-0.0400,0.1985,0,0,Lateral Rollover (360°),Rollover Flips
25485.4,2026-10-03T11:23:34Z,-0.0012,0.0118,-0.0150,0.1872,0.0191,-0.2682,0.0238,-0.9786,1.0150,-0.2670,0.0120,-0.9636,-0.1031,0.1905,-0.0344,0.2193,0,0,Lateral Rollover (360°),Rollover Flips
25506.0,2026-10-03T11:23:34Z,0.0127,0.0051,-0.0291,0.3152,0.0321,-0.2506,0.0193,-0.9937,1.0250,-0.2633,0.0142,-0.9646,-0.1308,0.1857,-0.0108,0.2274,0,0,Lateral Rollover (360°),Rollover Flips
25525.3,2026-10-03T11:23:34Z,0.0159,0.0122,-0.0604,0.6240,0.0636,-0.2446,0.0287,-1.0257,1.0549,-0.2605,0.0165,-0.9653,-0.0820,0.0944,0.0371,0.1304,0,0,Lateral Rollover (360°),Rollover Flips
25545.5,2026-10-03T11:23:34Z,-0.0129,0.0211,-0.0575,0.6135,0.0626,-0.2724,0.0385,-1.0230,1.0594,-0.2595,0.0173,-0.9656,0.0050,0.0078,-0.0013,0.0093,0,0,Lateral Rollover (360°),Rollover Flips
25565.7,2026-10-03T11:23:34Z,-0.0117,0.0166,-0.0304,0.3588,0.0366,-0.2715,0.0334,-0.9960,1.0328,-0.2598,0.0168,-0.9655,0.0323,-0.0017,-0.0417,0.0528,0,0,Lateral Rollover (360°),Rollover Flips
25585.6,2026-10-03T11:23:34Z,-0.0035,0.0079,-0.0133,0.1556,0.0159,-0.2631,0.0239,-0.9789,1.0139,-0.2596,0.0160,-0.9656,0.0210,0.0276,-0.0575,0.0672,0,0,Lateral Rollover (360°),Rollover Flips
25606.8,2026-10-03T11:23:34Z,-0.0054,0.0003,-0.0242,0.2428,0.0248,-0.2638,0.0154,-0.9901,1.0247,-0.2584,0.0151,-0.9659,0.0291,0.0749,-0.0808,0.1139,0,0,Lateral Rollover (360°),Rollover Flips
25625.9,2026-10-03T11:23:34Z,0.0036,0.0047,-0.0389,0.3859,0.0394,-0.2533,0.0188,-1.0052,1.0368,-0.2569,0.0141,-0.9663,0.0397,0.0940,-0.0684,0.1229,0,0,Lateral Rollover (360°),Rollover Flips
25646.1,2026-10-03T11:23:34Z,0.0092,0.0028,-0.0470,0.4701,0.0479,-0.2462,0.0150,-1.0137,1.0433,-0.2554,0.0122,-0.9668,0.1237,0.0576,-0.0563,0.1476,0,0,Lateral Rollover (360°),Rollover Flips
25666.2,2026-10-03T11:23:34Z,0.0170,-0.0161,-0.0289,0.3651,0.0372,-0.2369,-0.0069,-0.9961,1.0239,-0.2539,0.0092,-0.9672,0.1470,0.1512,-0.0265,0.2125,0,0,Lateral Rollover (360°),Rollover Flips
25686.3,2026-10-03T11:23:34Z,0.0493,-0.0233,0.0119,0.5471,0.0558,-0.1998,-0.0171,-0.9566,0.9774,-0.2491,0.0063,-0.9685,0.1611,0.3961,0.0753,0.4342,0,0,Lateral Rollover (360°),Rollover Flips
25706.3,2026-10-03T11:23:34Z,0.0702,-0.0684,0.0888,1.2971,0.1323,-0.1636,-0.0637,-0.8835,0.9007,-0.2337,0.0048,-0.9723,0.0578,1.2746,0.2673,1.3036,0,0,Lateral Rollover (360°),Rollover Flips
25726.5,2026-10-03T11:23:34Z,0.0051,-0.0501,0.0742,0.8797,0.0897,-0.1918,-0.0446,-0.9062,0.9273,-0.1968,0.0055,-0.9804,0.0180,2.5435,0.2133,2.5525,0,0,Lateral Rollover (360°),Rollover Flips
25746.6,2026-10-03T11:23:34Z,0.0454,0.0018,0.0079,0.4519,0.0461,-0.0882,0.0055,-0.9831,0.9871,-0.1336,0.0037,-0.9910,0.2348,3.8085,-0.0082,3.8157,0,0,Lateral Rollover (360°),Rollover Flips
25766.8,2026-10-03T11:23:34Z,0.2761,-0.0754,0.1208,3.0468,0.3107,0.2312,-0.0787,-0.8781,0.9115,-0.0449,-0.0033,-0.9990,0.4299,5.1915,0.2799,5.2168,0,1,Lateral Rollover (360°),Rollover Flips
25786.6,2026-10-03T11:23:34Z,0.4680,-0.1760,0.2429,5.4516,0.5559,0.5555,-0.1866,-0.7533,0.9543,0.0874,-0.0106,-0.9961,0.2044,8.3953,1.2410,8.4890,0,1,Lateral Rollover (360°),Rollover Flips
25806.8,2026-10-03T11:23:34Z,0.2682,0.1643,-0.0548,3.1304,0.3192,0.5788,0.1429,-1.0051,1.1686,0.3106,-0.0214,-0.9503,0.5169,15.0351,1.8344,15.1554,0,1,Lateral Rollover (360°),Rollover Flips
25826.7,2026-10-03T11:23:34Z,0.3026,0.2582,-0.8490,9.1945,0.9376,0.9525,0.1876,-1.6058,1.8764,0.6499,-0.0706,-0.7567,3.3637,24.1041,2.2666,24.4430,0,1,Lateral Rollover (360°),Rollover Flips
25847.0,2026-10-03T11:23:34Z,0.4727,-0.1226,-0.6427,7.9160,0.8072,1.4114,-0.2936,-0.9422,1.7222,0.9387,-0.1710,-0.2994,6.6298,28.9822,3.3113,29.9147,0,1,Lateral Rollover (360°),Rollover Flips
25867.1,2026-10-03T11:23:34Z,0.6857,-0.5171,0.4260,9.4015,0.9587,1.6127,-0.7574,0.7141,1.9195,0.9270,-0.2404,0.2880,5.0759,28.7107,3.5209,29.3678,0,1,Lateral Rollover (360°),Rollover Flips
25887.2,2026-10-03T11:23:34Z,0.2506,-0.0594,1.3328,13.3123,1.3575,0.8781,-0.3266,2.0642,2.2668,0.6275,-0.2671,0.7313,0.6941,23.9024,3.0406,24.1051,0,1,Lateral Rollover (360°),Rollover Flips
25907.3,2026-10-03T11:23:34Z,0.2451,0.2574,0.9018,9.5057,0.9693,0.5300,-0.0481,1.8104,1.8870,0.2849,-0.3055,0.9086,-2.2793,15.2001,1.5125,15.4442,0,1,Lateral Rollover (360°),Rollover Flips
25927.3,2026-10-03T11:23:34Z,0.0361,0.0728,-0.6902,6.8149,0.6949,0.1062,-0.2886,0.2396,0.3899,0.0701,-0.3615,0.9298,-2.7524,8.1340,0.3838,8.5956,1,1,Lateral Rollover (360°),Rollover Flips
25947.5,2026-10-03T11:23:34Z,0.0599,-0.0692,-1.1560,11.3721,1.1596,0.0151,-0.4667,-0.2395,0.5248,-0.0448,-0.3975,0.9165,-1.0199,4.8557,0.3173,4.9717,0,1,Lateral Rollover (360°),Rollover Flips
25967.6,2026-10-03T11:23:34Z,0.3450,-0.1893,-0.5431,6.5768,0.6706,0.2019,-0.5939,0.3602,0.7233,-0.1431,-0.4045,0.9033,-0.1538,5.6930,1.0542,5.7918,0,1,Lateral Rollover (360°),Rollover Flips
25987.9,2026-10-03T11:23:34Z,0.3041,-0.1185,-0.1296,3.4440,0.3512,0.0254,-0.5212,0.7422,0.9073,-0.2788,-0.4027,0.8719,-0.5205,8.0411,2.0122,8.3054,0,1,Lateral Rollover (360°),Rollover Flips
26008.0,2026-10-03T11:23:34Z,0.1296,0.0632,-0.0954,1.6957,0.1729,-0.3172,-0.3355,0.7054,0.8431,-0.4469,-0.3987,0.8008,-0.8374,9.2957,2.4958,9.6613,0,1,Lateral Rollover (360°),Rollover Flips
26027.9,2026-10-03T11:23:34Z,0.0564,0.0929,-0.0142,1.0746,0.1096,-0.5401,-0.2875,0.6925,0.9241,-0.5965,-0.3804,0.7067,-0.2807,7.5315,2.5088,7.9433,0,1,Lateral Rollover (360°),Rollover Flips
26048.1,2026-10-03T11:23:35Z,0.0640,0.0572,0.3271,3.3167,0.3382,-0.6377,-0.2963,0.9457,1.1785,-0.7017,-0.3535,0.6186,-0.2922,5.9538,1.9979,6.2869,0,1,Lateral Rollover (360°),Rollover Flips
26068.2,2026-10-03T11:23:35Z,0.1309,0.0731,0.4668,4.8079,0.4903,-0.6474,-0.2593,0.9995,1.2187,-0.7783,-0.3324,0.5327,-0.6713,5.2461,1.6565,5.5422,0,1,Lateral Rollover (360°),Rollover Flips
26088.2,2026-10-03T11:23:35Z,0.2311,0.0842,0.4341,4.8934,0.4990,-0.6113,-0.2294,0.8724,1.0896,-0.8424,-0.3137,0.4382,-1.0318,5.7543,1.7151,6.0925,0,1,Lateral Rollover (360°),Rollover Flips
26108.3,2026-10-03T11:23:35Z,0.2204,0.0986,0.2953,3.7407,0.3814,-0.6788,-0.1931,0.6216,0.9404,-0.8992,-0.2916,0.3263,-1.1942,6.1968,1.7395,6.5461,0,1,Lateral Rollover (360°),Rollover Flips
26128.5,2026-10-03T11:23:35Z,0.1845,0.0710,0.0982,2.1642,0.2207,-0.7558,-0.1971,0.3078,0.8396,-0.9403,-0.2681,0.2097,-1.0209,5.4597,1.4430,5.7387,0,1,Lateral Rollover (360°),Rollover Flips
26148.5,2026-10-03T11:23:35Z,0.1587,-0.0132,0.0143,1.5681,0.1599,-0.8029,-0.2606,0.1326,0.8545,-0.9616,-0.2474,0.1183,-0.5852,3.6005,0.9601,3.7720,0,0,Lateral Rollover (360°),Rollover Flips
26168.6,2026-10-03T11:23:35Z,0.1994,-0.0057,0.0816,2.1139,0.2156,-0.7711,-0.2389,0.1418,0.8196,-0.9706,-0.2332,0.0602,-0.3576,2.3029,0.6184,2.4112,0,0,Lateral Rollover (360°),Rollover Flips
26188.7,2026-10-03T11:23:35Z,0.1913,-0.0017,0.1358,2.3007,0.2346,-0.7834,-0.2241,0.1556,0.8296,-0.9747,-0.2224,0.0198,-0.2852,1.8485,0.5314,1.9444,0,0,Lateral Rollover (360°),Rollover Flips
26208.7,2026-10-03T11:23:35Z,0.0989,0.0087,0.1185,1.5156,0.1545,-0.8778,-0.2056,0.1034,0.9074,-0.9767,-0.2143,-0.0150,-0.2478,1.5278,0.2927,1.5752,0,0,Lateral Rollover (360°),Rollover Flips
26228.9,2026-10-03T11:23:35Z,0.0729,0.0373,0.0448,0.9155,0.0934,-0.9037,-0.1741,0.0043,0.9203,-0.9766,-0.2114,-0.0405,-0.0327,0.9049,-0.0486,0.9068,0,0,Lateral Rollover (360°),Rollover Flips
26249.2,2026-10-03T11:23:35Z,0.1269,0.0101,-0.0384,1.3037,0.1329,-0.8482,-0.2066,-0.0868,0.8773,-0.9750,-0.2167,-0.0484,0.2220,-0.1632,-0.5131,0.5824,0,0,Lateral Rollover (360°),Rollover Flips
26269.2,2026-10-03T11:23:35Z,0.1737,-0.0080,-0.1579,2.3035,0.2349,-0.7984,-0.2408,-0.1849,0.8542,-0.9722,-0.2328,-0.0270,0.5295,-1.9340,-1.1254,2.2994,0,0,Lateral Rollover (360°),Rollover Flips
26289.4,2026-10-03T11:23:35Z,0.2967,0.0746,-0.2009,3.5897,0.3661,-0.6677,-0.1872,-0.1648,0.7128,-0.9644,-0.2618,0.0361,0.7970,-4.2285,-1.8755,4.6939,0,1,Lateral Rollover (360°),Rollover Flips
26309.2,2026-10-03T11:23:35Z,0.2831,0.1976,-0.2045,3.9355,0.4013,-0.6575,-0.1071,-0.0554,0.6685,-0.9407,-0.3048,0.1491,1.0128,-7.1961,-2.8196,7.7948,0,1,Lateral Rollover (360°),Rollover Flips
26329.4,2026-10-03T11:23:35Z,0.2868,0.1692,-0.2238,3.9343,0.4012,-0.5892,-0.1915,0.0965,0.6270,-0.8760,-0.3607,0.3202,1.4077,-10.4796,-3.8993,11.2698,0,1,Lateral Rollover (360°),Rollover Flips
26349.5,2026-10-03T11:23:35Z,0.3305,0.1582,-0.1729,3.9728,0.4051,-0.4116,-0.2622,0.3493,0.6001,-0.7420,-0.4204,0.5222,1.3050,-12.7474,-4.8214,13.6911,0,1,Lateral Rollover (360°),Rollover Flips
26369.7,2026-10-03T11:23:35Z,0.4704,0.1129,-0.2296,5.2512,0.5355,-0.0537,-0.3603,0.4785,0.6013,-0.5241,-0.4732,0.7081,0.7592,-14.7532,-5.3343,15.7063,0,1,Lateral Rollover (360°),Rollover Flips
26389.6,2026-10-03T11:23:35Z,0.3148,0.0502,-0.3328,4.5194,0.4608,0.0894,-0.4586,0.4980,0.6829,-0.2255,-0.5089,0.8308,0.0306,-16.2173,-5.7368,17.2021,0,1,Lateral Rollover (360°),Rollover Flips
26409.9,2026-10-03T11:23:35Z,0.0944,0.2874,-0.3795,4.7592,0.4853,0.2113,-0.2349,0.4652,0.5624,0.1170,-0.5223,0.8447,-0.8169,-16.7369,-5.9043,17.7666,0,1,Lateral Rollover (360°),Rollover Flips
26430.1,2026-10-03T11:23:35Z,-0.1278,0.3573,-0.3506,5.0663,0.5166,0.3207,-0.1463,0.3878,0.5241,0.4485,-0.5036,0.7384,-1.1848,-16.4532,-6.3745,17.6846,0,1,Lateral Rollover (360°),Rollover Flips
26450.1,2026-10-03T11:23:35Z,-0.0931,0.3392,-0.2998,4.5321,0.4621,0.6281,-0.1014,0.2347,0.6782,0.7212,-0.4406,0.5345,-1.1527,-15.9572,-6.7493,17.3642,0,1,Lateral Rollover (360°),Rollover Flips
26470.1,2026-10-03T11:23:35Z,0.1169,0.1610,-0.2346,3.0167,0.3076,1.0187,-0.1798,0.0310,1.0349,0.9018,-0.3408,0.2656,-0.9526,-15.5587,-6.2610,16.7983,0,1,Lateral Rollover (360°),Rollover Flips
26490.2,2026-10-03T11:23:35Z,0.2482,0.0187,-0.3406,4.1371,0.4219,1.2197,-0.2169,-0.3650,1.2915,0.9715,-0.2357,-0.0244,-0.5766,-14.3275,-4.9108,15.1567,0,1,Lateral Rollover (360°),Rollover Flips
26510.4,2026-10-03T11:23:35Z,0.3862,0.0113,-0.4406,5.7466,0.5860,1.3330,-0.1456,-0.7215,1.5227,0.9468,-0.1569,-0.2809,0.0778,-11.5832,-3.0935,11.9894,0,1,Lateral Rollover (360°),Rollover Flips
26530.6,2026-10-03T11:23:35Z,0.3659,0.1105,-0.2774,4.6317,0.4723,1.2570,-0.0086,-0.7154,1.4463,0.8910,-0.1191,-0.4380,-0.5204,-5.1507,-0.9533,5.2639,0,1,Lateral Rollover (360°),Rollover Flips
26550.6,2026-10-03T11:23:35Z,-0.0627,-0.0741,0.0543,1.0910,0.1113,0.8006,-0.1747,-0.4401,0.9302,0.8634,-0.1006,-0.4945,-0.3232,-1.8393,-0.8786,2.0638,0,0,Lateral Rollover (360°),Rollover Flips
26570.8,2026-10-03T11:23:35Z,0.0575,0.0332,0.0826,1.0393,0.1060,0.9079,-0.0483,-0.4372,1.0088,0.8504,-0.0815,-0.5198,0.1183,-1.3149,-1.1949,1.7807,0,0,Lateral Rollover (360°),Rollover Flips
26590.7,2026-10-03T11:23:35Z,0.0463,-0.0421,0.1031,1.1825,0.1206,0.8834,-0.1025,-0.4406,0.9925,0.8371,-0.0604,-0.5436,-0.0355,-1.4927,-1.4169,2.0584,0,0,Lateral Rollover (360°),Rollover Flips
26610.9,2026-10-03T11:23:35Z,0.1047,-0.0575,0.0036,1.1720,0.1195,0.9256,-0.0901,-0.5666,1.0890,0.8209,-0.0326,-0.5702,-0.3413,-1.7415,-1.5897,2.3825,0,0,Lateral Rollover (360°),Rollover Flips
26631.0,2026-10-03T11:23:35Z,0.2015,-0.0635,-0.0753,2.1997,0.2243,0.9982,-0.0667,-0.6796,1.2095,0.7967,-0.0031,-0.6043,-0.3244,-2.4875,-1.4695,2.9073,0,0,Lateral Rollover (360°),Rollover Flips
26651.4,2026-10-03T11:23:35Z,0.2527,-0.0212,-0.0735,2.5894,0.2640,1.0116,0.0007,-0.7243,1.2442,0.7589,0.0219,-0.6508,-0.2750,-3.4125,-1.2402,3.6413,0,0,Lateral Rollover (360°),Rollover Flips
26671.4,2026-10-03T11:23:35Z,0.3326,-0.0334,-0.1858,3.7506,0.3825,1.0416,0.0083,-0.8898,1.3699,0.7090,0.0417,-0.7040,-0.1781,-3.7234,-0.9664,3.8508,0,0,Lateral Rollover (360°),Rollover Flips
26692.8,2026-10-03T11:23:35Z,0.2999,0.0078,-0.2084,3.5820,0.3653,0.9537,0.0611,-0.9632,1.3568,0.6538,0.0533,-0.7548,0.1869,-3.6876,-0.7340,3.7646,0,0,Lateral Rollover (360°),Rollover Flips
26711.4,2026-10-03T11:23:35Z,0.2166,0.0527,-0.1177,2.4722,0.2521,0.8132,0.1094,-0.9182,1.2314,0.5966,0.0566,-0.8005,0.5115,-3.4305,-0.7654,3.5519,0,0,Lateral Rollover (360°),Rollover Flips
26731.4,2026-10-03T11:23:35Z,0.1933,-0.0028,-0.0372,1.9305,0.1969,0.7347,0.0543,-0.8760,1.1446,0.5415,0.0572,-0.8388,0.5370,-3.1871,-0.8974,3.3543,0,0,Lateral Rollover (360°),Rollover Flips
26751.6,2026-10-03T11:23:35Z,0.2561,-0.0609,-0.0831,2.7075,0.2761,0.7413,-0.0033,-0.9556,1.2094,0.4852,0.0576,-0.8725,0.3987,-3.3458,-0.6809,3.4376,0,0,Lateral Rollover (360°),Rollover Flips
26772.0,2026-10-03T11:23:35Z,0.2519,-0.0062,-0.1186,2.7314,0.2785,0.6747,0.0490,-1.0232,1.2266,0.4228,0.0552,-0.9045,0.4814,-3.4895,-0.4632,3.5529,0,0,Lateral Rollover (360°),Rollover Flips
26792.0,2026-10-03T11:23:35Z,0.1621,0.0331,-0.0303,1.6495,0.1682,0.5215,0.0818,-0.9622,1.0975,0.3594,0.0487,-0.9319,0.5872,-3.2452,-0.5092,3.3370,0,0,Lateral Rollover (360°),Rollover Flips
26812.0,2026-10-03T11:23:35Z,0.1221,-0.0116,0.0426,1.2728,0.1298,0.4256,0.0308,-0.9093,1.0044,0.3036,0.0424,-0.9519,0.4536,-2.5715,-0.6217,2.6842,0,0,Lateral Rollover (360°),Rollover Flips
26832.3,2026-10-03T11:23:35Z,0.1538,-0.0594,0.0020,1.6167,0.1649,0.4136,-0.0204,-0.9629,1.0481,0.2598,0.0390,-0.9649,0.2341,-2.0337,-0.4262,2.0910,0,0,Lateral Rollover (360°),Rollover Flips
26852.3,2026-10-03T11:23:35Z,0.1675,-0.0148,-0.0888,1.8644,0.1901,0.3887,0.0219,-1.0633,1.1323,0.2212,0.0366,-0.9745,0.1999,-1.9473,-0.1651,1.9644,0,0,Lateral Rollover (360°),Rollover Flips
26872.4,2026-10-03T11:23:35Z,0.0859,0.0427,-0.1037,1.3853,0.1413,0.2662,0.0751,-1.0868,1.1214,0.1804,0.0325,-0.9831,0.2822,-2.1963,-0.2069,2.2240,0,0,Lateral Rollover (360°),Rollover Flips
26892.5,2026-10-03T11:23:35Z,0.0188,0.0510,-0.0553,0.7607,0.0776,0.1536,0.0789,-1.0458,1.0600,0.1348,0.0280,-0.9905,0.2459,-2.3728,-0.4501,2.4276,0,0,Lateral Rollover (360°),Rollover Flips
26912.7,2026-10-03T11:23:35Z,0.0261,0.0100,-0.0238,0.3598,0.0367,0.1132,0.0355,-1.0196,1.0265,0.0871,0.0255,-0.9959,0.1059,-2.4132,-0.5989,2.4887,0,0,Lateral Rollover (360°),Rollover Flips
26932.5,2026-10-03T11:23:35Z,0.0730,-0.0186,-0.0061,0.7408,0.0755,0.1099,0.0074,-1.0051,1.0111,0.0370,0.0260,-0.9990,-0.0631,-2.4685,-0.5398,2.5276,0,0,Lateral Rollover (360°),Rollover Flips
26952.8,2026-10-03T11:23:35Z,0.0894,-0.0091,-0.0625,1.0735,0.1095,0.0808,0.0184,-1.0620,1.0653,-0.0086,0.0275,-0.9996,-0.0196,-1.9644,-0.3325,1.9924,0,0,Lateral Rollover (360°),Rollover Flips
26972.9,2026-10-03T11:23:35Z,0.0734,0.0207,-0.1016,1.2453,0.1270,0.0326,0.0456,-1.1004,1.1018,-0.0408,0.0249,-0.9989,0.2933,-1.2387,-0.1396,1.2806,0,0,Lateral Rollover (360°),Rollover Flips
26993.1,2026-10-03T11:23:35Z,0.0116,0.0224,-0.0560,0.6024,0.0614,-0.0480,0.0381,-1.0541,1.0559,-0.0596,0.0156,-0.9981,0.5938,-0.6712,-0.0767,0.8994,0,0,Lateral Rollover (360°),Rollover Flips
27012.9,2026-10-03T11:23:35Z,-0.0245,0.0026,0.0369,0.4352,0.0444,-0.0942,0.0053,-0.9606,0.9653,-0.0697,0.0027,-0.9976,0.6277,-0.4265,-0.1635,0.7763,0,0,Lateral Rollover (360°),Rollover Flips
27033.0,2026-10-03T11:23:35Z,0.0072,-0.0132,0.0934,0.9276,0.0946,-0.0711,-0.0215,-0.9035,0.9066,-0.0783,-0.0083,-0.9969,0.4214,-0.4098,-0.2558,0.6410,0,0,Lateral Rollover (360°),Rollover Flips
27053.5,2026-10-03T11:23:36Z,0.0390,-0.0118,0.0669,0.7681,0.0783,-0.0469,-0.0269,-0.9293,0.9309,-0.0859,-0.0151,-0.9962,0.2520,-0.3615,-0.2347,0.4993,0,0,Lateral Rollover (360°),Rollover Flips
27073.3,2026-10-03T11:23:36Z,0.0731,-0.0006,0.0343,0.7921,0.0808,-0.0190,-0.0211,-0.9612,0.9616,-0.0921,-0.0205,-0.9955,0.2713,-0.2562,-0.1366,0.3973,0,0,Lateral Rollover (360°),Rollover Flips
27093.6,2026-10-03T11:23:36Z,0.0839,-0.0098,0.0039,0.8292,0.0846,-0.0107,-0.0366,-0.9913,0.9920,-0.0946,-0.0268,-0.9952,0.3513,0.0312,0.0175,0.3531,0,0,Lateral Rollover (360°),Rollover Flips
27113.6,2026-10-03T11:23:36Z,0.0685,0.0001,0.0439,0.7980,0.0814,-0.0252,-0.0341,-0.9511,0.9521,-0.0937,-0.0343,-0.9950,0.3932,-0.0194,0.1504,0.4214,0,0,Lateral Rollover (360°),Rollover Flips
27133.7,2026-10-03T11:23:36Z,0.0046,0.0067,0.0775,0.7645,0.0780,-0.0919,-0.0337,-0.9170,0.9222,-0.0965,-0.0405,-0.9945,0.2236,-0.2485,0.1296,0.3586,0,0,Lateral Rollover (360°),Rollover Flips
27153.9,2026-10-03T11:23:36Z,-0.0205,0.0174,0.0338,0.4232,0.0432,-0.1220,-0.0257,-0.9601,0.9682,-0.1015,-0.0431,-0.9939,0.0816,-0.2485,0.0091,0.2617,0,0,Lateral Rollover (360°),Rollover Flips
27173.9,2026-10-03T11:23:36Z,0.0037,0.0243,0.0089,0.2568,0.0262,-0.1029,-0.0208,-0.9843,0.9899,-0.1066,-0.0451,-0.9933,0.1295,-0.2595,-0.0739,0.2993,0,0,Lateral Rollover (360°),Rollover Flips
27193.8,2026-10-03T11:23:36Z,0.0449,0.0154,0.0437,0.6328,0.0645,-0.0677,-0.0327,-0.9488,0.9518,-0.1127,-0.0481,-0.9925,0.1269,-0.3679,-0.0495,0.3923,0,0,Lateral Rollover (360°),Rollover Flips
27214.1,2026-10-03T11:23:36Z,0.0649,0.0071,0.0148,0.6563,0.0669,-0.0557,-0.0428,-0.9767,0.9792,-0.1206,-0.0498,-0.9915,0.0461,-0.4370,0.0196,0.4399,0,0,Lateral Rollover (360°),Rollover Flips
27234.3,2026-10-03T11:23:36Z,0.0556,-0.0018,0.0146,0.5637,0.0575,-0.0742,-0.0519,-0.9757,0.9799,-0.1298,-0.0501,-0.9903,0.0165,-0.4388,0.1133,0.4535,0,0,Lateral Rollover (360°),Rollover Flips
27254.4,2026-10-03T11:23:36Z,0.0403,-0.0099,0.0571,0.6921,0.0706,-0.0979,-0.0595,-0.9321,0.9391,-0.1382,-0.0496,-0.9892,-0.0382,-0.3829,0.2097,0.4382,0,0,Lateral Rollover (360°),Rollover Flips
27274.4,2026-10-03T11:23:36Z,0.0028,-0.0051,0.0470,0.4649,0.0474,-0.1413,-0.0523,-0.9414,0.9534,-0.1441,-0.0472,-0.9884,-0.1380,-0.1912,0.1904,0.3031,0,0,Lateral Rollover (360°),Rollover Flips
27294.5,2026-10-03T11:23:36Z,-0.0047,0.0214,-0.0244,0.3214,0.0328,-0.1508,-0.0225,-1.0127,1.0241,-0.1462,-0.0439,-0.9883,-0.1087,0.0101,0.1666,0.1992,0,0,Lateral Rollover (360°),Rollover Flips
27314.6,2026-10-03T11:23:36Z,-0.0024,0.0308,-0.0360,0.4654,0.0475,-0.1472,-0.0121,-1.0246,1.0351,-0.1447,-0.0430,-0.9885,0.0540,0.1216,0.0784,0.1545,0,0,Lateral Rollover (360°),Rollover Flips
27334.8,2026-10-03T11:23:36Z,0.0333,0.0075,-0.0091,0.3459,0.0353,-0.1086,-0.0378,-0.9979,1.0045,-0.1418,-0.0452,-0.9889,0.1726,0.1354,0.0686,0.2299,0,0,Lateral Rollover (360°),Rollover Flips
27355.0,2026-10-03T11:23:36Z,0.0373,-0.0107,0.0461,0.5912,0.0603,-0.1022,-0.0589,-0.9429,0.9503,-0.1395,-0.0482,-0.9890,0.1230,0.1305,0.1183,0.2148,0,0,Lateral Rollover (360°),Rollover Flips
27375.0,2026-10-03T11:23:36Z,0.0139,-0.0156,0.0969,0.9724,0.0992,-0.1230,-0.0643,-0.8925,0.9032,-0.1369,-0.0486,-0.9894,-0.0422,0.1603,0.1286,0.2098,0,0,Lateral Rollover (360°),Rollover Flips
27395.1,2026-10-03T11:23:36Z,0.0485,-0.0263,0.0561,0.7714,0.0787,-0.0838,-0.0725,-0.9341,0.9406,-0.1323,-0.0462,-0.9901,-0.1287,0.3171,0.2020,0.3974,0,0,Lateral Rollover (360°),Rollover Flips
27415.1,2026-10-03T11:23:36Z,0.0448,-0.0105,0.0057,0.4550,0.0464,-0.0813,-0.0535,-0.9854,0.9902,-0.1261,-0.0430,-0.9911,-0.1254,0.2709,0.3395,0.4521,0,0,Lateral Rollover (360°),Rollover Flips
27435.3,2026-10-03T11:23:36Z,-0.0087,0.0367,-0.0428,0.5590,0.0570,-0.1326,-0.0033,-1.0343,1.0427,-0.1238,-0.0400,-0.9915,-0.0888,-0.0967,0.2458,0.2787,0,0,Lateral Rollover (360°),Rollover Flips
27455.3,2026-10-03T11:23:36Z,-0.0430,0.0695,-0.0644,1.0201,0.1040,-0.1745,0.0309,-1.0549,1.0697,-0.1315,-0.0386,-0.9906,-0.0181,-0.6079,-0.1128,0.6185,0,0,Lateral Rollover (360°),Rollover Flips
27475.3,2026-10-03T11:23:36Z,-0.0189,0.0442,-0.0059,0.4751,0.0484,-0.1640,0.0052,-0.9946,1.0080,-0.1451,-0.0390,-0.9886,-0.0400,-0.7182,-0.3464,0.7984,0,0,Lateral Rollover (360°),Rollover Flips
27495.7,2026-10-03T11:23:36Z,0.0086,-0.0030,0.0580,0.5761,0.0587,-0.1490,-0.0408,-0.9288,0.9415,-0.1576,-0.0377,-0.9868,-0.2062,-0.4913,-0.3276,0.6255,0,0,Lateral Rollover (360°),Rollover Flips
27515.6,2026-10-03T11:23:36Z,0.0256,-0.0213,0.0561,0.6395,0.0652,-0.1365,-0.0545,-0.9301,0.9417,-0.1621,-0.0332,-0.9862,-0.3091,0.0039,-0.1776,0.3565,0,0,Lateral Rollover (360°),Rollover Flips
27535.7,2026-10-03T11:23:36Z,0.0242,-0.0086,-0.0013,0.2525,0.0257,-0.1324,-0.0366,-0.9886,0.9981,-0.1566,-0.0280,-0.9873,-0.2085,0.5212,-0.0257,0.5619,0,0,Lateral Rollover (360°),Rollover Flips
27556.0,2026-10-03T11:23:36Z,-0.0351,0.0307,-0.0156,0.4821,0.0492,-0.1795,0.0047,-1.0047,1.0207,-0.1444,-0.0260,-0.9892,-0.0111,0.6671,-0.0502,0.6691,0,0,Lateral Rollover (360°),Rollover Flips
27576.0,2026-10-03T11:23:36Z,-0.0393,0.0459,0.0213,0.6286,0.0641,-0.1722,0.0196,-0.9695,0.9848,-0.1329,-0.0263,-0.9908,-0.0346,0.4397,-0.2246,0.4950,0,0,Lateral Rollover (360°),Rollover Flips
27596.7,2026-10-03T11:23:36Z,0.0456,0.0209,0.0776,0.9065,0.0924,-0.0807,-0.0036,-0.9140,0.9176,-0.1263,-0.0245,-0.9917,-0.2568,0.2049,-0.3323,0.4672,0,0,Lateral Rollover (360°),Rollover Flips
27616.0,2026-10-03T11:23:36Z,0.0645,-0.0265,0.1407,1.5403,0.1571,-0.0597,-0.0426,-0.8514,0.8545,-0.1242,-0.0162,-0.9921,-0.6626,0.0396,-0.1543,0.6815,0,0,Lateral Rollover (360°),Rollover Flips
27636.2,2026-10-03T11:23:36Z,0.0199,-0.0717,-0.0096,0.7354,0.0750,-0.1003,-0.0714,-1.0023,1.0099,-0.1202,0.0003,-0.9928,-0.8968,0.4368,0.3224,1.0483,0,0,Lateral Rollover (360°),Rollover Flips
27656.7,2026-10-03T11:23:36Z,-0.0258,0.0134,-0.2433,2.4030,0.2450,-0.1294,0.0294,-1.2378,1.2449,-0.1036,0.0161,-0.9945,-0.4422,1.2448,0.5103,1.4161,0,0,Lateral Rollover (360°),Rollover Flips
27676.6,2026-10-03T11:23:36Z,-0.0725,0.0887,-0.2615,2.7997,0.2855,-0.1475,0.1064,-1.2585,1.2716,-0.0750,0.0177,-0.9970,0.3108,1.4823,0.2968,1.5433,0,0,Lateral Rollover (360°),Rollover Flips
27696.8,2026-10-03T11:23:36Z,-0.0889,0.0626,-0.0742,1.2909,0.1316,-0.1366,0.0711,-1.0730,1.0840,-0.0477,0.0085,-0.9988,0.5195,1.1843,-0.0119,1.2932,0,0,Lateral Rollover (360°),Rollover Flips
27716.7,2026-10-03T11:23:36Z,-0.0043,-0.0045,0.1101,1.0819,0.1103,-0.0348,-0.0037,-0.8894,0.8901,-0.0304,0.0008,-0.9995,0.1759,0.4551,-0.1538,0.5115,0,0,Lateral Rollover (360°),Rollover Flips
27736.9,2026-10-03T11:23:36Z,0.2858,-0.0308,-0.0490,2.8594,0.2916,0.2581,-0.0295,-1.0487,1.0804,-0.0277,0.0013,-0.9996,-0.1123,-0.0140,0.3032,0.3236,0,0,Lateral Rollover (360°),Rollover Flips
27757.1,2026-10-03T11:23:36Z,0.1022,-0.0536,-0.1218,1.6453,0.1678,0.0686,-0.0494,-1.1212,1.1244,-0.0336,0.0042,-0.9994,-0.1317,-0.4469,0.6384,0.7904,0,0,Lateral Rollover (360°),Rollover Flips
27777.1,2026-10-03T11:23:36Z,-0.0899,0.0109,-0.0074,0.8907,0.0908,-0.1343,0.0185,-1.0064,1.0155,-0.0444,0.0076,-0.9990,-0.2392,-0.7327,0.3454,0.8446,0,0,Lateral Rollover (360°),Rollover Flips
27797.3,2026-10-03T11:23:36Z,-0.1092,0.0482,-0.0440,1.2480,0.1273,-0.1666,0.0628,-1.0423,1.0574,-0.0574,0.0145,-0.9982,-0.3652,-0.4723,0.0571,0.5997,0,0,Lateral Rollover (360°),Rollover Flips
27817.3,2026-10-03T11:23:36Z,-0.0919,0.0017,0.0143,0.9125,0.0931,-0.1592,0.0219,-0.9833,0.9963,-0.0673,0.0202,-0.9975,-0.2043,-0.5966,-0.2259,0.6698,0,0,Lateral Rollover (360°),Rollover Flips
27837.5,2026-10-03T11:23:36Z,-0.0376,-0.1368,-0.0191,1.4039,0.1432,-0.1172,-0.1158,-1.0157,1.0290,-0.0796,0.0210,-0.9966,0.0941,-0.5552,-0.2517,0.6168,0,0,Lateral Rollover (360°),Rollover Flips
27857.6,2026-10-03T11:23:36Z,0.0343,-0.1159,0.0201,1.2013,0.1225,-0.0545,-0.0988,-0.9758,0.9823,-0.0888,0.0170,-0.9959,0.2546,-0.3709,-0.0461,0.4522,0,0,Lateral Rollover (360°),Rollover Flips
27877.5,2026-10-03T11:23:36Z,0.0545,0.0336,0.0371,0.7252,0.0740,-0.0395,0.0455,-0.9584,0.9603,-0.0939,0.0119,-0.9955,0.2737,-0.0295,0.2486,0.3710,0,0,Lateral Rollover (360°),Rollover Flips
27897.6,2026-10-03T11:23:36Z,0.0721,0.1082,0.0412,1.3372,0.1364,-0.0152,0.1152,-0.9550,0.9620,-0.0872,0.0070,-0.9962,0.2429,0.6551,0.2726,0.7500,0,0,Lateral Rollover (360°),Rollover Flips
27917.7,2026-10-03T11:23:36Z,0.0844,0.1219,0.0071,1.4556,0.1484,0.0112,0.1267,-0.9902,0.9983,-0.0732,0.0048,-0.9973,0.0231,0.6306,0.2992,0.6983,0,0,Lateral Rollover (360°),Rollover Flips
27937.9,2026-10-03T11:23:36Z,0.0536,-0.1010,-0.1434,1.7986,0.1834,-0.0098,-0.0977,-1.1414,1.1456,-0.0633,0.0033,-0.9980,0.2468,0.6096,0.4535,0.7989,0,0,Lateral Rollover (360°),Rollover Flips
27957.9,2026-10-03T11:23:36Z,-0.0762,0.0090,-0.1563,1.7074,0.1741,-0.1158,0.0030,-1.1555,1.1613,-0.0395,-0.0060,-0.9992,0.7125,1.6933,0.2519,1.8543,0,0,Lateral Rollover (360°),Rollover Flips
27978.1,2026-10-03T11:23:36Z,-0.0731,-0.0042,-0.0417,0.8264,0.0843,-0.0755,-0.0264,-1.0414,1.0445,-0.0023,-0.0222,-0.9998,0.8158,1.8992,-0.0250,2.0671,0,0,Lateral Rollover (360°),Rollover Flips
27998.2,2026-10-03T11:23:36Z,-0.0248,0.0125,-0.0089,0.2860,0.0292,0.0035,-0.0228,-1.0079,1.0082,0.0283,-0.0352,-0.9990,0.4498,1.0184,-0.0805,1.1162,0,0,Lateral Rollover (360°),Rollover Flips
28018.2,2026-10-03T11:23:36Z,0.0182,0.0353,-0.0586,0.6939,0.0708,0.0655,-0.0049,-1.0566,1.0587,0.0473,-0.0402,-0.9981,0.1488,1.1422,0.0431,1.1527,0,0,Lateral Rollover (360°),Rollover Flips
28038.3,2026-10-03T11:23:36Z,-0.0465,-0.0283,-0.0425,0.6773,0.0691,0.0259,-0.0724,-1.0389,1.0418,0.0724,-0.0442,-0.9964,0.2740,1.3475,-0.0390,1.3756,0,0,Lateral Rollover (360°),Rollover Flips
28059.5,2026-10-03T11:23:37Z,-0.0434,0.0289,-0.0432,0.6641,0.0677,0.0515,-0.0245,-1.0373,1.0389,0.0949,-0.0533,-0.9941,0.5470,0.8575,-0.0821,1.0204,0,0,Lateral Rollover (360°),Rollover Flips
28078.7,2026-10-03T11:23:37Z,0.0106,-0.0300,0.0324,0.4452,0.0454,0.1211,-0.0918,-0.9595,0.9715,0.1105,-0.0619,-0.9919,0.3549,0.7264,-0.2655,0.8509,0,0,Lateral Rollover (360°),Rollover Flips
28098.9,2026-10-03T11:23:37Z,0.0047,0.0108,0.0397,0.4063,0.0414,0.1288,-0.0565,-0.9503,0.9606,0.1242,-0.0674,-0.9900,0.2964,0.5860,-0.2543,0.7042,0,0,Lateral Rollover (360°),Rollover Flips
28118.7,2026-10-03T11:23:37Z,-0.0027,0.0047,0.0156,0.1617,0.0165,0.1297,-0.0692,-0.9729,0.9839,0.1324,-0.0739,-0.9884,0.4436,0.1987,-0.2489,0.5461,0,0,Lateral Rollover (360°),Rollover Flips
28138.8,2026-10-03T11:23:37Z,0.0425,0.0311,0.0355,0.6230,0.0635,0.1759,-0.0523,-0.9520,0.9696,0.1334,-0.0834,-0.9876,0.5884,-0.1540,-0.2645,0.6632,0,0,Lateral Rollover (360°),Rollover Flips
28159.0,2026-10-03T11:23:37Z,0.0763,0.0767,-0.0360,1.1179,0.1140,0.2034,-0.0208,-1.0230,1.0433,0.1271,-0.0975,-0.9871,0.8872,-0.4179,-0.1607,0.9938,0,0,Lateral Rollover (360°),Rollover Flips
28179.2,2026-10-03T11:23:37Z,0.0796,0.1068,-0.0759,1.5036,0.1533,0.2031,-0.0078,-1.0616,1.0808,0.1235,-0.1146,-0.9857,0.7133,-0.0248,0.2890,0.7700,0,0,Lateral Rollover (360°),Rollover Flips
28199.3,2026-10-03T11:23:37Z,0.0234,0.0314,0.0705,0.7913,0.0807,0.1499,-0.0919,-0.9137,0.9305,0.1265,-0.1234,-0.9843,0.0452,0.5577,0.2890,0.6298,0,0,Lateral Rollover (360°),Rollover Flips
28219.2,2026-10-03T11:23:37Z,-0.0610,-0.0275,0.0160,0.6748,0.0688,0.0838,-0.1455,-0.9664,0.9808,0.1448,-0.1180,-0.9824,-0.5800,1.2402,0.1811,1.3811,0,0,Lateral Rollover (360°),Rollover Flips
28239.6,2026-10-03T11:23:37Z,-0.0270,-0.0439,0.0257,0.5648,0.0576,0.1440,-0.1488,-0.9540,0.9762,0.1710,-0.1049,-0.9797,-0.7274,1.3755,-0.1412,1.5624,0,0,Lateral Rollover (360°),Rollover Flips
28259.6,2026-10-03T11:23:37Z,0.0920,0.0442,0.1194,1.5407,0.1571,0.2878,-0.0444,-0.8572,0.9053,0.1957,-0.0886,-0.9766,-0.8497,1.0177,-0.1425,1.3334,0,0,Lateral Rollover (360°),Rollover Flips
28279.8,2026-10-03T11:23:37Z,0.0712,0.0845,0.0634,1.2493,0.1274,0.2810,0.0118,-0.9117,0.9541,0.2098,-0.0728,-0.9750,-0.7094,0.3752,0.1805,0.8226,0,0,Lateral Rollover (360°),Rollover Flips
28299.9,2026-10-03T11:23:37Z,0.0145,0.0417,-0.0108,0.4456,0.0454,0.2221,-0.0231,-0.9869,1.0118,0.2076,-0.0648,-0.9761,-0.2102,-0.5981,0.4599,0.7832,0,0,Lateral Rollover (360°),Rollover Flips
28319.7,2026-10-03T11:23:37Z,-0.0986,-0.0308,-0.0433,1.0985,0.1120,0.0869,-0.0990,-1.0236,1.0321,0.1855,-0.0681,-0.9803,0.3444,-1.5405,0.3581,1.6187,0,0,Lateral Rollover (360°),Rollover Flips
28340.0,2026-10-03T11:23:37Z,-0.1241,-0.0834,0.0378,1.5126,0.1542,0.0238,-0.1614,-0.9482,0.9621,0.1479,-0.0781,-0.9859,0.5047,-2.1850,0.0350,2.2428,0,0,Lateral Rollover (360°),Rollover Flips
28360.1,2026-10-03T11:23:37Z,-0.0778,-0.0627,0.1055,1.4248,0.1453,0.0245,-0.1477,-0.8857,0.8982,0.1024,-0.0850,-0.9911,0.1584,-2.2871,-0.1038,2.2949,0,0,Lateral Rollover (360°),Rollover Flips
28380.0,2026-10-03T11:23:37Z,-0.1167,0.0637,-0.1471,1.9447,0.1983,-0.0224,-0.0105,-1.1399,1.1402,0.0943,-0.0741,-0.9928,-1.2807,1.5273,0.1921,2.0024,0,0,Lateral Rollover (360°),Rollover Flips
28400.2,2026-10-03T11:23:37Z,-0.0500,0.0199,-0.0114,0.5397,0.0550,0.0781,-0.0342,-1.0017,1.0053,0.1281,-0.0541,-0.9903,-0.9797,1.7390,0.1197,1.9996,0,0,Lateral Rollover (360°),Rollover Flips
28420.3,2026-10-03T11:23:37Z,-0.0313,-0.0263,0.0300,0.4970,0.0507,0.1272,-0.0604,-0.9568,0.9671,0.1584,-0.0341,-0.9868,-0.9655,1.2166,0.1675,1.5622,0,0,Lateral Rollover (360°),Rollover Flips
28440.6,2026-10-03T11:23:37Z,0.0463,0.0302,0.0125,0.5562,0.0567,0.2242,0.0131,-0.9714,0.9970,0.1779,-0.0171,-0.9839,-0.8113,0.7242,0.3271,1.1357,0,0,Lateral Rollover (360°),Rollover Flips
28460.6,2026-10-03T11:23:37Z,0.0128,-0.0051,0.0578,0.5827,0.0594,0.1984,-0.0100,-0.9248,0.9459,0.1856,-0.0049,-0.9826,-0.5752,0.0831,0.3311,0.6689,0,0,Lateral Rollover (360°),Rollover Flips
28480.6,2026-10-03T11:23:37Z,-0.0320,-0.0174,0.0209,0.4117,0.0420,0.1531,-0.0123,-0.9618,0.9740,0.1851,0.0051,-0.9827,-0.6239,-0.0399,0.2687,0.6804,0,0,Lateral Rollover (360°),Rollover Flips
28500.8,2026-10-03T11:23:37Z,-0.0555,-0.0023,0.0185,0.5743,0.0586,0.1348,0.0177,-0.9630,0.9726,0.1903,0.0200,-0.9815,-0.9909,0.6384,0.2493,1.2049,0,0,Lateral Rollover (360°),Rollover Flips
28520.7,2026-10-03T11:23:37Z,-0.0597,0.0028,0.0620,0.8441,0.0861,0.1528,0.0447,-0.9143,0.9280,0.2125,0.0420,-0.9763,-1.3687,1.4850,0.3559,2.0506,0,0,Lateral Rollover (360°),Rollover Flips
28540.9,2026-10-03T11:23:37Z,-0.1358,-0.0391,0.0289,1.4142,0.1442,0.1058,0.0303,-0.9390,0.9454,0.2416,0.0694,-0.9679,-1.4897,1.3188,0.1999,1.9996,0,0,Lateral Rollover (360°),Rollover Flips
28561.0,2026-10-03T11:23:37Z,-0.1153,-0.0339,-0.0605,1.3195,0.1346,0.1452,0.0603,-1.0213,1.0334,0.2605,0.0942,-0.9609,-0.9815,0.5258,-0.2067,1.1325,0,0,Lateral Rollover (360°),Rollover Flips
28581.1,2026-10-03T11:23:37Z,-0.0671,0.0374,-0.1595,1.7363,0.1771,0.1907,0.1453,-1.1196,1.1450,0.2578,0.1079,-0.9602,-0.2152,-0.6869,-0.4023,0.8247,0,0,Lateral Rollover (360°),Rollover Flips
28608.0,2026-10-03T11:23:37Z,-0.3356,-0.0418,-0.2210,3.9619,0.4040,-0.1064,0.0634,-1.1886,1.1951,0.2292,0.1052,-0.9677,0.7783,-2.4097,-1.0895,2.7567,0,0,Lateral Rollover (360°),Rollover Flips
28621.4,2026-10-03T11:23:37Z,-0.3332,-0.0543,-0.4595,5.5918,0.5702,-0.1589,0.0343,-1.4402,1.4494,0.1743,0.0886,-0.9807,1.2384,-3.6686,-2.1113,4.4101,0,0,Lateral Rollover (360°),Rollover Flips
28641.4,2026-10-03T11:23:37Z,0.3036,-0.0772,-0.2534,3.9510,0.4029,0.3842,-0.0027,-1.2473,1.3052,0.0807,0.0745,-0.9939,0.5783,-5.5836,-1.4276,5.7922,0,1,Lateral Rollover (360°),Rollover Flips
28661.5,2026-10-03T11:23:37Z,-0.0373,-0.1272,-0.5343,5.3984,0.5505,-0.1026,-0.0623,-1.5300,1.5347,-0.0652,0.0649,-0.9958,0.8344,-9.2149,-0.6884,9.2781,0,1,Lateral Rollover (360°),Rollover Flips
28681.7,2026-10-03T11:23:37Z,-1.0263,-0.1191,-1.6898,19.4235,1.9806,-1.3502,-0.1112,-2.6359,2.9637,-0.3239,0.0079,-0.9461,5.2979,-18.3253,-2.7159,19.2681,0,1,Lateral Rollover (360°),Rollover Flips
28705.4,2026-10-03T11:23:37Z,-1.4076,-0.1741,-2.1974,25.6480,2.6154,-2.1216,-0.3720,-2.8690,3.5876,-0.7140,-0.1979,-0.6717,12.3609,-28.9233,-7.5507,32.3475,0,1,Lateral Rollover (360°),Rollover Flips
28721.9,2026-10-03T11:23:37Z,-0.3332,0.0501,-0.2865,4.3373,0.4423,-1.2267,-0.3949,-0.3465,1.3344,-0.8935,-0.4450,-0.0600,10.5668,-32.5350,-9.0740,35.3910,0,1,Lateral Rollover (360°),Rollover Flips
28741.9,2026-10-03T11:23:37Z,-1.2064,0.3986,-1.3927,18.4873,1.8852,-1.8776,-0.1461,-0.8901,2.0831,-0.6713,-0.5448,0.5026,4.8775,-26.0325,-7.1569,27.4354,0,1,Lateral Rollover (360°),Rollover Flips
28762.1,2026-10-03T11:23:37Z,-1.0249,0.1382,-3.9098,39.6611,4.0443,-1.3522,-0.4218,-3.1488,3.4527,-0.3273,-0.5601,0.7611,3.6812,-15.0449,-5.8858,16.5694,0,1,Lateral Rollover (360°),Rollover Flips
28782.2,2026-10-03T11:23:37Z,0.8814,0.8008,-3.5230,36.4687,3.7188,0.7599,0.2935,-2.6698,2.7913,-0.1215,-0.5073,0.8532,5.4069,-5.1668,-2.9140,8.0263,0,1,Lateral Rollover (360°),Rollover Flips
28804.4,2026-10-03T11:23:37Z,0.9496,1.0366,-1.4209,19.6011,1.9988,0.9003,0.6272,-0.5098,1.2099,-0.0493,-0.4093,0.9111,5.6220,-2.6087,-0.1512,6.1996,0,1,Lateral Rollover (360°),Rollover Flips
28822.4,2026-10-03T11:23:37Z,-0.3604,0.1725,-0.1977,4.3716,0.4458,-0.3526,-0.1408,0.7519,0.8423,0.0077,-0.3133,0.9496,4.3883,-3.9122,-1.2494,6.0103,0,1,Lateral Rollover (360°),Rollover Flips
28842.4,2026-10-03T11:23:37Z,-0.1317,0.2219,-0.0649,2.6090,0.2660,-0.0088,-0.0154,0.8987,0.8989,0.1229,-0.2372,0.9637,3.4898,-6.1945,-2.7744,7.6321,0,1,Lateral Rollover (360°),Rollover Flips
28862.7,2026-10-03T11:23:37Z,0.2992,0.5166,-0.2276,6.2653,0.6389,0.5426,0.3551,0.7287,0.9755,0.2435,-0.1615,0.9564,3.2813,-4.8989,-2.6869,6.4796,0,1,Lateral Rollover (360°),Rollover Flips
28882.9,2026-10-03T11:23:37Z,0.2892,0.5197,-0.3309,6.6751,0.6807,0.6119,0.4358,0.6118,0.9688,0.3226,-0.0840,0.9428,3.5491,-2.4254,-2.1958,4.8270,0,1,Lateral Rollover (360°),Rollover Flips
28906.8,2026-10-03T11:23:37Z,0.3205,0.2951,0.3320,5.3716,0.5478,0.6540,0.2954,1.2747,1.4628,0.3335,0.0003,0.9428,3.6089,1.0965,-1.6034,4.0985,0,1,Lateral Rollover (360°),Rollover Flips
28922.9,2026-10-03T11:23:37Z,0.4718,0.1593,1.2842,13.5070,1.3773,0.7791,0.2184,2.2339,2.3760,0.3072,0.0591,0.9498,1.5800,0.9122,-0.6320,1.9308,0,1,Lateral Rollover (360°),Rollover Flips
28943.0,2026-10-03T11:23:37Z,0.0435,-0.0962,1.0766,10.6088,1.0818,0.3583,-0.0232,2.0230,2.0546,0.3148,0.0730,0.9463,-0.0757,-1.7679,-0.5250,1.8458,0,1,Lateral Rollover (360°),Rollover Flips
28963.4,2026-10-03T11:23:37Z,-0.0910,0.1325,0.2044,2.5503,0.2601,0.2700,0.2045,1.1342,1.1837,0.3610,0.0720,0.9298,-0.3365,-2.7370,-0.6184,2.8261,0,1,Lateral Rollover (360°),Rollover Flips
28983.3,2026-10-03T11:23:37Z,-0.0785,0.2078,-0.4850,5.2313,0.5334,0.3164,0.2816,0.4308,0.6041,0.3949,0.0738,0.9157,0.2039,-0.3771,-0.1210,0.4455,0,0,Lateral Rollover (360°),Rollover Flips
29004.9,2026-10-03T11:23:37Z,-0.1293,-0.0211,-0.2433,2.7095,0.2763,0.2319,0.0537,0.6862,0.7263,0.3612,0.0748,0.9295,-0.1639,3.9925,0.3078,4.0077,0,1,Lateral Rollover (360°),Rollover Flips
29023.4,2026-10-03T11:23:37Z,0.2639,0.0240,-0.0436,2.6333,0.2685,0.5220,0.0803,0.9209,1.0616,0.2582,0.0563,0.9645,-1.3533,6.5811,1.2202,6.8287,0,1,Lateral Rollover (360°),Rollover Flips
29043.6,2026-10-03T11:23:38Z,-0.0437,-0.1150,-0.4594,4.6642,0.4756,0.0635,-0.0995,0.5347,0.5476,0.1072,0.0155,0.9941,-2.1451,9.0147,1.4896,9.3853,0,1,Lateral Rollover (360°),Rollover Flips
29063.8,2026-10-03T11:23:38Z,-0.2740,-0.0872,-0.5660,6.2257,0.6348,-0.3844,-0.1216,0.4273,0.5875,-0.1103,-0.0344,0.9933,-2.9308,12.8615,1.6093,13.2890,0,1,Lateral Rollover (360°),Rollover Flips
29083.8,2026-10-03T11:23:38Z,-0.7339,-0.1834,-0.2457,7.8002,0.7954,-1.1366,-0.2784,0.6647,1.3458,-0.4027,-0.0950,0.9104,-4.0459,17.2851,1.2755,17.7980,0,1,Lateral Rollover (360°),Rollover Flips
29105.4,2026-10-03T11:23:38Z,-0.4421,0.1865,0.0924,4.7918,0.4886,-1.1684,0.0370,0.7633,1.3961,-0.7263,-0.1496,0.6709,-4.9881,22.7516,2.0250,23.3798,0,1,Lateral Rollover (360°),Rollover Flips
29123.9,2026-10-03T11:23:38Z,-0.3941,0.1480,0.6493,7.5882,0.7738,-1.3592,-0.0117,0.8567,1.6067,-0.9651,-0.1597,0.2075,-6.8402,27.5670,2.5173,28.5143,0,1,Lateral Rollover (360°),Rollover Flips
29144.0,2026-10-03T11:23:38Z,-0.4021,-0.4013,0.3156,6.3735,0.6499,-1.3369,-0.5109,-0.0221,1.4314,-0.9348,-0.1096,-0.3378,-7.4838,24.8483,1.0743,25.9731,0,1,Lateral Rollover (360°),Rollover Flips
29164.3,2026-10-03T11:23:38Z,-0.6795,-0.0775,-0.2132,7.0249,0.7163,-1.3733,-0.1229,-0.9319,1.6642,-0.6939,-0.0455,-0.7187,-3.8003,19.4395,-0.8391,19.8252,0,1,Lateral Rollover (360°),Rollover Flips
29184.6,2026-10-03T11:23:38Z,-0.9110,0.2387,0.4741,10.3398,1.0544,-1.3271,0.2023,-0.4345,1.4110,-0.4161,-0.0363,-0.9086,-0.0109,14.4383,-2.3523,14.6287,0,1,Lateral Rollover (360°),Rollover Flips
29204.7,2026-10-03T11:23:38Z,-0.0884,0.1728,1.3885,13.7491,1.4020,-0.2558,0.1144,0.4044,0.4920,-0.1674,-0.0583,-0.9842,0.1298,11.3229,-2.6746,11.6352,0,1,Lateral Rollover (360°),Rollover Flips
29224.5,2026-10-03T11:23:38Z,0.4683,0.2747,1.2669,13.5167,1.3783,0.4883,0.2294,0.2681,0.6024,0.0200,-0.0453,-0.9988,-1.6448,6.9708,-2.1651,7.4823,0,1,Lateral Rollover (360°),Rollover Flips
29244.6,2026-10-03T11:23:38Z,0.5094,0.0451,0.1607,5.2572,0.5361,0.6301,0.0322,-0.8319,1.0441,0.1207,-0.0129,-0.9926,-0.9231,3.2314,-1.3681,3.6285,0,0,Lateral Rollover (360°),Rollover Flips
29264.7,2026-10-03T11:23:38Z,0.4079,0.1318,-0.0615,4.2467,0.4330,0.5655,0.1252,-1.0490,1.1983,0.1576,-0.0066,-0.9875,0.4688,0.5308,-0.7882,1.0597,0,0,Lateral Rollover (360°),Rollover Flips
29284.8,2026-10-03T11:23:38Z,0.1935,0.0072,-0.0299,1.9212,0.1959,0.3409,-0.0143,-1.0188,1.0744,0.1474,-0.0214,-0.9888,1.1303,-1.3570,-0.6222,1.8724,0,0,Lateral Rollover (360°),Rollover Flips
29305.4,2026-10-03T11:23:38Z,-0.0250,-0.1053,0.1140,1.5418,0.1572,0.0882,-0.1463,-0.8787,0.8952,0.1132,-0.0410,-0.9927,0.8551,-1.9377,-0.7616,2.2508,0,0,Lateral Rollover (360°),Rollover Flips
29325.0,2026-10-03T11:23:38Z,-0.0185,-0.1325,0.0743,1.5002,0.1530,0.0585,-0.1795,-0.9217,0.9408,0.0769,-0.0471,-0.9959,-0.1059,-1.6072,-0.8027,1.7997,0,0,Lateral Rollover (360°),Rollover Flips
29345.0,2026-10-03T11:23:38Z,0.0980,-0.0023,-0.2015,2.1978,0.2241,0.1515,-0.0396,-1.1994,1.2096,0.0535,-0.0373,-0.9979,-0.6652,-0.8306,-0.4171,1.1430,0,0,Lateral Rollover (360°),Rollover Flips
29365.4,2026-10-03T11:23:38Z,0.0589,0.0292,-0.4031,4.0053,0.4084,0.1024,0.0043,-1.4018,1.4056,0.0434,-0.0249,-0.9987,-0.4602,-0.1914,0.0351,0.4996,0,0,Lateral Rollover (360°),Rollover Flips
29385.3,2026-10-03T11:23:38Z,-0.0570,-0.0376,-0.3133,3.1442,0.3206,-0.0139,-0.0566,-1.3121,1.3134,0.0432,-0.0190,-0.9989,-0.1894,0.0695,0.2294,0.3055,0,0,Lateral Rollover (360°),Rollover Flips
29405.5,2026-10-03T11:23:38Z,-0.1230,-0.0905,-0.2146,2.5831,0.2634,-0.0795,-0.1073,-1.2135,1.2209,0.0435,-0.0167,-0.9989,-0.0565,-0.0811,0.1518,0.1812,0,0,Lateral Rollover (360°),Rollover Flips
29425.6,2026-10-03T11:23:38Z,-0.1115,-0.0929,-0.1814,2.2785,0.2323,-0.0742,-0.1101,-1.1806,1.1880,0.0373,-0.0172,-0.9992,0.1149,-0.5661,-0.0170,0.5779,0,0,Lateral Rollover (360°),Rollover Flips
29445.7,2026-10-03T11:23:38Z,-0.0699,-0.0723,-0.1782,2.0069,0.2047,-0.0490,-0.0942,-1.1778,1.1826,0.0209,-0.0219,-0.9995,0.3637,-1.0190,-0.1125,1.0877,0,0,Lateral Rollover (360°),Rollover Flips
29465.7,2026-10-03T11:23:38Z,-0.0703,-0.0490,-0.1536,1.7253,0.1759,-0.0707,-0.0799,-1.1532,1.1581,-0.0003,-0.0309,-0.9995,0.5224,-1.0053,-0.1111,1.1384,0,0,Lateral Rollover (360°),Rollover Flips
29486.2,2026-10-03T11:23:38Z,-0.0778,-0.0341,-0.0896,1.2106,0.1234,-0.0928,-0.0753,-1.0886,1.0951,-0.0150,-0.0412,-0.9990,0.4646,-0.4199,-0.0114,0.6263,0,0,Lateral Rollover (360°),Rollover Flips
29507.6,2026-10-03T11:23:38Z,-0.0904,-0.0468,-0.0092,1.0021,0.1022,-0.1075,-0.0948,-1.0079,1.0180,-0.0171,-0.0479,-0.9987,0.1905,0.1999,0.0479,0.2802,0,0,Lateral Rollover (360°),Rollover Flips
29526.0,2026-10-03T11:23:38Z,-0.0716,-0.0507,0.0238,0.8911,0.0909,-0.0807,-0.0997,-0.9750,0.9834,-0.0091,-0.0490,-0.9988,-0.0531,0.5264,0.0235,0.5296,0,0,Lateral Rollover (360°),Rollover Flips
29546.4,2026-10-03T11:23:38Z,-0.0147,-0.0263,-0.0060,0.3010,0.0307,-0.0126,-0.0734,-1.0049,1.0077,0.0021,-0.0472,-0.9989,-0.0896,0.5513,0.0098,0.5586,0,0,Lateral Rollover (360°),Rollover Flips
29566.3,2026-10-03T11:23:38Z,0.0101,-0.0124,-0.0211,0.2599,0.0265,0.0211,-0.0591,-1.0200,1.0219,0.0110,-0.0467,-0.9988,0.0692,0.2915,0.0037,0.2996,0,0,Lateral Rollover (360°),Rollover Flips
29586.6,2026-10-03T11:23:38Z,0.0007,-0.0099,-0.0265,0.2773,0.0283,0.0144,-0.0599,-1.0251,1.0270,0.0137,-0.0499,-0.9987,0.2421,-0.0100,-0.0476,0.2469,0,0,Lateral Rollover (360°),Rollover Flips
29606.5,2026-10-03T11:23:38Z,-0.0182,-0.0121,-0.0325,0.3843,0.0392,-0.0060,-0.0679,-1.0309,1.0331,0.0122,-0.0558,-0.9984,0.3205,-0.0764,-0.1034,0.3453,0,0,Lateral Rollover (360°),Rollover Flips
29626.4,2026-10-03T11:23:38Z,-0.0042,-0.0155,-0.0044,0.1637,0.0167,0.0091,-0.0770,-1.0025,1.0054,0.0133,-0.0614,-0.9980,0.2200,0.1923,-0.1238,0.3173,0,0,Lateral Rollover (360°),Rollover Flips
29646.8,2026-10-03T11:23:38Z,0.0210,-0.0143,0.0345,0.4208,0.0429,0.0408,-0.0781,-0.9632,0.9672,0.0197,-0.0637,-0.9978,0.0167,0.4033,-0.0770,0.4109,0,0,Lateral Rollover (360°),Rollover Flips
29666.9,2026-10-03T11:23:38Z,0.0277,-0.0118,0.0263,0.3919,0.0400,0.0562,-0.0744,-0.9714,0.9758,0.0285,-0.0626,-0.9976,-0.1040,0.4069,-0.0333,0.4213,0,0,Lateral Rollover (360°),Rollover Flips
29687.0,2026-10-03T11:23:38Z,0.0289,0.0064,-0.0403,0.4904,0.0500,0.0638,-0.0547,-1.0378,1.0412,0.0349,-0.0611,-0.9975,-0.0015,0.2283,-0.0409,0.2319,0,0,Lateral Rollover (360°),Rollover Flips
29707.0,2026-10-03T11:23:38Z,0.0262,0.0164,-0.0584,0.6478,0.0661,0.0640,-0.0471,-1.0556,1.0586,0.0378,-0.0635,-0.9973,0.2449,0.0518,-0.0385,0.2533,0,0,Lateral Rollover (360°),Rollover Flips
29727.1,2026-10-03T11:23:38Z,0.0281,0.0035,-0.0026,0.2791,0.0285,0.0653,-0.0661,-0.9995,1.0038,0.0371,-0.0697,-0.9969,0.3443,-0.1131,-0.0380,0.3644,0,0,Lateral Rollover (360°),Rollover Flips
29747.2,2026-10-03T11:23:38Z,0.0395,0.0056,0.0290,0.4835,0.0493,0.0734,-0.0710,-0.9675,0.9729,0.0339,-0.0766,-0.9965,0.3424,-0.2000,-0.0141,0.3968,0,0,Lateral Rollover (360°),Rollover Flips
29767.4,2026-10-03T11:23:38Z,0.0267,-0.0024,0.0546,0.5964,0.0608,0.0562,-0.0853,-0.9415,0.9470,0.0295,-0.0829,-0.9961,0.2736,-0.2496,0.0047,0.3703,0,0,Lateral Rollover (360°),Rollover Flips
29787.5,2026-10-03T11:23:38Z,-0.0007,-0.0082,0.0508,0.5051,0.0515,0.0235,-0.0953,-0.9451,0.9502,0.0241,-0.0871,-0.9959,0.1484,-0.2635,-0.0262,0.3035,0,0,Lateral Rollover (360°),Rollover Flips
29807.4,2026-10-03T11:23:38Z,-0.0143,0.0008,0.0078,0.1601,0.0163,0.0055,-0.0881,-0.9881,0.9920,0.0199,-0.0889,-0.9958,0.0528,-0.1538,-0.0582,0.1727,0,0,Lateral Rollover (360°),Rollover Flips
29827.5,2026-10-03T11:23:38Z,0.0048,0.0131,-0.0182,0.2245,0.0229,0.0236,-0.0764,-1.0140,1.0171,0.0188,-0.0895,-0.9958,0.0133,0.0204,-0.0371,0.0444,0,0,Lateral Rollover (360°),Rollover Flips
29847.8,2026-10-03T11:23:38Z,0.0114,0.0132,-0.0131,0.2139,0.0218,0.0313,-0.0765,-1.0089,1.0122,0.0199,-0.0897,-0.9958,0.0209,0.0667,-0.0016,0.0699,0,0,Lateral Rollover (360°),Rollover Flips
29868.0,2026-10-03T11:23:38Z,0.0099,0.0111,-0.0109,0.1806,0.0184,0.0305,-0.0796,-1.0066,1.0102,0.0206,-0.0907,-0.9957,0.0901,-0.0176,0.0201,0.0939,0,0,Lateral Rollover (360°),Rollover Flips
29888.0,2026-10-03T11:23:38Z,-0.0021,0.0008,0.0005,0.0227,0.0023,0.0166,-0.0924,-0.9950,0.9994,0.0187,-0.0932,-0.9955,0.1537,-0.1660,0.0060,0.2264,0,0,Lateral Rollover (360°),Rollover Flips
29907.9,2026-10-03T11:23:38Z,0.0079,0.0018,0.0023,0.0822,0.0084,0.0220,-0.0947,-0.9930,0.9977,0.0141,-0.0965,-0.9952,0.1783,-0.2939,-0.0159,0.3441,0,0,Lateral Rollover (360°),Rollover Flips
29928.0,2026-10-03T11:23:38Z,0.0177,0.0034,0.0033,0.1799,0.0183,0.0251,-0.0969,-0.9917,0.9967,0.0074,-0.1003,-0.9949,0.1970,-0.3655,-0.0111,0.4154,0,0,Lateral Rollover (360°),Rollover Flips
29948.4,2026-10-03T11:23:38Z,0.0168,0.0025,0.0013,0.1673,0.0171,0.0172,-0.1015,-0.9932,0.9986,0.0004,-0.1039,-0.9946,0.1580,-0.3119,0.0037,0.3497,0,0,Lateral Rollover (360°),Rollover Flips
29968.5,2026-10-03T11:23:38Z,0.0172,0.0069,-0.0188,0.2591,0.0264,0.0130,-0.0997,-1.0131,1.0181,-0.0043,-0.1066,-0.9943,0.1186,-0.1510,0.0014,0.1920,0,0,Lateral Rollover (360°),Rollover Flips
29988.6,2026-10-03T11:23:38Z,0.0166,0.0157,-0.0318,0.3840,0.0392,0.0104,-0.0932,-1.0259,1.0302,-0.0061,-0.1089,-0.9940,0.1166,-0.0453,0.0356,0.1301,0,0,Lateral Rollover (360°),Rollover Flips
30008.6,2026-10-03T11:23:38Z,0.0004,0.0093,-0.0378,0.3821,0.0390,-0.0062,-0.1022,-1.0316,1.0366,-0.0066,-0.1116,-0.9937,0.1619,0.0015,0.0452,0.1681,0,0,Lateral Rollover (360°),Rollover Flips
30029.1,2026-10-03T11:23:38Z,-0.0050,-0.0049,-0.0108,0.1259,0.0128,-0.0113,-0.1202,-1.0041,1.0113,-0.0064,-0.1153,-0.9933,0.1989,0.0279,0.0075,0.2010,0,0,Lateral Rollover (360°),Rollover Flips
30048.9,2026-10-03T11:23:39Z,-0.0008,-0.0244,0.0433,0.4879,0.0498,-0.0063,-0.1429,-0.9496,0.9603,-0.0056,-0.1184,-0.9929,0.0899,0.0647,-0.0581,0.1251,0,0,Lateral Rollover (360°),Rollover Flips
30069.0,2026-10-03T11:23:39Z,0.0049,-0.0198,0.0488,0.5184,0.0529,0.0015,-0.1380,-0.9442,0.9542,-0.0034,-0.1182,-0.9930,-0.1005,0.1209,-0.0591,0.1680,0,0,Lateral Rollover (360°),Rollover Flips
30089.1,2026-10-03T11:23:39Z,-0.0030,-0.0108,0.0152,0.1853,0.0189,-0.0033,-0.1261,-0.9781,0.9862,-0.0003,-0.1153,-0.9933,-0.1772,0.1932,-0.0104,0.2623,0,0,Lateral Rollover (360°),Rollover Flips
30108.9,2026-10-03T11:23:39Z,-0.0174,-0.0160,0.0015,0.2326,0.0237,-0.0132,-0.1275,-0.9923,1.0005,0.0042,-0.1115,-0.9938,-0.2001,0.2504,0.0033,0.3206,0,0,Lateral Rollover (360°),Rollover Flips
30129.2,2026-10-03T11:23:39Z,-0.0220,-0.0107,-0.0138,0.2755,0.0281,-0.0125,-0.1182,-1.0080,1.0150,0.0095,-0.1075,-0.9942,-0.1853,0.2647,-0.0049,0.3231,0,0,Lateral Rollover (360°),Rollover Flips
30149.3,2026-10-03T11:23:39Z,-0.0266,-0.0130,-0.0097,0.3050,0.0311,-0.0119,-0.1173,-1.0041,1.0110,0.0146,-0.1043,-0.9944,-0.1286,0.2471,-0.0229,0.2795,0,0,Lateral Rollover (360°),Rollover Flips
30169.5,2026-10-03T11:23:39Z,-0.0214,-0.0198,0.0221,0.3587,0.0366,-0.0021,-0.1219,-0.9725,0.9801,0.0193,-0.1021,-0.9946,-0.1097,0.1977,-0.0454,0.2306,0,0,Lateral Rollover (360°),Rollover Flips
30189.6,2026-10-03T11:23:39Z,-0.0102,-0.0224,0.0398,0.4592,0.0468,0.0121,-0.1217,-0.9550,0.9628,0.0223,-0.0993,-0.9948,-0.1639,0.0889,-0.0758,0.2013,0,0,Lateral Rollover (360°),Rollover Flips
30210.3,2026-10-03T11:23:39Z,-0.0015,-0.0131,0.0124,0.1775,0.0181,0.0217,-0.1088,-0.9827,0.9890,0.0232,-0.0957,-0.9951,-0.1785,-0.0057,-0.1038,0.2066,0,0,Lateral Rollover (360°),Rollover Flips
30229.7,2026-10-03T11:23:39Z,0.0117,-0.0028,-0.0118,0.1656,0.0169,0.0347,-0.0952,-1.0073,1.0124,0.0229,-0.0924,-0.9955,-0.1403,-0.0515,-0.0950,0.1771,0,0,Lateral Rollover (360°),Rollover Flips
30249.9,2026-10-03T11:23:39Z,0.0204,0.0048,-0.0145,0.2502,0.0255,0.0415,-0.0852,-1.0102,1.0147,0.0211,-0.0900,-0.9957,-0.0914,-0.1523,-0.0598,0.1874,0,0,Lateral Rollover (360°),Rollover Flips
30270.1,2026-10-03T11:23:39Z,0.0220,0.0056,-0.0137,0.2601,0.0265,0.0393,-0.0830,-1.0096,1.0138,0.0173,-0.0886,-0.9959,-0.0491,-0.2289,-0.0249,0.2354,0,0,Lateral Rollover (360°),Rollover Flips
30290.2,2026-10-03T11:23:39Z,0.0065,0.0088,-0.0157,0.1879,0.0192,0.0192,-0.0790,-1.0118,1.0150,0.0127,-0.0878,-0.9961,-0.0349,-0.2050,-0.0005,0.2080,0,0,Lateral Rollover (360°),Rollover Flips
30310.2,2026-10-03T11:23:39Z,-0.0017,-0.0048,0.0097,0.1075,0.0110,0.0078,-0.0915,-0.9865,0.9907,0.0095,-0.0867,-0.9962,-0.0910,-0.1240,0.0019,0.1538,0,0,Lateral Rollover (360°),Rollover Flips
30330.3,2026-10-03T11:23:39Z,0.0123,-0.0002,0.0094,0.1520,0.0155,0.0199,-0.0839,-0.9870,0.9908,0.0075,-0.0837,-0.9965,-0.1947,-0.0809,-0.0111,0.2111,0,0,Lateral Rollover (360°),Rollover Flips
30350.4,2026-10-03T11:23:39Z,0.0174,0.0172,-0.0197,0.3079,0.0314,0.0238,-0.0622,-1.0165,1.0187,0.0064,-0.0794,-0.9968,-0.2207,-0.0224,0.0091,0.2221,0,0,Lateral Rollover (360°),Rollover Flips
30370.4,2026-10-03T11:23:39Z,0.0211,0.0164,-0.0163,0.3071,0.0313,0.0279,-0.0587,-1.0135,1.0156,0.0067,-0.0751,-0.9972,-0.2158,0.0506,0.0517,0.2276,0,0,Lateral Rollover (360°),Rollover Flips
30390.5,2026-10-03T11:23:39Z,0.0159,0.0046,-0.0120,0.2005,0.0204,0.0233,-0.0660,-1.0094,1.0119,0.0074,-0.0706,-0.9975,-0.2198,-0.0168,0.0605,0.2286,0,0,Lateral Rollover (360°),Rollover Flips
30410.7,2026-10-03T11:23:39Z,0.0113,0.0083,-0.0444,0.4567,0.0466,0.0166,-0.0589,-1.0421,1.0439,0.0054,-0.0672,-0.9977,-0.0997,-0.1714,0.0237,0.1997,0,0,Lateral Rollover (360°),Rollover Flips
30431.0,2026-10-03T11:23:39Z,0.0153,0.0177,-0.0525,0.5635,0.0575,0.0162,-0.0492,-1.0502,1.0515,0.0009,-0.0669,-0.9978,0.0702,-0.2559,0.0093,0.2655,0,0,Lateral Rollover (360°),Rollover Flips
30450.9,2026-10-03T11:23:39Z,0.0089,0.0086,-0.0180,0.2143,0.0218,0.0050,-0.0607,-1.0156,1.0174,-0.0039,-0.0693,-0.9976,0.1375,-0.2175,0.0019,0.2573,0,0,Lateral Rollover (360°),Rollover Flips
30471.0,2026-10-03T11:23:39Z,0.0085,-0.0038,0.0284,0.2934,0.0299,0.0006,-0.0751,-0.9690,0.9719,-0.0078,-0.0712,-0.9974,0.0382,-0.1771,0.0002,0.1812,0,0,Lateral Rollover (360°),Rollover Flips
30491.1,2026-10-03T11:23:39Z,0.0162,-0.0023,0.0166,0.2283,0.0233,0.0055,-0.0728,-0.9809,0.9836,-0.0107,-0.0704,-0.9975,-0.1052,-0.0911,0.0026,0.1392,0,0,Lateral Rollover (360°),Rollover Flips
30511.1,2026-10-03T11:23:39Z,0.0079,-0.0038,-0.0165,0.1835,0.0187,-0.0028,-0.0713,-1.0142,1.0167,-0.0107,-0.0675,-0.9977,-0.1740,0.1107,0.0105,0.2065,0,0,Lateral Rollover (360°),Rollover Flips
30531.2,2026-10-03T11:23:39Z,-0.0141,-0.0071,-0.0305,0.3373,0.0344,-0.0207,-0.0708,-1.0285,1.0311,-0.0066,-0.0637,-0.9980,-0.1998,0.2507,-0.0727,0.3288,0,0,Lateral Rollover (360°),Rollover Flips
30551.6,2026-10-03T11:23:39Z,0.0016,0.0146,-0.0431,0.4464,0.0455,0.0005,-0.0458,-1.0412,1.0423,-0.0011,-0.0605,-0.9982,-0.1070,0.2909,-0.0585,0.3154,0,0,Lateral Rollover (360°),Rollover Flips
30571.6,2026-10-03T11:23:39Z,0.0114,0.0080,-0.0121,0.1806,0.0184,0.0158,-0.0510,-1.0103,1.0117,0.0045,-0.0590,-0.9982,-0.0496,0.2362,-0.0069,0.2414,0,0,Lateral Rollover (360°),Rollover Flips
30591.6,2026-10-03T11:23:39Z,0.0185,-0.0038,0.0045,0.1905,0.0194,0.0266,-0.0620,-0.9938,0.9961,0.0081,-0.0582,-0.9983,-0.0274,0.1239,0.0178,0.1281,0,0,Lateral Rollover (360°),Rollover Flips
30611.8,2026-10-03T11:23:39Z,0.0039,-0.0226,0.0244,0.3282,0.0335,0.0141,-0.0800,-0.9739,0.9773,0.0101,-0.0575,-0.9983,-0.0692,0.0966,-0.0040,0.1189,0,0,Lateral Rollover (360°),Rollover Flips
30632.1,2026-10-03T11:23:39Z,0.0080,-0.0110,0.0199,0.2366,0.0241,0.0195,-0.0661,-0.9785,0.9809,0.0115,-0.0551,-0.9984,-0.1593,0.0272,-0.0155,0.1624,0,0,Lateral Rollover (360°),Rollover Flips
30652.0,2026-10-03T11:23:39Z,0.0139,0.0062,-0.0089,0.1728,0.0176,0.0258,-0.0455,-1.0075,1.0089,0.0119,-0.0517,-0.9986,-0.1620,0.0213,0.0052,0.1634,0,0,Lateral Rollover (360°),Rollover Flips
30672.2,2026-10-03T11:23:39Z,0.0151,0.0111,-0.0149,0.2347,0.0239,0.0272,-0.0377,-1.0136,1.0147,0.0121,-0.0488,-0.9987,-0.1238,-0.0123,0.0236,0.1267,0,0,Lateral Rollover (360°),Rollover Flips
30692.2,2026-10-03T11:23:39Z,0.0123,0.0195,-0.0362,0.4206,0.0429,0.0231,-0.0278,-1.0350,1.0356,0.0108,-0.0472,-0.9988,-0.0226,-0.1096,0.0572,0.1257,0,0,Lateral Rollover (360°),Rollover Flips
30712.1,2026-10-03T11:23:39Z,0.0047,0.0177,-0.0333,0.3730,0.0380,0.0128,-0.0303,-1.0321,1.0327,0.0081,-0.0480,-0.9988,0.0923,-0.1641,0.0669,0.1999,0,0,Lateral Rollover (360°),Rollover Flips
30732.5,2026-10-03T11:23:39Z,0.0097,0.0231,-0.0283,0.3708,0.0378,0.0133,-0.0276,-1.0270,1.0275,0.0036,-0.0507,-0.9987,0.1872,-0.2747,0.0758,0.3410,0,0,Lateral Rollover (360°),Rollover Flips
30752.5,2026-10-03T11:23:39Z,0.0142,0.0188,-0.0102,0.2518,0.0257,0.0117,-0.0365,-1.0087,1.0094,-0.0025,-0.0553,-0.9985,0.2443,-0.3087,0.1048,0.4074,0,0,Lateral Rollover (360°),Rollover Flips
30772.7,2026-10-03T11:23:39Z,0.0119,0.0074,0.0140,0.1944,0.0198,0.0038,-0.0520,-0.9842,0.9856,-0.0081,-0.0594,-0.9982,0.1495,-0.2099,0.1199,0.2842,0,0,Lateral Rollover (360°),Rollover Flips
30792.7,2026-10-03T11:23:39Z,0.0089,0.0056,0.0188,0.2109,0.0215,-0.0021,-0.0551,-0.9793,0.9809,-0.0110,-0.0607,-0.9981,-0.0105,-0.0676,0.1571,0.1714,0,0,Lateral Rollover (360°),Rollover Flips
30812.8,2026-10-03T11:23:39Z,-0.0124,-0.0039,0.0026,0.1302,0.0133,-0.0241,-0.0632,-0.9956,0.9979,-0.0117,-0.0593,-0.9982,-0.1064,-0.0133,0.1439,0.1795,0,0,Lateral Rollover (360°),Rollover Flips
30833.0,2026-10-03T11:23:39Z,-0.0142,-0.0001,-0.0268,0.2979,0.0304,-0.0270,-0.0573,-1.0251,1.0271,-0.0128,-0.0573,-0.9983,-0.0742,-0.0842,0.0923,0.1453,0,0,Lateral Rollover (360°),Rollover Flips
30853.1,2026-10-03T11:23:39Z,0.0014,0.0095,-0.0346,0.3519,0.0359,-0.0135,-0.0472,-1.0329,1.0340,-0.0149,-0.0566,-0.9983,0.0115,-0.0981,0.0873,0.1318,0,0,Lateral Rollover (360°),Rollover Flips
30873.1,2026-10-03T11:23:39Z,0.0266,0.0155,-0.0055,0.3065,0.0312,0.0098,-0.0417,-1.0037,1.0046,-0.0168,-0.0572,-0.9982,0.0298,-0.0956,0.1569,0.1861,0,0,Lateral Rollover (360°),Rollover Flips
30893.2,2026-10-03T11:23:39Z,0.0301,0.0095,0.0040,0.3118,0.0318,0.0109,-0.0478,-0.9942,0.9954,-0.0191,-0.0573,-0.9982,-0.0047,-0.1188,0.2147,0.2454,0,0,Lateral Rollover (360°),Rollover Flips
30913.2,2026-10-03T11:23:39Z,0.0181,0.0081,-0.0149,0.2430,0.0248,-0.0045,-0.0492,-1.0130,1.0142,-0.0226,-0.0573,-0.9981,0.0295,-0.2035,0.2519,0.3252,0,0,Lateral Rollover (360°),Rollover Flips
30933.5,2026-10-03T11:23:39Z,-0.0000,-0.0001,-0.0049,0.0479,0.0049,-0.0273,-0.0587,-1.0028,1.0049,-0.0273,-0.0586,-0.9979,0.1024,-0.2256,0.2533,0.3543,0,0,Lateral Rollover (360°),Rollover Flips
30953.6,2026-10-03T11:23:39Z,-0.0039,-0.0104,0.0120,0.1600,0.0163,-0.0359,-0.0706,-0.9857,0.9889,-0.0320,-0.0602,-0.9977,0.0556,-0.2152,0.2232,0.3150,0,0,Lateral Rollover (360°),Rollover Flips
30973.7,2026-10-03T11:23:39Z,-0.0105,-0.0147,0.0046,0.1829,0.0186,-0.0468,-0.0752,-0.9929,0.9968,-0.0363,-0.0605,-0.9975,-0.0062,-0.1794,0.1851,0.2579,0,0,Lateral Rollover (360°),Rollover Flips
30993.7,2026-10-03T11:23:39Z,-0.0169,-0.0081,-0.0118,0.2172,0.0221,-0.0563,-0.0681,-1.0092,1.0131,-0.0394,-0.0600,-0.9974,-0.0263,-0.1104,0.1632,0.1988,0,0,Lateral Rollover (360°),Rollover Flips
31013.8,2026-10-03T11:23:39Z,-0.0071,-0.0091,-0.0066,0.1305,0.0133,-0.0481,-0.0682,-1.0040,1.0075,-0.0410,-0.0590,-0.9974,-0.0603,-0.0251,0.1658,0.1782,0,0,Lateral Rollover (360°),Rollover Flips
31034.0,2026-10-03T11:23:39Z,0.0002,-0.0090,0.0118,0.1462,0.0149,-0.0408,-0.0661,-0.9857,0.9887,-0.0410,-0.0571,-0.9975,-0.1202,0.0211,0.1729,0.2117,0,0,Lateral Rollover (360°),Rollover Flips
31054.1,2026-10-03T11:23:40Z,0.0062,-0.0097,0.0005,0.1131,0.0115,-0.0352,-0.0638,-0.9971,0.9998,-0.0414,-0.0541,-0.9977,-0.1487,-0.0468,0.1757,0.2349,0,0,Lateral Rollover (360°),Rollover Flips
31074.2,2026-10-03T11:23:40Z,-0.0144,-0.0024,-0.0226,0.2638,0.0269,-0.0577,-0.0540,-1.0203,1.0234,-0.0433,-0.0516,-0.9977,-0.0754,-0.1163,0.1403,0.1972,0,0,Lateral Rollover (360°),Rollover Flips
31094.4,2026-10-03T11:23:40Z,-0.0205,0.0000,-0.0290,0.3484,0.0355,-0.0665,-0.0511,-1.0266,1.0300,-0.0460,-0.0511,-0.9976,0.0353,-0.1383,0.0780,0.1627,0,0,Lateral Rollover (360°),Rollover Flips
31114.2,2026-10-03T11:23:40Z,-0.0056,-0.0023,-0.0202,0.2069,0.0211,-0.0546,-0.0548,-1.0176,1.0206,-0.0490,-0.0525,-0.9974,0.0984,-0.1659,0.0487,0.1989,0,0,Lateral Rollover (360°),Rollover Flips
31134.5,2026-10-03T11:23:40Z,0.0075,0.0099,-0.0173,0.2094,0.0213,-0.0449,-0.0449,-1.0145,1.0164,-0.0524,-0.0548,-0.9971,0.1354,-0.1564,0.0429,0.2113,0,0,Lateral Rollover (360°),Rollover Flips
31154.6,2026-10-03T11:23:40Z,0.0100,0.0135,-0.0075,0.1800,0.0184,-0.0453,-0.0441,-1.0043,1.0063,-0.0553,-0.0575,-0.9968,0.1334,-0.1195,0.0739,0.1938,0,0,Lateral Rollover (360°),Rollover Flips
31174.7,2026-10-03T11:23:40Z,0.0100,0.0111,0.0060,0.1581,0.0161,-0.0468,-0.0487,-0.9906,0.9929,-0.0568,-0.0598,-0.9966,0.0999,-0.0357,0.1021,0.1472,0,0,Lateral Rollover (360°),Rollover Flips
31194.7,2026-10-03T11:23:40Z,0.0035,-0.0015,0.0253,0.2513,0.0256,-0.0538,-0.0624,-0.9712,0.9746,-0.0573,-0.0608,-0.9965,0.0117,0.0108,0.1189,0.1200,0,0,Lateral Rollover (360°),Rollover Flips
31214.8,2026-10-03T11:23:40Z,-0.0188,-0.0102,0.0227,0.3057,0.0312,-0.0758,-0.0701,-0.9739,0.9793,-0.0570,-0.0599,-0.9966,-0.0852,0.0142,0.0747,0.1142,0,0,Lateral Rollover (360°),Rollover Flips
31235.1,2026-10-03T11:23:40Z,-0.0080,-0.0007,-0.0167,0.1815,0.0185,-0.0649,-0.0587,-1.0134,1.0171,-0.0569,-0.0580,-0.9967,-0.0802,0.0039,0.0264,0.0845,0,0,Lateral Rollover (360°),Rollover Flips
31255.1,2026-10-03T11:23:40Z,-0.0030,0.0075,-0.0418,0.4172,0.0425,-0.0599,-0.0498,-1.0385,1.0414,-0.0569,-0.0573,-0.9967,0.0156,-0.0060,0.0172,0.0240,0,0,Lateral Rollover (360°),Rollover Flips
31275.2,2026-10-03T11:23:40Z,-0.0050,0.0155,-0.0622,0.6305,0.0643,-0.0622,-0.0436,-1.0588,1.0615,-0.0572,-0.0591,-0.9966,0.1756,-0.0211,0.0216,0.1782,0,0,Lateral Rollover (360°),Rollover Flips
31295.4,2026-10-03T11:23:40Z,0.0018,0.0106,-0.0272,0.2866,0.0292,-0.0560,-0.0532,-1.0235,1.0264,-0.0578,-0.0638,-0.9963,0.2744,-0.0361,0.0408,0.2797,0,0,Lateral Rollover (360°),Rollover Flips
31315.4,2026-10-03T11:23:40Z,0.0057,-0.0001,0.0214,0.2175,0.0222,-0.0527,-0.0691,-0.9745,0.9783,-0.0584,-0.0690,-0.9959,0.2373,-0.0194,0.0616,0.2459,0,0,Lateral Rollover (360°),Rollover Flips
31335.5,2026-10-03T11:23:40Z,0.0143,-0.0105,0.0620,0.6322,0.0645,-0.0444,-0.0828,-0.9337,0.9384,-0.0587,-0.0724,-0.9957,0.0906,0.0072,0.0830,0.1231,0,0,Lateral Rollover (360°),Rollover Flips
31355.5,2026-10-03T11:23:40Z,0.0021,-0.0164,0.0738,0.7416,0.0756,-0.0564,-0.0885,-0.9219,0.9278,-0.0584,-0.0721,-0.9957,-0.1087,0.0330,0.0826,0.1404,0,0,Lateral Rollover (360°),Rollover Flips
31375.7,2026-10-03T11:23:40Z,-0.0064,-0.0188,0.0442,0.4754,0.0485,-0.0637,-0.0871,-0.9518,0.9579,-0.0574,-0.0683,-0.9960,-0.2426,0.0744,0.0578,0.2603,0,0,Lateral Rollover (360°),Rollover Flips
31395.9,2026-10-03T11:23:40Z,-0.0093,-0.0071,0.0115,0.1612,0.0164,-0.0654,-0.0703,-0.9849,0.9896,-0.0561,-0.0632,-0.9964,-0.2548,0.0491,0.0271,0.2609,0,0,Lateral Rollover (360°),Rollover Flips
31415.9,2026-10-03T11:23:40Z,-0.0149,0.0001,-0.0171,0.2220,0.0226,-0.0708,-0.0586,-1.0138,1.0180,-0.0559,-0.0587,-0.9967,-0.1748,-0.0402,-0.0222,0.1807,0,0,Lateral Rollover (360°),Rollover Flips
31436.1,2026-10-03T11:23:40Z,-0.0041,0.0028,-0.0354,0.3504,0.0357,-0.0618,-0.0537,-1.0321,1.0354,-0.0576,-0.0565,-0.9967,-0.0533,-0.1255,-0.0470,0.1442,0,0,Lateral Rollover (360°),Rollover Flips
31456.0,2026-10-03T11:23:40Z,0.0089,0.0046,-0.0133,0.1637,0.0167,-0.0513,-0.0514,-1.0099,1.0126,-0.0602,-0.0561,-0.9966,-0.0131,-0.1248,-0.0185,0.1269,0,0,Lateral Rollover (360°),Rollover Flips
31476.3,2026-10-03T11:23:40Z,0.0093,0.0029,0.0049,0.1072,0.0109,-0.0530,-0.0524,-0.9916,0.9944,-0.0623,-0.0553,-0.9965,-0.0650,-0.0798,0.0176,0.1044,0,0,Lateral Rollover (360°),Rollover Flips
31496.3,2026-10-03T11:23:40Z,0.0044,-0.0055,0.0081,0.1052,0.0107,-0.0590,-0.0588,-0.9885,0.9920,-0.0634,-0.0534,-0.9966,-0.1254,-0.0392,0.0392,0.1371,0,0,Lateral Rollover (360°),Rollover Flips
31516.2,2026-10-03T11:23:40Z,-0.0034,-0.0087,0.0009,0.0918,0.0094,-0.0675,-0.0591,-0.9958,0.9998,-0.0640,-0.0504,-0.9967,-0.1547,-0.0043,0.0369,0.1591,0,0,Lateral Rollover (360°),Rollover Flips
31536.7,2026-10-03T11:23:40Z,-0.0047,-0.0065,-0.0084,0.1137,0.0116,-0.0683,-0.0538,-1.0053,1.0090,-0.0636,-0.0473,-0.9969,-0.1430,0.0428,0.0367,0.1537,0,0,Lateral Rollover (360°),Rollover Flips
31556.7,2026-10-03T11:23:40Z,-0.0056,-0.0044,-0.0147,0.1598,0.0163,-0.0683,-0.0491,-1.0117,1.0152,-0.0627,-0.0447,-0.9970,-0.1118,0.0427,0.0153,0.1207,0,0,Lateral Rollover (360°),Rollover Flips
31576.8,2026-10-03T11:23:40Z,0.0012,-0.0004,-0.0172,0.1690,0.0172,-0.0610,-0.0433,-1.0143,1.0171,-0.0622,-0.0429,-0.9971,-0.0640,0.0086,0.0073,0.0650,0,0,Lateral Rollover (360°),Rollover Flips
31596.9,2026-10-03T11:23:40Z,0.0059,0.0011,-0.0130,0.1400,0.0143,-0.0565,-0.0409,-1.0101,1.0125,-0.0625,-0.0420,-0.9972,-0.0352,-0.0306,0.0107,0.0478,0,0,Lateral Rollover (360°),Rollover Flips
31616.8,2026-10-03T11:23:40Z,0.0045,-0.0034,-0.0027,0.0617,0.0063,-0.0587,-0.0446,-0.9999,1.0026,-0.0632,-0.0412,-0.9971,-0.0480,-0.0406,0.0116,0.0639,0,0,Lateral Rollover (360°),Rollover Flips
31637.2,2026-10-03T11:23:40Z,-0.0003,-0.0053,-0.0001,0.0525,0.0054,-0.0644,-0.0451,-0.9973,1.0004,-0.0641,-0.0398,-0.9972,-0.0944,-0.0376,-0.0026,0.1017,0,0,Lateral Rollover (360°),Rollover Flips
31657.1,2026-10-03T11:23:40Z,0.0125,0.0013,-0.0096,0.1556,0.0159,-0.0517,-0.0364,-1.0069,1.0089,-0.0643,-0.0377,-0.9972,-0.1063,0.0224,0.0140,0.1095,0,0,Lateral Rollover (360°),Rollover Flips
31677.6,2026-10-03T11:23:40Z,0.0075,-0.0007,-0.0196,0.2063,0.0210,-0.0561,-0.0366,-1.0170,1.0192,-0.0636,-0.0359,-0.9973,-0.0625,0.0387,0.0188,0.0759,0,0,Lateral Rollover (360°),Rollover Flips
31697.4,2026-10-03T11:23:40Z,0.0017,-0.0027,-0.0129,0.1301,0.0133,-0.0613,-0.0378,-1.0103,1.0128,-0.0630,-0.0351,-0.9974,-0.0221,0.0081,0.0188,0.0301,0,0,Lateral Rollover (360°),Rollover Flips
31717.3,2026-10-03T11:23:40Z,0.0019,-0.0069,-0.0108,0.1270,0.0130,-0.0613,-0.0417,-1.0082,1.0109,-0.0632,-0.0347,-0.9974,-0.0186,-0.0145,0.0018,0.0236,0,0,Lateral Rollover (360°),Rollover Flips
31737.5,2026-10-03T11:23:40Z,0.0044,-0.0031,-0.0080,0.0940,0.0096,-0.0591,-0.0371,-1.0054,1.0078,-0.0634,-0.0340,-0.9974,-0.0549,-0.0133,-0.0003,0.0565,0,0,Lateral Rollover (360°),Rollover Flips
31757.7,2026-10-03T11:23:40Z,0.0008,0.0012,-0.0231,0.2274,0.0232,-0.0628,-0.0316,-1.0206,1.0230,-0.0637,-0.0328,-0.9974,-0.0555,-0.0056,0.0020,0.0558,0,0,Lateral Rollover (360°),Rollover Flips
31777.7,2026-10-03T11:23:40Z,0.0005,0.0040,-0.0242,0.2406,0.0245,-0.0630,-0.0281,-1.0217,1.0240,-0.0636,-0.0321,-0.9975,-0.0164,0.0102,0.0094,0.0214,0,0,Lateral Rollover (360°),Rollover Flips
31797.8,2026-10-03T11:23:40Z,-0.0006,-0.0059,-0.0123,0.1337,0.0136,-0.0641,-0.0379,-1.0098,1.0125,-0.0636,-0.0320,-0.9975,0.0113,-0.0086,-0.0009,0.0142,0,0,Lateral Rollover (360°),Rollover Flips
31817.8,2026-10-03T11:23:40Z,-0.0015,-0.0045,0.0031,0.0559,0.0057,-0.0652,-0.0367,-0.9943,0.9972,-0.0637,-0.0321,-0.9974,-0.0093,-0.0079,-0.0184,0.0221,0,0,Lateral Rollover (360°),Rollover Flips
31838.2,2026-10-03T11:23:40Z,0.0072,0.0015,-0.0005,0.0721,0.0073,-0.0565,-0.0301,-0.9979,1.0000,-0.0637,-0.0316,-0.9975,-0.0431,0.0144,-0.0072,0.0460,0,0,Lateral Rollover (360°),Rollover Flips
31858.3,2026-10-03T11:23:40Z,0.0073,0.0030,0.0048,0.0903,0.0092,-0.0559,-0.0275,-0.9928,0.9947,-0.0632,-0.0305,-0.9975,-0.0595,0.0219,0.0118,0.0645,0,0,Lateral Rollover (360°),Rollover Flips
31878.3,2026-10-03T11:23:40Z,-0.0011,-0.0038,0.0047,0.0602,0.0061,-0.0641,-0.0330,-0.9929,0.9955,-0.0630,-0.0292,-0.9976,-0.0632,0.0067,-0.0041,0.0637,0,0,Lateral Rollover (360°),Rollover Flips
31898.4,2026-10-03T11:23:40Z,-0.0034,-0.0030,0.0008,0.0450,0.0046,-0.0665,-0.0312,-0.9968,0.9995,-0.0631,-0.0282,-0.9976,-0.0430,-0.0227,-0.0293,0.0568,0,0,Lateral Rollover (360°),Rollover Flips
31918.4,2026-10-03T11:23:40Z,0.0043,0.0009,-0.0049,0.0648,0.0066,-0.0596,-0.0266,-1.0025,1.0046,-0.0638,-0.0276,-0.9976,-0.0242,-0.0521,-0.0362,0.0679,0,0,Lateral Rollover (360°),Rollover Flips
31938.7,2026-10-03T11:23:40Z,0.0049,0.0053,-0.0140,0.1543,0.0157,-0.0601,-0.0220,-1.0115,1.0135,-0.0650,-0.0273,-0.9975,-0.0037,-0.0648,-0.0327,0.0727,0,0,Lateral Rollover (360°),Rollover Flips
31958.8,2026-10-03T11:23:40Z,0.0077,0.0104,-0.0245,0.2717,0.0277,-0.0582,-0.0171,-1.0220,1.0238,-0.0659,-0.0276,-0.9974,0.0231,-0.0100,-0.0133,0.0284,0,0,Lateral Rollover (360°),Rollover Flips
31979.0,2026-10-03T11:23:40Z,0.0108,0.0058,-0.0090,0.1496,0.0153,-0.0547,-0.0222,-1.0065,1.0082,-0.0655,-0.0281,-0.9975,0.0200,0.0391,0.0199,0.0482,0,0,Lateral Rollover (360°),Rollover Flips
31999.0,2026-10-03T11:23:40Z,0.0060,-0.0048,0.0057,0.0937,0.0096,-0.0587,-0.0331,-0.9918,0.9941,-0.0647,-0.0283,-0.9975,0.0026,0.0336,0.0169,0.0378,0,0,Lateral Rollover (360°),Rollover Flips
32018.9,2026-10-03T11:23:40Z,0.0061,-0.0041,0.0109,0.1296,0.0132,-0.0582,-0.0322,-0.9866,0.9888,-0.0643,-0.0281,-0.9975,-0.0165,0.0030,0.0019,0.0169,0,0,Lateral Rollover (360°),Rollover Flips
32039.2,2026-10-03T11:23:40Z,0.0034,-0.0048,0.0054,0.0784,0.0080,-0.0610,-0.0324,-0.9921,0.9945,-0.0644,-0.0276,-0.9975,-0.0306,-0.0146,-0.0092,0.0351,0,0,Lateral Rollover (360°),Rollover Flips
32059.2,2026-10-03T11:23:41Z,0.0053,0.0014,-0.0118,0.1273,0.0130,-0.0594,-0.0256,-1.0093,1.0114,-0.0647,-0.0270,-0.9975,-0.0261,-0.0055,-0.0114,0.0291,0,0,Lateral Rollover (360°),Rollover Flips
32079.5,2026-10-03T11:23:41Z,0.0064,0.0029,-0.0195,0.2028,0.0207,-0.0582,-0.0238,-1.0170,1.0190,-0.0646,-0.0267,-0.9976,-0.0038,0.0122,0.0042,0.0135,0,0,Lateral Rollover (360°),Rollover Flips
32099.5,2026-10-03T11:23:41Z,0.0008,-0.0007,-0.0135,0.1331,0.0136,-0.0634,-0.0275,-1.0111,1.0135,-0.0641,-0.0268,-0.9976,0.0110,0.0347,0.0041,0.0366,0,0,Lateral Rollover (360°),Rollover Flips
32119.4,2026-10-03T11:23:41Z,-0.0034,-0.0043,0.0029,0.0608,0.0062,-0.0667,-0.0312,-0.9947,0.9974,-0.0633,-0.0269,-0.9976,-0.0132,0.0488,-0.0044,0.0508,0,0,Lateral Rollover (360°),Rollover Flips
32139.6,2026-10-03T11:23:41Z,0.0008,-0.0048,0.0038,0.0605,0.0062,-0.0614,-0.0311,-0.9939,0.9963,-0.0622,-0.0263,-0.9977,-0.0444,0.0659,-0.0081,0.0798,0,0,Lateral Rollover (360°),Rollover Flips
32159.8,2026-10-03T11:23:41Z,0.0003,-0.0011,0.0024,0.0262,0.0027,-0.0602,-0.0264,-0.9955,0.9976,-0.0605,-0.0253,-0.9978,-0.0588,0.1019,-0.0033,0.1177,0,0,Lateral Rollover (360°),Rollover Flips
32179.9,2026-10-03T11:23:41Z,0.0014,-0.0054,0.0036,0.0646,0.0066,-0.0571,-0.0292,-0.9944,0.9965,-0.0585,-0.0238,-0.9980,-0.0803,0.0903,-0.0115,0.1214,0,0,Lateral Rollover (360°),Rollover Flips
32200.0,2026-10-03T11:23:41Z,0.0108,0.0014,-0.0058,0.1207,0.0123,-0.0463,-0.0211,-1.0040,1.0052,-0.0570,-0.0224,-0.9981,-0.0531,0.0530,-0.0040,0.0751,0,0,Lateral Rollover (360°),Rollover Flips
32220.0,2026-10-03T11:23:41Z,0.0034,-0.0012,-0.0102,0.1060,0.0108,-0.0532,-0.0229,-1.0084,1.0100,-0.0565,-0.0217,-0.9982,-0.0131,-0.0034,-0.0091,0.0163,0,0,Lateral Rollover (360°),Rollover Flips
32240.1,2026-10-03T11:23:41Z,0.0047,0.0001,-0.0102,0.1107,0.0113,-0.0522,-0.0219,-1.0084,1.0100,-0.0570,-0.0219,-0.9981,0.0275,-0.0356,-0.0164,0.0479,0,0,Lateral Rollover (360°),Rollover Flips
32260.3,2026-10-03T11:23:41Z,0.0103,0.0031,-0.0014,0.1063,0.0108,-0.0474,-0.0194,-0.9995,1.0008,-0.0576,-0.0225,-0.9981,0.0274,-0.0281,-0.0025,0.0394,0,0,Lateral Rollover (360°),Rollover Flips
32280.3,2026-10-03T11:23:41Z,0.0075,-0.0007,0.0013,0.0746,0.0076,-0.0506,-0.0236,-0.9968,0.9983,-0.0581,-0.0229,-0.9981,0.0093,-0.0062,0.0042,0.0119,0,0,Lateral Rollover (360°),Rollover Flips
32300.6,2026-10-03T11:23:41Z,0.0060,-0.0006,-0.0013,0.0605,0.0062,-0.0520,-0.0235,-0.9994,1.0010,-0.0580,-0.0228,-0.9981,-0.0117,0.0062,0.0079,0.0154,0,0,Lateral Rollover (360°),Rollover Flips
32320.4,2026-10-03T11:23:41Z,0.0048,0.0033,-0.0090,0.1053,0.0107,-0.0529,-0.0191,-1.0071,1.0086,-0.0577,-0.0224,-0.9981,-0.0237,0.0256,0.0134,0.0374,0,0,Lateral Rollover (360°),Rollover Flips
32340.7,2026-10-03T11:23:41Z,-0.0004,0.0022,-0.0144,0.1426,0.0145,-0.0574,-0.0198,-1.0125,1.0143,-0.0570,-0.0220,-0.9981,-0.0107,0.0465,0.0139,0.0497,0,0,Lateral Rollover (360°),Rollover Flips
32360.9,2026-10-03T11:23:41Z,0.0010,0.0046,-0.0134,0.1388,0.0142,-0.0551,-0.0174,-1.0115,1.0132,-0.0561,-0.0220,-0.9982,0.0086,0.0451,0.0055,0.0462,0,0,Lateral Rollover (360°),Rollover Flips
32380.8,2026-10-03T11:23:41Z,0.0025,0.0024,-0.0058,0.0662,0.0068,-0.0528,-0.0200,-1.0040,1.0056,-0.0553,-0.0224,-0.9982,0.0290,0.0259,0.0099,0.0401,0,0,Lateral Rollover (360°),Rollover Flips
32401.1,2026-10-03T11:23:41Z,0.0075,-0.0003,0.0064,0.0967,0.0099,-0.0475,-0.0232,-0.9918,0.9932,-0.0550,-0.0229,-0.9982,0.0229,0.0036,0.0105,0.0254,0,0,Lateral Rollover (360°),Rollover Flips
32420.8,2026-10-03T11:23:41Z,0.0064,-0.0014,0.0117,0.1317,0.0134,-0.0487,-0.0246,-0.9865,0.9880,-0.0551,-0.0232,-0.9982,-0.0013,-0.0063,0.0196,0.0206,0,0,Lateral Rollover (360°),Rollover Flips
32441.0,2026-10-03T11:23:41Z,-0.0014,-0.0000,0.0060,0.0599,0.0061,-0.0565,-0.0229,-0.9923,0.9941,-0.0552,-0.0229,-0.9982,-0.0248,0.0008,0.0174,0.0303,0,0,Lateral Rollover (360°),Rollover Flips
32461.3,2026-10-03T11:23:41Z,-0.0043,0.0020,-0.0045,0.0647,0.0066,-0.0594,-0.0202,-1.0028,1.0047,-0.0550,-0.0222,-0.9982,-0.0406,0.0153,0.0092,0.0444,0,0,Lateral Rollover (360°),Rollover Flips
32481.5,2026-10-03T11:23:41Z,0.0013,0.0041,-0.0133,0.1376,0.0140,-0.0531,-0.0172,-1.0116,1.0132,-0.0544,-0.0214,-0.9983,-0.0378,0.0412,0.0114,0.0570,0,0,Lateral Rollover (360°),Rollover Flips
32506.5,2026-10-03T11:23:41Z,0.0028,0.0022,-0.0157,0.1582,0.0161,-0.0507,-0.0185,-1.0141,1.0155,-0.0535,-0.0207,-0.9984,-0.0229,0.0496,0.0230,0.0592,0,0,Lateral Rollover (360°),Rollover Flips
32521.4,2026-10-03T11:23:41Z,0.0013,-0.0028,-0.0013,0.0329,0.0034,-0.0514,-0.0232,-0.9997,1.0013,-0.0526,-0.0204,-0.9984,-0.0117,0.0309,0.0248,0.0413,0,0,Lateral Rollover (360°),Rollover Flips
32541.5,2026-10-03T11:23:41Z,0.0049,-0.0080,0.0037,0.0993,0.0101,-0.0473,-0.0280,-0.9947,0.9962,-0.0523,-0.0200,-0.9984,-0.0241,0.0097,0.0255,0.0364,0,0,Lateral Rollover (360°),Rollover Flips
32561.9,2026-10-03T11:23:41Z,-0.0017,-0.0060,-0.0042,0.0735,0.0075,-0.0540,-0.0255,-1.0027,1.0044,-0.0523,-0.0195,-0.9984,-0.0244,-0.0063,0.0191,0.0316,0,0,Lateral Rollover (360°),Rollover Flips
32582.1,2026-10-03T11:23:41Z,-0.0063,0.0007,-0.0202,0.2078,0.0212,-0.0587,-0.0184,-1.0187,1.0205,-0.0524,-0.0191,-0.9984,-0.0078,-0.0010,0.0173,0.0190,0,0,Lateral Rollover (360°),Rollover Flips
32605.5,2026-10-03T11:23:41Z,-0.0062,-0.0031,-0.0190,0.1979,0.0202,-0.0585,-0.0223,-1.0174,1.0193,-0.0523,-0.0192,-0.9984,0.0087,0.0178,0.0044,0.0203,0,0,Lateral Rollover (360°),Rollover Flips
32622.1,2026-10-03T11:23:41Z,-0.0005,0.0023,-0.0158,0.1568,0.0160,-0.0522,-0.0171,-1.0143,1.0158,-0.0517,-0.0193,-0.9985,0.0085,0.0427,0.0099,0.0446,0,0,Lateral Rollover (360°),Rollover Flips
32642.3,2026-10-03T11:23:41Z,0.0038,-0.0008,-0.0016,0.0409,0.0042,-0.0468,-0.0202,-1.0001,1.0014,-0.0506,-0.0194,-0.9985,0.0007,0.0518,0.0190,0.0551,0,0,Lateral Rollover (360°),Rollover Flips
32662.4,2026-10-03T11:23:41Z,-0.0016,-0.0031,0.0036,0.0486,0.0050,-0.0514,-0.0223,-0.9950,0.9966,-0.0498,-0.0192,-0.9986,-0.0179,0.0274,0.0044,0.0330,0,0,Lateral Rollover (360°),Rollover Flips
32682.6,2026-10-03T11:23:41Z,0.0039,-0.0009,0.0021,0.0442,0.0045,-0.0457,-0.0197,-0.9965,0.9977,-0.0495,-0.0188,-0.9986,-0.0224,0.0040,-0.0031,0.0230,0,0,Lateral Rollover (360°),Rollover Flips
32706.4,2026-10-03T11:23:41Z,0.0167,0.0092,-0.0042,0.1913,0.0195,-0.0328,-0.0091,-1.0028,1.0033,-0.0495,-0.0184,-0.9986,-0.0204,0.0094,0.0239,0.0328,0,0,Lateral Rollover (360°),Rollover Flips
32722.5,2026-10-03T11:23:41Z,0.0093,0.0057,-0.0016,0.1084,0.0111,-0.0397,-0.0123,-1.0002,1.0011,-0.0491,-0.0181,-0.9986,-0.0064,0.0271,0.0519,0.0589,0,0,Lateral Rollover (360°),Rollover Flips
32742.6,2026-10-03T11:23:41Z,-0.0021,-0.0027,0.0081,0.0857,0.0087,-0.0508,-0.0204,-0.9906,0.9921,-0.0487,-0.0178,-0.9987,-0.0208,0.0023,0.0308,0.0372,0,0,Lateral Rollover (360°),Rollover Flips
32762.9,2026-10-03T11:23:41Z,0.0022,0.0012,-0.0029,0.0378,0.0039,-0.0466,-0.0161,-1.0016,1.0028,-0.0488,-0.0173,-0.9987,-0.0213,-0.0017,0.0160,0.0266,0,0,Lateral Rollover (360°),Rollover Flips
32783.1,2026-10-03T11:23:41Z,0.0049,0.0036,-0.0044,0.0733,0.0075,-0.0437,-0.0133,-1.0030,1.0041,-0.0486,-0.0169,-0.9987,-0.0152,0.0188,0.0199,0.0313,0,0,Lateral Rollover (360°),Rollover Flips
32806.6,2026-10-03T11:23:41Z,0.0038,-0.0005,0.0052,0.0633,0.0065,-0.0443,-0.0170,-0.9935,0.9947,-0.0481,-0.0165,-0.9987,-0.0275,0.0253,0.0253,0.0451,0,0,Lateral Rollover (360°),Rollover Flips
32823.0,2026-10-03T11:23:41Z,0.0017,-0.0040,0.0019,0.0468,0.0048,-0.0460,-0.0198,-0.9968,0.9981,-0.0477,-0.0158,-0.9987,-0.0404,0.0084,0.0105,0.0426,0,0,Lateral Rollover (360°),Rollover Flips
32843.1,2026-10-03T11:23:41Z,0.0038,0.0004,-0.0139,0.1410,0.0144,-0.0441,-0.0146,-1.0126,1.0137,-0.0478,-0.0150,-0.9987,-0.0327,-0.0106,0.0142,0.0372,0,0,Lateral Rollover (360°),Rollover Flips
32863.3,2026-10-03T11:23:41Z,0.0003,0.0032,-0.0190,0.1885,0.0192,-0.0475,-0.0113,-1.0177,1.0189,-0.0479,-0.0145,-0.9987,-0.0120,0.0131,0.0206,0.0272,0,0,Lateral Rollover (360°),Rollover Flips
32883.5,2026-10-03T11:23:41Z,-0.0019,-0.0000,-0.0166,0.1636,0.0167,-0.0494,-0.0144,-1.0153,1.0166,-0.0475,-0.0144,-0.9988,0.0018,0.0181,0.0136,0.0228,0,0,Lateral Rollover (360°),Rollover Flips
32905.2,2026-10-03T11:23:41Z,0.0035,0.0013,-0.0117,0.1199,0.0122,-0.0436,-0.0133,-1.0104,1.0115,-0.0471,-0.0145,-0.9988,0.0063,0.0228,0.0079,0.0250,0,0,Lateral Rollover (360°),Rollover Flips
32923.6,2026-10-03T11:23:41Z,0.0117,-0.0005,-0.0057,0.1278,0.0130,-0.0349,-0.0150,-1.0045,1.0053,-0.0466,-0.0146,-0.9988,-0.0042,0.0287,0.0213,0.0360,0,0,Lateral Rollover (360°),Rollover Flips
32943.8,2026-10-03T11:23:41Z,0.0055,0.0004,-0.0026,0.0595,0.0061,-0.0405,-0.0140,-1.0014,1.0023,-0.0460,-0.0144,-0.9988,-0.0082,0.0262,0.0327,0.0427,0,0,Lateral Rollover (360°),Rollover Flips
32964.0,2026-10-03T11:23:41Z,0.0028,-0.0009,-0.0100,0.1024,0.0104,-0.0429,-0.0151,-1.0089,1.0099,-0.0456,-0.0142,-0.9989,-0.0027,0.0116,0.0270,0.0295,0,0,Lateral Rollover (360°),Rollover Flips
32984.1,2026-10-03T11:23:41Z,0.0012,-0.0014,-0.0104,0.1039,0.0106,-0.0444,-0.0158,-1.0093,1.0104,-0.0455,-0.0144,-0.9989,0.0181,0.0032,0.0187,0.0262,0,0,Lateral Rollover (360°),Rollover Flips
33006.8,2026-10-03T11:23:41Z,0.0020,-0.0007,-0.0016,0.0262,0.0027,-0.0435,-0.0156,-1.0005,1.0015,-0.0455,-0.0149,-0.9989,0.0277,-0.0042,0.0161,0.0324,0,0,Lateral Rollover (360°),Rollover Flips
33024.1,2026-10-03T11:23:41Z,0.0026,-0.0021,-0.0049,0.0585,0.0060,-0.0430,-0.0175,-1.0038,1.0048,-0.0457,-0.0154,-0.9988,0.0255,-0.0094,0.0051,0.0276,0,0,Lateral Rollover (360°),Rollover Flips
33044.2,2026-10-03T11:23:42Z,0.0057,0.0007,-0.0024,0.0612,0.0062,-0.0399,-0.0151,-1.0013,1.0022,-0.0456,-0.0159,-0.9988,0.0204,0.0110,0.0139,0.0271,0,0,Lateral Rollover (360°),Rollover Flips
33064.4,2026-10-03T11:23:42Z,0.0039,-0.0024,0.0050,0.0668,0.0068,-0.0413,-0.0184,-0.9938,0.9948,-0.0452,-0.0159,-0.9989,-0.0111,0.0269,0.0165,0.0334,0,0,Lateral Rollover (360°),Rollover Flips
33084.5,2026-10-03T11:23:42Z,0.0009,-0.0010,-0.0052,0.0525,0.0054,-0.0438,-0.0166,-1.0041,1.0052,-0.0447,-0.0156,-0.9989,-0.0194,0.0226,0.0096,0.0313,0,0,Lateral Rollover (360°),Rollover Flips
33105.5,2026-10-03T11:23:42Z,0.0127,0.0016,-0.0076,0.1462,0.0149,-0.0317,-0.0137,-1.0065,1.0071,-0.0444,-0.0153,-0.9989,0.0011,0.0156,0.0228,0.0276,0,0,Lateral Rollover (360°),Rollover Flips
33124.7,2026-10-03T11:23:42Z,0.0097,0.0006,0.0013,0.0959,0.0098,-0.0347,-0.0148,-0.9976,0.9983,-0.0443,-0.0154,-0.9989,0.0090,-0.0094,0.0294,0.0322,0,0,Lateral Rollover (360°),Rollover Flips
33145.0,2026-10-03T11:23:42Z,0.0006,0.0014,-0.0002,0.0146,0.0015,-0.0439,-0.0142,-0.9991,1.0002,-0.0445,-0.0155,-0.9989,-0.0007,-0.0012,0.0292,0.0292,0,0,Lateral Rollover (360°),Rollover Flips
33165.0,2026-10-03T11:23:42Z,0.0015,0.0032,-0.0033,0.0476,0.0048,-0.0430,-0.0122,-1.0022,1.0032,-0.0446,-0.0154,-0.9989,-0.0020,-0.0074,0.0298,0.0307,0,0,Lateral Rollover (360°),Rollover Flips
33185.1,2026-10-03T11:23:42Z,-0.0000,0.0038,-0.0048,0.0600,0.0061,-0.0446,-0.0117,-1.0036,1.0047,-0.0446,-0.0155,-0.9989,0.0110,0.0049,0.0217,0.0248,0,0,Lateral Rollover (360°),Rollover Flips
33206.3,2026-10-03T11:23:42Z,-0.0006,0.0008,-0.0030,0.0312,0.0032,-0.0451,-0.0149,-1.0019,1.0030,-0.0445,-0.0157,-0.9989,0.0035,0.0086,0.0170,0.0194,0,0,Lateral Rollover (360°),Rollover Flips
33225.1,2026-10-03T11:23:42Z,0.0026,0.0022,-0.0065,0.0721,0.0074,-0.0416,-0.0134,-1.0054,1.0064,-0.0441,-0.0156,-0.9989,-0.0063,0.0262,0.0224,0.0350,0,0,Lateral Rollover (360°),Rollover Flips
33245.5,2026-10-03T11:23:42Z,0.0066,0.0040,-0.0035,0.0825,0.0084,-0.0368,-0.0115,-1.0024,1.0031,-0.0434,-0.0154,-0.9989,-0.0090,0.0482,0.0374,0.0617,0,0,Lateral Rollover (360°),Rollover Flips
33265.6,2026-10-03T11:23:42Z,0.0002,-0.0026,0.0059,0.0634,0.0065,-0.0422,-0.0176,-0.9931,0.9941,-0.0425,-0.0151,-0.9990,-0.0214,0.0359,0.0396,0.0576,0,0,Lateral Rollover (360°),Rollover Flips
33285.6,2026-10-03T11:23:42Z,-0.0059,-0.0021,-0.0002,0.0613,0.0063,-0.0480,-0.0167,-0.9992,1.0005,-0.0422,-0.0146,-0.9990,-0.0161,-0.0041,0.0135,0.0214,0,0,Lateral Rollover (360°),Rollover Flips
33306.2,2026-10-03T11:23:42Z,-0.0022,0.0018,-0.0053,0.0589,0.0060,-0.0447,-0.0127,-1.0043,1.0054,-0.0425,-0.0145,-0.9990,0.0035,-0.0201,0.0013,0.0205,0,0,Lateral Rollover (360°),Rollover Flips
33325.6,2026-10-03T11:23:42Z,0.0029,0.0007,-0.0015,0.0325,0.0033,-0.0399,-0.0138,-1.0005,1.0014,-0.0427,-0.0144,-0.9990,-0.0141,-0.0020,0.0011,0.0143,0,0,Lateral Rollover (360°),Rollover Flips
33346.0,2026-10-03T11:23:42Z,0.0076,0.0040,-0.0088,0.1211,0.0123,-0.0349,-0.0099,-1.0078,1.0085,-0.0425,-0.0139,-0.9990,-0.0298,0.0267,0.0144,0.0425,0,0,Lateral Rollover (360°),Rollover Flips
33366.1,2026-10-03T11:23:42Z,0.0107,0.0045,-0.0100,0.1506,0.0154,-0.0309,-0.0089,-1.0090,1.0096,-0.0417,-0.0135,-0.9990,-0.0120,0.0515,0.0350,0.0634,0,0,Lateral Rollover (360°),Rollover Flips
33386.0,2026-10-03T11:23:42Z,0.0108,-0.0024,0.0072,0.1292,0.0132,-0.0301,-0.0157,-0.9919,0.9924,-0.0409,-0.0133,-0.9991,-0.0075,0.0190,0.0422,0.0468,0,0,Lateral Rollover (360°),Rollover Flips
33406.0,2026-10-03T11:23:42Z,0.0038,-0.0054,0.0084,0.1044,0.0106,-0.0373,-0.0183,-0.9907,0.9916,-0.0410,-0.0129,-0.9991,-0.0270,-0.0298,0.0289,0.0495,0,0,Lateral Rollover (360°),Rollover Flips
33426.2,2026-10-03T11:23:42Z,0.0008,-0.0004,-0.0065,0.0641,0.0065,-0.0410,-0.0127,-1.0055,1.0064,-0.0418,-0.0123,-0.9990,-0.0324,-0.0483,0.0207,0.0617,0,0,Lateral Rollover (360°),Rollover Flips
33446.4,2026-10-03T11:23:42Z,0.0008,0.0044,-0.0206,0.2066,0.0211,-0.0418,-0.0074,-1.0196,1.0205,-0.0426,-0.0118,-0.9990,-0.0095,-0.0287,0.0264,0.0402,0,0,Lateral Rollover (360°),Rollover Flips
33466.4,2026-10-03T11:23:42Z,0.0039,0.0023,-0.0116,0.1218,0.0124,-0.0391,-0.0094,-1.0106,1.0114,-0.0430,-0.0118,-0.9990,0.0046,-0.0124,0.0389,0.0411,0,0,Lateral Rollover (360°),Rollover Flips
33486.6,2026-10-03T11:23:42Z,0.0032,-0.0039,0.0034,0.0598,0.0061,-0.0401,-0.0157,-0.9956,0.9965,-0.0433,-0.0118,-0.9990,-0.0009,-0.0232,0.0403,0.0465,0,0,Lateral Rollover (360°),Rollover Flips
33506.6,2026-10-03T11:23:42Z,0.0012,-0.0066,0.0085,0.1063,0.0108,-0.0429,-0.0182,-0.9905,0.9916,-0.0441,-0.0116,-0.9990,-0.0250,-0.0565,0.0308,0.0690,0,0,Lateral Rollover (360°),Rollover Flips
33526.7,2026-10-03T11:23:42Z,-0.0036,-0.0030,-0.0070,0.0825,0.0084,-0.0488,-0.0139,-1.0059,1.0072,-0.0452,-0.0109,-0.9989,-0.0322,-0.0512,0.0111,0.0615,0,0,Lateral Rollover (360°),Rollover Flips
33546.9,2026-10-03T11:23:42Z,0.0027,0.0050,-0.0184,0.1888,0.0193,-0.0432,-0.0054,-1.0173,1.0182,-0.0459,-0.0104,-0.9989,-0.0117,-0.0137,0.0220,0.0285,0,0,Lateral Rollover (360°),Rollover Flips
33566.9,2026-10-03T11:23:42Z,0.0060,0.0077,-0.0142,0.1694,0.0173,-0.0396,-0.0026,-1.0131,1.0139,-0.0457,-0.0104,-0.9989,0.0050,0.0296,0.0508,0.0590,0,0,Lateral Rollover (360°),Rollover Flips
33587.1,2026-10-03T11:23:42Z,0.0051,-0.0023,0.0010,0.0558,0.0057,-0.0399,-0.0126,-0.9979,0.9988,-0.0450,-0.0103,-0.9989,-0.0144,0.0401,0.0633,0.0763,0,0,Lateral Rollover (360°),Rollover Flips
33607.3,2026-10-03T11:23:42Z,0.0015,-0.0037,0.0034,0.0520,0.0053,-0.0427,-0.0134,-0.9955,0.9966,-0.0442,-0.0096,-0.9990,-0.0405,0.0308,0.0574,0.0767,0,0,Lateral Rollover (360°),Rollover Flips
33627.4,2026-10-03T11:23:42Z,0.0053,-0.0014,-0.0041,0.0673,0.0069,-0.0387,-0.0101,-1.0031,1.0039,-0.0440,-0.0087,-0.9990,-0.0453,-0.0109,0.0571,0.0737,0,0,Lateral Rollover (360°),Rollover Flips
33647.5,2026-10-03T11:23:42Z,0.0082,0.0019,-0.0061,0.1024,0.0104,-0.0363,-0.0059,-1.0051,1.0058,-0.0446,-0.0078,-0.9990,-0.0272,-0.0358,0.0601,0.0751,0,0,Lateral Rollover (360°),Rollover Flips
33667.6,2026-10-03T11:23:42Z,0.0057,0.0016,-0.0057,0.0809,0.0082,-0.0398,-0.0058,-1.0047,1.0055,-0.0455,-0.0074,-0.9989,-0.0057,-0.0537,0.0664,0.0856,0,0,Lateral Rollover (360°),Rollover Flips
33687.8,2026-10-03T11:23:42Z,0.0012,0.0019,-0.0118,0.1181,0.0120,-0.0451,-0.0055,-1.0107,1.0117,-0.0464,-0.0074,-0.9989,0.0124,-0.0304,0.0633,0.0713,0,0,Lateral Rollover (360°),Rollover Flips
33707.9,2026-10-03T11:23:42Z,-0.0007,0.0006,-0.0051,0.0511,0.0052,-0.0473,-0.0070,-1.0040,1.0051,-0.0466,-0.0076,-0.9989,0.0045,0.0064,0.0551,0.0556,0,0,Lateral Rollover (360°),Rollover Flips
33728.0,2026-10-03T11:23:42Z,0.0012,0.0005,-0.0018,0.0216,0.0022,-0.0449,-0.0068,-1.0007,1.0017,-0.0461,-0.0074,-0.9989,-0.0218,0.0432,0.0519,0.0709,0,0,Lateral Rollover (360°),Rollover Flips
33748.0,2026-10-03T11:23:42Z,0.0040,0.0006,-0.0064,0.0742,0.0076,-0.0412,-0.0062,-1.0054,1.0062,-0.0451,-0.0068,-0.9990,-0.0280,0.0444,0.0463,0.0700,0,0,Lateral Rollover (360°),Rollover Flips
33768.1,2026-10-03T11:23:42Z,0.0081,0.0015,-0.0066,0.1035,0.0106,-0.0363,-0.0048,-1.0056,1.0063,-0.0444,-0.0063,-0.9990,-0.0123,0.0261,0.0461,0.0544,0,0,Lateral Rollover (360°),Rollover Flips
33788.2,2026-10-03T11:23:42Z,0.0071,0.0015,0.0018,0.0738,0.0075,-0.0370,-0.0046,-0.9972,0.9979,-0.0441,-0.0062,-0.9990,0.0030,0.0063,0.0509,0.0513,0,0,Lateral Rollover (360°),Rollover Flips
33808.1,2026-10-03T11:23:42Z,0.0041,-0.0004,0.0100,0.1061,0.0108,-0.0400,-0.0065,-0.9890,0.9898,-0.0442,-0.0061,-0.9990,-0.0068,-0.0102,0.0418,0.0435,0,0,Lateral Rollover (360°),Rollover Flips
33828.6,2026-10-03T11:23:42Z,0.0048,0.0027,0.0033,0.0629,0.0064,-0.0396,-0.0031,-0.9957,0.9965,-0.0444,-0.0058,-0.9990,-0.0212,-0.0127,0.0341,0.0420,0,0,Lateral Rollover (360°),Rollover Flips
33848.6,2026-10-03T11:23:42Z,0.0050,0.0036,0.0031,0.0678,0.0069,-0.0395,-0.0018,-0.9959,0.9967,-0.0446,-0.0053,-0.9990,-0.0240,-0.0029,0.0309,0.0393,0,0,Lateral Rollover (360°),Rollover Flips
33868.6,2026-10-03T11:23:42Z,0.0081,0.0013,0.0052,0.0957,0.0098,-0.0366,-0.0034,-0.9937,0.9944,-0.0447,-0.0046,-0.9990,-0.0419,-0.0140,0.0243,0.0504,0,0,Lateral Rollover (360°),Rollover Flips
33888.6,2026-10-03T11:23:42Z,0.0080,0.0035,-0.0027,0.0894,0.0091,-0.0373,-0.0002,-1.0017,1.0024,-0.0453,-0.0036,-0.9990,-0.0511,-0.0433,0.0126,0.0681,0,0,Lateral Rollover (360°),Rollover Flips
33908.9,2026-10-03T11:23:42Z,0.0136,0.0049,-0.0121,0.1849,0.0189,-0.0325,0.0021,-1.0110,1.0115,-0.0461,-0.0028,-0.9989,-0.0284,-0.0327,0.0143,0.0456,0,0,Lateral Rollover (360°),Rollover Flips
33929.1,2026-10-03T11:23:42Z,0.0162,0.0071,-0.0117,0.2080,0.0212,-0.0305,0.0048,-1.0107,1.0111,-0.0466,-0.0023,-0.9989,-0.0237,-0.0220,0.0291,0.0435,0,0,Lateral Rollover (360°),Rollover Flips
33949.1,2026-10-03T11:23:42Z,0.0075,0.0006,-0.0139,0.1551,0.0158,-0.0394,-0.0013,-1.0128,1.0136,-0.0469,-0.0019,-0.9989,-0.0103,-0.0036,0.0483,0.0495,0,0,Lateral Rollover (360°),Rollover Flips
33969.2,2026-10-03T11:23:42Z,-0.0030,-0.0046,-0.0097,0.1093,0.0111,-0.0498,-0.0063,-1.0086,1.0099,-0.0469,-0.0017,-0.9989,-0.0032,0.0007,0.0379,0.0381,0,0,Lateral Rollover (360°),Rollover Flips
33989.2,2026-10-03T11:23:42Z,-0.0038,-0.0081,-0.0063,0.1069,0.0109,-0.0506,-0.0097,-1.0052,1.0065,-0.0468,-0.0016,-0.9989,-0.0037,0.0014,0.0226,0.0229,0,0,Lateral Rollover (360°),Rollover Flips
34009.4,2026-10-03T11:23:42Z,0.0025,-0.0068,-0.0003,0.0709,0.0072,-0.0442,-0.0082,-0.9992,1.0002,-0.0467,-0.0014,-0.9989,-0.0141,0.0077,0.0199,0.0255,0,0,Lateral Rollover (360°),Rollover Flips
34029.5,2026-10-03T11:23:42Z,0.0011,-0.0095,-0.0006,0.0937,0.0095,-0.0456,-0.0104,-0.9995,1.0006,-0.0467,-0.0009,-0.9989,-0.0309,-0.0026,0.0154,0.0347,0,0,Lateral Rollover (360°),Rollover Flips
34049.6,2026-10-03T11:23:43Z,0.0007,-0.0026,-0.0111,0.1118,0.0114,-0.0462,-0.0030,-1.0100,1.0111,-0.0468,-0.0004,-0.9989,-0.0135,-0.0138,0.0156,0.0248,0,0,Lateral Rollover (360°),Rollover Flips
34069.7,2026-10-03T11:23:43Z,-0.0022,0.0003,-0.0142,0.1410,0.0144,-0.0493,-0.0001,-1.0131,1.0143,-0.0472,-0.0004,-0.9989,0.0109,-0.0138,0.0145,0.0228,0,0,Lateral Rollover (360°),Rollover Flips
34091.1,2026-10-03T11:23:43Z,-0.0012,-0.0017,-0.0094,0.0942,0.0096,-0.0485,-0.0023,-1.0083,1.0094,-0.0473,-0.0007,-0.9989,0.0156,-0.0022,0.0118,0.0197,0,0,Lateral Rollover (360°),Rollover Flips
34109.6,2026-10-03T11:23:43Z,0.0001,-0.0016,-0.0048,0.0493,0.0050,-0.0473,-0.0025,-1.0036,1.0047,-0.0473,-0.0009,-0.9989,0.0029,-0.0002,0.0058,0.0065,0,0,Lateral Rollover (360°),Rollover Flips
34130.0,2026-10-03T11:23:43Z,0.0066,0.0001,-0.0015,0.0665,0.0068,-0.0406,-0.0007,-1.0004,1.0012,-0.0472,-0.0008,-0.9989,-0.0108,0.0126,0.0141,0.0218,0,0,Lateral Rollover (360°),Rollover Flips
34150.1,2026-10-03T11:23:43Z,-0.0043,0.0008,-0.0052,0.0671,0.0068,-0.0513,0.0004,-1.0041,1.0054,-0.0469,-0.0005,-0.9989,-0.0160,0.0098,0.0146,0.0238,0,0,Lateral Rollover (360°),Rollover Flips
34170.2,2026-10-03T11:23:43Z,-0.0043,0.0017,-0.0128,0.1340,0.0137,-0.0512,0.0014,-1.0117,1.0130,-0.0469,-0.0003,-0.9989,0.0025,-0.0010,-0.0041,0.0049,0,0,Lateral Rollover (360°),Rollover Flips
34190.2,2026-10-03T11:23:43Z,0.0060,0.0057,-0.0072,0.1080,0.0110,-0.0408,0.0053,-1.0061,1.0070,-0.0469,-0.0004,-0.9989,0.0005,-0.0001,0.0080,0.0080,0,0,Lateral Rollover (360°),Rollover Flips
34210.2,2026-10-03T11:23:43Z,0.0031,0.0011,-0.0051,0.0592,0.0060,-0.0439,0.0009,-1.0040,1.0049,-0.0470,-0.0002,-0.9989,-0.0111,-0.0073,0.0111,0.0173,0,0,Lateral Rollover (360°),Rollover Flips
34230.6,2026-10-03T11:23:43Z,-0.0018,-0.0006,-0.0084,0.0840,0.0086,-0.0489,-0.0007,-1.0072,1.0084,-0.0471,-0.0000,-0.9989,-0.0006,-0.0042,0.0038,0.0057,0,0,Lateral Rollover (360°),Rollover Flips
34250.6,2026-10-03T11:23:43Z,0.0054,0.0013,-0.0058,0.0788,0.0080,-0.0418,0.0012,-1.0047,1.0056,-0.0472,-0.0001,-0.9989,0.0083,-0.0091,0.0047,0.0132,0,0,Lateral Rollover (360°),Rollover Flips
34270.7,2026-10-03T11:23:43Z,0.0038,-0.0013,0.0009,0.0409,0.0042,-0.0433,-0.0017,-0.9979,0.9989,-0.0471,-0.0004,-0.9989,0.0131,0.0269,0.0188,0.0354,0,0,Lateral Rollover (360°),Rollover Flips
34290.8,2026-10-03T11:23:43Z,0.0049,-0.0043,0.0141,0.1524,0.0155,-0.0414,-0.0045,-0.9848,0.9857,-0.0463,-0.0002,-0.9989,-0.0320,0.0476,0.0272,0.0635,0,0,Lateral Rollover (360°),Rollover Flips
34310.9,2026-10-03T11:23:43Z,-0.0020,-0.0043,0.0083,0.0936,0.0095,-0.0475,-0.0035,-0.9907,0.9918,-0.0454,0.0007,-0.9990,-0.0479,0.0297,0.0225,0.0606,0,0,Lateral Rollover (360°),Rollover Flips
34331.2,2026-10-03T11:23:43Z,-0.0072,-0.0048,-0.0059,0.1023,0.0104,-0.0524,-0.0032,-1.0048,1.0062,-0.0452,0.0016,-0.9990,-0.0374,-0.0055,-0.0039,0.0380,0,0,Lateral Rollover (360°),Rollover Flips
34351.0,2026-10-03T11:23:43Z,0.0008,0.0024,-0.0185,0.1829,0.0187,-0.0446,0.0045,-1.0175,1.0184,-0.0454,0.0021,-0.9990,-0.0096,-0.0034,-0.0034,0.0107,0,0,Lateral Rollover (360°),Rollover Flips
34371.0,2026-10-03T11:23:43Z,0.0056,0.0051,-0.0113,0.1331,0.0136,-0.0397,0.0071,-1.0103,1.0111,-0.0453,0.0020,-0.9990,0.0119,0.0113,0.0227,0.0280,0,0,Lateral Rollover (360°),Rollover Flips
34391.1,2026-10-03T11:23:43Z,-0.0028,-0.0036,0.0056,0.0708,0.0072,-0.0480,-0.0017,-0.9934,0.9946,-0.0452,0.0019,-0.9990,-0.0049,-0.0080,0.0185,0.0208,0,0,Lateral Rollover (360°),Rollover Flips
34411.4,2026-10-03T11:23:43Z,-0.0040,-0.0043,-0.0015,0.0595,0.0061,-0.0494,-0.0021,-1.0005,1.0017,-0.0454,0.0022,-0.9990,-0.0158,-0.0081,-0.0006,0.0178,0,0,Lateral Rollover (360°),Rollover Flips
34431.6,2026-10-03T11:23:43Z,-0.0053,-0.0023,-0.0054,0.0775,0.0079,-0.0509,0.0002,-1.0043,1.0056,-0.0456,0.0025,-0.9990,-0.0177,-0.0102,-0.0101,0.0228,0,0,Lateral Rollover (360°),Rollover Flips
34451.7,2026-10-03T11:23:43Z,0.0041,-0.0001,-0.0087,0.0946,0.0096,-0.0415,0.0027,-1.0077,1.0086,-0.0456,0.0029,-0.9990,-0.0134,0.0125,-0.0051,0.0190,0,0,Lateral Rollover (360°),Rollover Flips
34471.7,2026-10-03T11:23:43Z,0.0030,0.0001,-0.0079,0.0828,0.0084,-0.0424,0.0031,-1.0069,1.0077,-0.0454,0.0030,-0.9990,-0.0027,0.0034,-0.0012,0.0045,0,0,Lateral Rollover (360°),Rollover Flips
34491.9,2026-10-03T11:23:43Z,-0.0031,-0.0033,-0.0053,0.0689,0.0070,-0.0486,-0.0004,-1.0043,1.0055,-0.0454,0.0030,-0.9990,0.0127,-0.0108,-0.0083,0.0186,0,0,Lateral Rollover (360°),Rollover Flips
34511.9,2026-10-03T11:23:43Z,-0.0011,-0.0035,-0.0029,0.0453,0.0046,-0.0469,-0.0009,-1.0018,1.0029,-0.0458,0.0026,-0.9989,0.0171,-0.0236,-0.0180,0.0343,0,0,Lateral Rollover (360°),Rollover Flips
34532.1,2026-10-03T11:23:43Z,-0.0016,-0.0033,0.0033,0.0482,0.0049,-0.0478,-0.0009,-0.9956,0.9968,-0.0463,0.0023,-0.9989,0.0028,-0.0188,-0.0175,0.0258,0,0,Lateral Rollover (360°),Rollover Flips
34552.2,2026-10-03T11:23:43Z,0.0015,-0.0053,-0.0008,0.0543,0.0055,-0.0451,-0.0027,-0.9997,1.0008,-0.0466,0.0026,-0.9989,-0.0261,-0.0172,-0.0223,0.0384,0,0,Lateral Rollover (360°),Rollover Flips
34572.3,2026-10-03T11:23:43Z,0.0016,0.0007,-0.0159,0.1567,0.0160,-0.0452,0.0037,-1.0148,1.0158,-0.0467,0.0030,-0.9989,-0.0149,0.0051,-0.0226,0.0275,0,0,Lateral Rollover (360°),Rollover Flips
34592.3,2026-10-03T11:23:43Z,0.0007,0.0000,-0.0119,0.1173,0.0120,-0.0460,0.0031,-1.0108,1.0119,-0.0467,0.0031,-0.9989,0.0031,0.0064,-0.0221,0.0232,0,0,Lateral Rollover (360°),Rollover Flips
34612.5,2026-10-03T11:23:43Z,0.0045,0.0007,-0.0049,0.0658,0.0067,-0.0422,0.0038,-1.0038,1.0047,-0.0467,0.0030,-0.9989,0.0001,-0.0065,-0.0227,0.0236,0,0,Lateral Rollover (360°),Rollover Flips
34632.7,2026-10-03T11:23:43Z,0.0091,0.0013,-0.0095,0.1299,0.0132,-0.0376,0.0042,-1.0084,1.0091,-0.0467,0.0030,-0.9989,0.0102,0.0031,-0.0090,0.0139,0,0,Lateral Rollover (360°),Rollover Flips
34652.8,2026-10-03T11:23:43Z,0.0058,-0.0003,-0.0046,0.0730,0.0074,-0.0408,0.0022,-1.0035,1.0043,-0.0467,0.0026,-0.9989,0.0226,0.0007,-0.0031,0.0228,0,0,Lateral Rollover (360°),Rollover Flips
34672.7,2026-10-03T11:23:43Z,0.0057,-0.0027,-0.0018,0.0643,0.0066,-0.0412,-0.0005,-1.0007,1.0016,-0.0469,0.0022,-0.9989,0.0178,-0.0170,-0.0060,0.0253,0,0,Lateral Rollover (360°),Rollover Flips
34692.8,2026-10-03T11:23:43Z,0.0029,0.0003,-0.0045,0.0520,0.0053,-0.0442,0.0021,-1.0033,1.0043,-0.0470,0.0018,-0.9989,0.0157,0.0013,-0.0018,0.0158,0,0,Lateral Rollover (360°),Rollover Flips
34712.9,2026-10-03T11:23:43Z,0.0032,-0.0004,-0.0006,0.0318,0.0032,-0.0436,0.0012,-0.9995,1.0004,-0.0468,0.0017,-0.9989,-0.0023,0.0268,-0.0025,0.0270,0,0,Lateral Rollover (360°),Rollover Flips
34733.0,2026-10-03T11:23:43Z,0.0052,-0.0001,-0.0040,0.0641,0.0065,-0.0409,0.0018,-1.0029,1.0038,-0.0461,0.0019,-0.9989,-0.0178,0.0360,-0.0041,0.0404,0,0,Lateral Rollover (360°),Rollover Flips
34753.2,2026-10-03T11:23:43Z,0.0093,0.0021,-0.0080,0.1225,0.0125,-0.0360,0.0042,-1.0070,1.0076,-0.0454,0.0021,-0.9990,-0.0027,0.0281,0.0013,0.0283,0,0,Lateral Rollover (360°),Rollover Flips
34773.2,2026-10-03T11:23:43Z,0.0107,0.0007,-0.0031,0.1094,0.0112,-0.0344,0.0027,-1.0021,1.0027,-0.0450,0.0021,-0.9990,0.0064,0.0050,0.0069,0.0107,0,0,Lateral Rollover (360°),Rollover Flips
34793.4,2026-10-03T11:23:43Z,0.0091,0.0014,-0.0060,0.1080,0.0110,-0.0361,0.0032,-1.0050,1.0057,-0.0452,0.0018,-0.9990,0.0185,-0.0121,0.0120,0.0252,0,0,Lateral Rollover (360°),Rollover Flips
34813.5,2026-10-03T11:23:43Z,0.0070,0.0024,-0.0022,0.0754,0.0077,-0.0384,0.0037,-1.0011,1.0019,-0.0454,0.0014,-0.9990,0.0234,-0.0111,0.0180,0.0316,0,0,Lateral Rollover (360°),Rollover Flips
34833.6,2026-10-03T11:23:43Z,0.0032,-0.0002,0.0063,0.0694,0.0071,-0.0423,0.0009,-0.9926,0.9935,-0.0454,0.0011,-0.9990,0.0067,0.0020,0.0178,0.0192,0,0,Lateral Rollover (360°),Rollover Flips
34853.7,2026-10-03T11:23:43Z,-0.0004,-0.0034,0.0043,0.0536,0.0055,-0.0458,-0.0021,-0.9947,0.9957,-0.0454,0.0013,-0.9990,-0.0215,0.0006,0.0087,0.0232,0,0,Lateral Rollover (360°),Rollover Flips
34873.8,2026-10-03T11:23:43Z,0.0023,-0.0001,-0.0079,0.0809,0.0083,-0.0430,0.0016,-1.0069,1.0078,-0.0453,0.0017,-0.9990,-0.0188,0.0035,0.0066,0.0202,0,0,Lateral Rollover (360°),Rollover Flips
34893.8,2026-10-03T11:23:43Z,0.0022,0.0015,-0.0096,0.0981,0.0100,-0.0430,0.0035,-1.0086,1.0095,-0.0452,0.0020,-0.9990,-0.0081,0.0066,0.0153,0.0185,0,0,Lateral Rollover (360°),Rollover Flips
34914.1,2026-10-03T11:23:43Z,-0.0013,-0.0005,-0.0109,0.1075,0.0110,-0.0465,0.0015,-1.0098,1.0109,-0.0452,0.0021,-0.9990,0.0048,-0.0082,0.0123,0.0155,0,0,Lateral Rollover (360°),Rollover Flips
34934.2,2026-10-03T11:23:43Z,-0.0033,-0.0020,-0.0074,0.0820,0.0084,-0.0488,-0.0002,-1.0064,1.0075,-0.0455,0.0019,-0.9990,0.0159,-0.0196,0.0097,0.0271,0,0,Lateral Rollover (360°),Rollover Flips
34954.3,2026-10-03T11:23:43Z,-0.0035,-0.0028,0.0002,0.0439,0.0045,-0.0493,-0.0013,-0.9988,1.0000,-0.0458,0.0014,-0.9990,0.0244,-0.0083,0.0070,0.0267,0,0,Lateral Rollover (360°),Rollover Flips
34974.3,2026-10-03T11:23:43Z,-0.0036,-0.0007,0.0069,0.0766,0.0078,-0.0495,0.0003,-0.9921,0.9933,-0.0459,0.0009,-0.9989,0.0218,-0.0087,0.0042,0.0239,0,0,Lateral Rollover (360°),Rollover Flips
34994.5,2026-10-03T11:23:43Z,0.0010,-0.0029,0.0143,0.1430,0.0146,-0.0453,-0.0020,-0.9847,0.9857,-0.0464,0.0008,-0.9989,-0.0090,-0.0424,-0.0061,0.0437,0,0,Lateral Rollover (360°),Rollover Flips
35014.6,2026-10-03T11:23:43Z,0.0119,0.0030,0.0050,0.1303,0.0133,-0.0358,0.0041,-0.9939,0.9945,-0.0477,0.0011,-0.9989,-0.0116,-0.1004,0.0032,0.1012,0,0,Lateral Rollover (360°),Rollover Flips
35034.7,2026-10-03T11:23:43Z,0.0164,0.0074,-0.0030,0.1791,0.0183,-0.0343,0.0084,-1.0017,1.0023,-0.0507,0.0011,-0.9987,0.0164,-0.2034,0.0122,0.2044,0,0,Lateral Rollover (360°),Rollover Flips
35054.8,2026-10-03T11:23:44Z,0.0066,0.0079,-0.0103,0.1428,0.0146,-0.0487,0.0083,-1.0088,1.0100,-0.0553,0.0005,-0.9985,0.0446,-0.2301,0.0128,0.2347,0,0,Lateral Rollover (360°),Rollover Flips
35074.7,2026-10-03T11:23:44Z,-0.0061,0.0032,-0.0175,0.1840,0.0188,-0.0653,0.0026,-1.0157,1.0178,-0.0592,-0.0006,-0.9982,0.0559,-0.1478,-0.0011,0.1581,0,0,Lateral Rollover (360°),Rollover Flips
35095.1,2026-10-03T11:23:44Z,-0.0051,0.0023,-0.0124,0.1335,0.0136,-0.0659,0.0008,-1.0106,1.0127,-0.0608,-0.0014,-0.9982,0.0243,0.0013,-0.0009,0.0244,0,0,Lateral Rollover (360°),Rollover Flips
35114.9,2026-10-03T11:23:44Z,0.0020,-0.0022,-0.0050,0.0569,0.0058,-0.0576,-0.0034,-1.0032,1.0049,-0.0596,-0.0012,-0.9982,-0.0434,0.0960,0.0097,0.1058,0,0,Lateral Rollover (360°),Rollover Flips
35135.2,2026-10-03T11:23:44Z,0.0083,-0.0034,-0.0144,0.1667,0.0170,-0.0493,-0.0036,-1.0128,1.0140,-0.0576,-0.0002,-0.9983,-0.0432,0.0844,0.0184,0.0966,0,0,Lateral Rollover (360°),Rollover Flips
35155.3,2026-10-03T11:23:44Z,0.0092,-0.0043,-0.0132,0.1632,0.0166,-0.0474,-0.0041,-1.0116,1.0127,-0.0566,0.0003,-0.9984,0.0035,0.0149,0.0239,0.0284,0,0,Lateral Rollover (360°),Rollover Flips
35175.3,2026-10-03T11:23:44Z,0.0060,-0.0064,-0.0006,0.0857,0.0087,-0.0510,-0.0064,-0.9990,1.0003,-0.0570,-0.0001,-0.9984,0.0228,-0.0471,0.0153,0.0545,0,0,Lateral Rollover (360°),Rollover Flips
35195.5,2026-10-03T11:23:44Z,0.0029,-0.0038,-0.0074,0.0867,0.0088,-0.0552,-0.0043,-1.0057,1.0073,-0.0581,-0.0005,-0.9983,0.0206,-0.0508,0.0042,0.0549,0,0,Lateral Rollover (360°),Rollover Flips
35215.5,2026-10-03T11:23:44Z,0.0075,0.0012,-0.0069,0.1007,0.0103,-0.0511,0.0004,-1.0052,1.0065,-0.0587,-0.0009,-0.9983,0.0149,-0.0067,0.0180,0.0243,0,0,Lateral Rollover (360°),Rollover Flips
35235.8,2026-10-03T11:23:44Z,0.0131,0.0009,0.0042,0.1348,0.0137,-0.0453,0.0001,-0.9941,0.9951,-0.0584,-0.0008,-0.9983,-0.0231,0.0337,0.0424,0.0589,0,0,Lateral Rollover (360°),Rollover Flips
35255.9,2026-10-03T11:23:44Z,0.0104,0.0039,-0.0036,0.1143,0.0117,-0.0470,0.0040,-1.0020,1.0031,-0.0574,0.0001,-0.9984,-0.0533,0.0577,0.0662,0.1027,0,0,Lateral Rollover (360°),Rollover Flips
35275.9,2026-10-03T11:23:44Z,0.0120,0.0106,-0.0195,0.2477,0.0253,-0.0444,0.0117,-1.0179,1.0189,-0.0564,0.0010,-0.9984,-0.0214,0.0350,0.0745,0.0851,0,0,Lateral Rollover (360°),Rollover Flips
35295.9,2026-10-03T11:23:44Z,0.0073,0.0037,-0.0100,0.1265,0.0129,-0.0486,0.0046,-1.0084,1.0096,-0.0559,0.0009,-0.9984,0.0348,-0.0002,0.0726,0.0805,0,0,Lateral Rollover (360°),Rollover Flips
35316.0,2026-10-03T11:23:44Z,0.0023,-0.0011,0.0056,0.0603,0.0062,-0.0543,-0.0010,-0.9928,0.9943,-0.0567,0.0002,-0.9984,0.0390,-0.0607,0.0519,0.0889,0,0,Lateral Rollover (360°),Rollover Flips
35336.3,2026-10-03T11:23:44Z,0.0013,0.0040,-0.0048,0.0633,0.0064,-0.0566,0.0037,-1.0032,1.0048,-0.0580,-0.0004,-0.9983,0.0255,-0.0685,0.0370,0.0819,0,0,Lateral Rollover (360°),Rollover Flips
35356.1,2026-10-03T11:23:44Z,-0.0122,0.0069,-0.0304,0.3285,0.0335,-0.0709,0.0056,-1.0287,1.0312,-0.0587,-0.0013,-0.9983,0.0672,0.0139,0.0292,0.0746,0,0,Lateral Rollover (360°),Rollover Flips
35376.3,2026-10-03T11:23:44Z,0.0055,-0.0017,0.0051,0.0753,0.0077,-0.0522,-0.0042,-0.9932,0.9946,-0.0577,-0.0025,-0.9983,0.0492,0.0741,0.0378,0.0966,0,0,Lateral Rollover (360°),Rollover Flips
35396.6,2026-10-03T11:23:44Z,0.0095,0.0021,0.0317,0.3251,0.0332,-0.0466,-0.0006,-0.9667,0.9678,-0.0561,-0.0027,-0.9984,-0.0263,0.0728,0.0624,0.0994,0,0,Lateral Rollover (360°),Rollover Flips
35416.5,2026-10-03T11:23:44Z,0.0039,-0.0067,0.0177,0.1894,0.0193,-0.0513,-0.0083,-0.9808,0.9822,-0.0552,-0.0016,-0.9985,-0.0652,0.0074,0.0606,0.0894,0,0,Lateral Rollover (360°),Rollover Flips
35436.7,2026-10-03T11:23:44Z,0.0040,0.0009,-0.0069,0.0792,0.0081,-0.0516,0.0004,-1.0054,1.0067,-0.0556,-0.0005,-0.9985,-0.0278,-0.0452,0.0406,0.0668,0,0,Lateral Rollover (360°),Rollover Flips
35456.8,2026-10-03T11:23:44Z,0.0098,0.0068,-0.0118,0.1649,0.0168,-0.0471,0.0063,-1.0102,1.0113,-0.0569,-0.0005,-0.9984,0.0274,-0.0784,0.0534,0.0987,0,0,Lateral Rollover (360°),Rollover Flips
35477.0,2026-10-03T11:23:44Z,0.0068,0.0034,-0.0139,0.1557,0.0159,-0.0517,0.0023,-1.0122,1.0136,-0.0584,-0.0011,-0.9983,0.0374,-0.0617,0.0588,0.0931,0,0,Lateral Rollover (360°),Rollover Flips
35497.1,2026-10-03T11:23:44Z,0.0044,0.0073,-0.0189,0.2033,0.0207,-0.0547,0.0054,-1.0172,1.0186,-0.0591,-0.0019,-0.9982,0.0413,-0.0052,0.0794,0.0896,0,0,Lateral Rollover (360°),Rollover Flips
35517.2,2026-10-03T11:23:44Z,0.0004,-0.0070,0.0056,0.0881,0.0090,-0.0580,-0.0092,-0.9927,0.9944,-0.0584,-0.0022,-0.9983,-0.0123,0.0709,0.0992,0.1225,0,0,Lateral Rollover (360°),Rollover Flips
35537.2,2026-10-03T11:23:44Z,-0.0011,-0.0055,0.0186,0.1901,0.0194,-0.0576,-0.0062,-0.9798,0.9816,-0.0565,-0.0007,-0.9984,-0.1178,0.1186,0.0982,0.1939,0,0,Lateral Rollover (360°),Rollover Flips
35557.3,2026-10-03T11:23:44Z,0.0063,0.0002,-0.0156,0.1648,0.0168,-0.0476,0.0021,-1.0141,1.0152,-0.0539,0.0019,-0.9985,-0.1190,0.1181,0.0947,0.1925,0,0,Lateral Rollover (360°),Rollover Flips
35577.3,2026-10-03T11:23:44Z,0.0083,0.0081,-0.0335,0.3478,0.0355,-0.0437,0.0117,-1.0322,1.0332,-0.0520,0.0037,-0.9986,-0.0396,0.0818,0.0989,0.1344,0,0,Lateral Rollover (360°),Rollover Flips
35597.5,2026-10-03T11:23:44Z,0.0099,0.0076,-0.0335,0.3504,0.0357,-0.0405,0.0114,-1.0322,1.0331,-0.0503,0.0038,-0.9987,0.0260,0.0907,0.0993,0.1370,0,0,Lateral Rollover (360°),Rollover Flips
35617.4,2026-10-03T11:23:44Z,0.0210,0.0028,0.0014,0.2086,0.0213,-0.0271,0.0063,-0.9975,0.9978,-0.0481,0.0035,-0.9988,-0.0035,0.1284,0.1643,0.2086,0,0,Lateral Rollover (360°),Rollover Flips
35637.5,2026-10-03T11:23:44Z,0.0323,-0.0058,0.0355,0.4746,0.0484,-0.0131,-0.0010,-0.9634,0.9635,-0.0454,0.0048,-0.9990,-0.1136,0.1231,0.2110,0.2694,0,0,Lateral Rollover (360°),Rollover Flips
35657.8,2026-10-03T11:23:44Z,0.0320,-0.0231,0.0473,0.6036,0.0616,-0.0121,-0.0146,-0.9517,0.9519,-0.0440,0.0085,-0.9990,-0.2223,0.0047,0.2601,0.3422,0,0,Lateral Rollover (360°),Rollover Flips
35677.9,2026-10-03T11:23:44Z,0.0087,-0.0039,0.0152,0.1757,0.0179,-0.0365,0.0097,-0.9837,0.9844,-0.0452,0.0136,-0.9989,-0.2393,-0.1300,0.2155,0.3473,0,0,Lateral Rollover (360°),Rollover Flips
35698.1,2026-10-03T11:23:44Z,-0.0020,0.0067,-0.0434,0.4311,0.0440,-0.0505,0.0240,-1.0421,1.0436,-0.0485,0.0173,-0.9987,-0.0916,-0.1836,0.1734,0.2687,0,0,Lateral Rollover (360°),Rollover Flips
35718.0,2026-10-03T11:23:44Z,0.0015,0.0200,-0.0590,0.6114,0.0623,-0.0501,0.0375,-1.0575,1.0594,-0.0516,0.0175,-0.9985,0.0796,-0.1199,0.1670,0.2205,0,0,Lateral Rollover (360°),Rollover Flips
35738.4,2026-10-03T11:23:44Z,0.0140,0.0160,-0.0385,0.4317,0.0440,-0.0389,0.0311,-1.0370,1.0382,-0.0529,0.0151,-0.9985,0.1616,-0.0294,0.2228,0.2768,0,0,Lateral Rollover (360°),Rollover Flips
35758.4,2026-10-03T11:23:44Z,-0.0021,-0.0022,0.0023,0.0376,0.0038,-0.0552,0.0103,-0.9962,0.9978,-0.0531,0.0125,-0.9985,0.1068,-0.0115,0.2387,0.2617,0,0,Lateral Rollover (360°),Rollover Flips
35778.6,2026-10-03T11:23:44Z,-0.0152,-0.0107,0.0280,0.3292,0.0336,-0.0689,0.0008,-0.9705,0.9730,-0.0537,0.0115,-0.9985,0.0180,-0.0568,0.1839,0.1933,0,0,Lateral Rollover (360°),Rollover Flips
35798.5,2026-10-03T11:23:44Z,0.0056,0.0005,0.0207,0.2101,0.0214,-0.0496,0.0123,-0.9777,0.9791,-0.0552,0.0118,-0.9984,-0.0259,-0.0879,0.1829,0.2046,0,0,Lateral Rollover (360°),Rollover Flips
35818.5,2026-10-03T11:23:44Z,0.0161,0.0172,-0.0110,0.2545,0.0260,-0.0403,0.0297,-1.0093,1.0105,-0.0564,0.0125,-0.9983,-0.0085,-0.0242,0.2474,0.2487,0,0,Lateral Rollover (360°),Rollover Flips
35838.8,2026-10-03T11:23:44Z,0.0045,0.0172,-0.0181,0.2491,0.0254,-0.0520,0.0296,-1.0164,1.0182,-0.0565,0.0124,-0.9983,0.0555,-0.0015,0.2793,0.2848,0,0,Lateral Rollover (360°),Rollover Flips
35858.9,2026-10-03T11:23:44Z,0.0057,0.0150,-0.0164,0.2248,0.0229,-0.0509,0.0260,-1.0148,1.0164,-0.0566,0.0110,-0.9983,0.0994,-0.0177,0.3031,0.3195,0,0,Lateral Rollover (360°),Rollover Flips
35878.9,2026-10-03T11:23:44Z,0.0138,0.0209,-0.0275,0.3649,0.0372,-0.0428,0.0304,-1.0258,1.0272,-0.0567,0.0095,-0.9983,0.0874,0.0428,0.3313,0.3453,0,0,Lateral Rollover (360°),Rollover Flips
35899.2,2026-10-03T11:23:44Z,0.0065,0.0097,-0.0315,0.3294,0.0336,-0.0474,0.0181,-1.0300,1.0313,-0.0539,0.0084,-0.9985,0.0552,0.2080,0.4052,0.4588,0,0,Lateral Rollover (360°),Rollover Flips
35919.1,2026-10-03T11:23:44Z,-0.0092,-0.0190,-0.0267,0.3343,0.0341,-0.0589,-0.0115,-1.0255,1.0272,-0.0498,0.0076,-0.9987,0.0808,0.1904,0.3560,0.4117,0,0,Lateral Rollover (360°),Rollover Flips
35939.4,2026-10-03T11:23:44Z,-0.0156,-0.0106,-0.0065,0.1956,0.0199,-0.0619,-0.0048,-1.0054,1.0074,-0.0463,0.0058,-0.9989,0.1201,0.1387,0.2932,0.3459,0,0,Lateral Rollover (360°),Rollover Flips
35959.4,2026-10-03T11:23:44Z,-0.0101,-0.0120,0.0038,0.1586,0.0162,-0.0543,-0.0083,-0.9952,0.9967,-0.0442,0.0038,-0.9990,0.1014,0.0781,0.2561,0.2863,0,0,Lateral Rollover (360°),Rollover Flips
35979.5,2026-10-03T11:23:44Z,-0.0180,-0.0221,-0.0104,0.2973,0.0303,-0.0604,-0.0201,-1.0095,1.0115,-0.0425,0.0020,-0.9991,0.0992,0.0920,0.1970,0.2390,0,0,Lateral Rollover (360°),Rollover Flips
35999.7,2026-10-03T11:23:44Z,-0.0148,-0.0080,-0.0081,0.1832,0.0187,-0.0554,-0.0078,-1.0073,1.0088,-0.0406,0.0001,-0.9992,0.1054,0.0777,0.1691,0.2139,0,0,Lateral Rollover (360°),Rollover Flips
36019.7,2026-10-03T11:23:44Z,-0.0133,-0.0149,-0.0036,0.1994,0.0203,-0.0529,-0.0170,-1.0028,1.0043,-0.0396,-0.0020,-0.9992,0.1229,0.0228,0.1372,0.1856,0,0,Lateral Rollover (360°),Rollover Flips
36039.8,2026-10-03T11:23:44Z,-0.0020,-0.0186,0.0161,0.2417,0.0246,-0.0416,-0.0229,-0.9831,0.9843,-0.0396,-0.0044,-0.9992,0.1121,-0.0223,0.1295,0.1727,0,0,Lateral Rollover (360°),Rollover Flips
36060.0,2026-10-03T11:23:45Z,-0.0026,-0.0294,0.0496,0.5663,0.0577,-0.0434,-0.0354,-0.9495,0.9512,-0.0409,-0.0060,-0.9991,0.0499,-0.1190,0.1235,0.1786,0,0,Lateral Rollover (360°),Rollover Flips
36080.1,2026-10-03T11:23:45Z,-0.0205,-0.0183,0.0423,0.4950,0.0505,-0.0648,-0.0245,-0.9567,0.9592,-0.0442,-0.0062,-0.9990,-0.0164,-0.1952,0.0817,0.2122,0,0,Lateral Rollover (360°),Rollover Flips
36100.1,2026-10-03T11:23:45Z,0.0011,-0.0037,0.0321,0.3170,0.0323,-0.0474,-0.0089,-0.9667,0.9679,-0.0484,-0.0052,-0.9988,-0.0787,-0.2253,0.0885,0.2546,0,0,Lateral Rollover (360°),Rollover Flips
36120.1,2026-10-03T11:23:45Z,0.0095,0.0029,0.0191,0.2111,0.0215,-0.0433,-0.0002,-0.9795,0.9805,-0.0529,-0.0030,-0.9986,-0.1209,-0.1933,0.1335,0.2642,0,0,Lateral Rollover (360°),Rollover Flips
36140.2,2026-10-03T11:23:45Z,0.0199,-0.0041,0.0079,0.2137,0.0218,-0.0360,-0.0042,-0.9906,0.9912,-0.0559,-0.0001,-0.9984,-0.1462,-0.0835,0.2124,0.2710,0,0,Lateral Rollover (360°),Rollover Flips
36160.4,2026-10-03T11:23:45Z,0.0212,0.0134,-0.0625,0.6600,0.0673,-0.0339,0.0152,-1.0609,1.0616,-0.0551,0.0018,-0.9985,-0.0287,0.0831,0.3267,0.3383,0,0,Lateral Rollover (360°),Rollover Flips
36180.7,2026-10-03T11:23:45Z,0.0122,-0.0076,-0.0264,0.2950,0.0301,-0.0409,-0.0057,-1.0250,1.0258,-0.0531,0.0020,-0.9986,0.0402,0.1053,0.3782,0.3946,0,0,Lateral Rollover (360°),Rollover Flips
36200.6,2026-10-03T11:23:45Z,-0.0193,0.0013,0.0045,0.1943,0.0198,-0.0711,0.0029,-0.9942,0.9967,-0.0519,0.0016,-0.9987,0.0304,0.0043,0.3017,0.3033,0,0,Lateral Rollover (360°),Rollover Flips
36220.6,2026-10-03T11:23:45Z,-0.0155,0.0098,-0.0207,0.2714,0.0277,-0.0680,0.0107,-1.0193,1.0217,-0.0525,0.0010,-0.9986,0.0663,-0.0645,0.1860,0.2077,0,0,Lateral Rollover (360°),Rollover Flips
36240.7,2026-10-03T11:23:45Z,-0.0098,0.0061,-0.0234,0.2562,0.0261,-0.0641,0.0055,-1.0219,1.0240,-0.0543,-0.0006,-0.9985,0.1047,-0.0997,0.1426,0.2030,0,0,Lateral Rollover (360°),Rollover Flips
36261.0,2026-10-03T11:23:45Z,0.0051,-0.0107,-0.0015,0.1178,0.0120,-0.0507,-0.0133,-1.0000,1.0013,-0.0559,-0.0026,-0.9984,0.0909,-0.0522,0.1521,0.1848,0,0,Lateral Rollover (360°),Rollover Flips
36281.2,2026-10-03T11:23:45Z,0.0200,-0.0115,0.0076,0.2381,0.0243,-0.0364,-0.0149,-0.9908,0.9916,-0.0564,-0.0035,-0.9984,0.0146,0.0053,0.1974,0.1981,0,0,Lateral Rollover (360°),Rollover Flips
36306.2,2026-10-03T11:23:45Z,0.0022,0.0084,-0.0236,0.2465,0.0251,-0.0533,0.0053,-1.0220,1.0234,-0.0555,-0.0032,-0.9985,-0.0039,0.0928,0.2089,0.2286,0,0,Lateral Rollover (360°),Rollover Flips
36321.2,2026-10-03T11:23:45Z,-0.0114,0.0111,-0.0470,0.4869,0.0496,-0.0642,0.0075,-1.0456,1.0476,-0.0529,-0.0036,-0.9986,0.0802,0.1545,0.1831,0.2526,0,0,Lateral Rollover (360°),Rollover Flips
36341.5,2026-10-03T11:23:45Z,0.0068,0.0101,-0.0344,0.3574,0.0364,-0.0429,0.0042,-1.0331,1.0340,-0.0496,-0.0058,-0.9987,0.1491,0.1471,0.1731,0.2717,0,0,Lateral Rollover (360°),Rollover Flips
36361.4,2026-10-03T11:23:45Z,0.0275,-0.0014,-0.0175,0.3195,0.0326,-0.0200,-0.0103,-1.0163,1.0165,-0.0475,-0.0089,-0.9988,0.1756,0.0702,0.1920,0.2695,0,0,Lateral Rollover (360°),Rollover Flips
36381.5,2026-10-03T11:23:45Z,0.0205,-0.0030,0.0003,0.2030,0.0207,-0.0265,-0.0154,-0.9985,0.9990,-0.0470,-0.0124,-0.9988,0.1861,-0.0212,0.2286,0.2955,0,0,Lateral Rollover (360°),Rollover Flips
36406.4,2026-10-03T11:23:45Z,0.0132,-0.0093,0.0111,0.1919,0.0196,-0.0349,-0.0251,-0.9876,0.9886,-0.0481,-0.0158,-0.9987,0.1780,-0.0682,0.2128,0.2857,0,0,Lateral Rollover (360°),Rollover Flips
36421.7,2026-10-03T11:23:45Z,0.0125,-0.0177,0.0160,0.2637,0.0269,-0.0373,-0.0366,-0.9826,0.9840,-0.0498,-0.0189,-0.9986,0.1482,-0.0903,0.2101,0.2725,0,0,Lateral Rollover (360°),Rollover Flips
36442.0,2026-10-03T11:23:45Z,0.0020,-0.0071,0.0154,0.1674,0.0171,-0.0495,-0.0285,-0.9830,0.9847,-0.0515,-0.0214,-0.9984,0.1134,-0.0654,0.1967,0.2363,0,0,Lateral Rollover (360°),Rollover Flips
36461.9,2026-10-03T11:23:45Z,0.0013,-0.0021,0.0172,0.1708,0.0174,-0.0511,-0.0251,-0.9811,0.9828,-0.0523,-0.0230,-0.9984,0.0677,-0.0160,0.1678,0.1817,0,0,Lateral Rollover (360°),Rollover Flips
36482.4,2026-10-03T11:23:45Z,0.0062,0.0006,0.0094,0.1111,0.0113,-0.0464,-0.0233,-0.9889,0.9903,-0.0527,-0.0238,-0.9983,0.0321,-0.0168,0.1577,0.1618,0,0,Lateral Rollover (360°),Rollover Flips
36507.3,2026-10-03T11:23:45Z,-0.0141,0.0021,-0.0097,0.1691,0.0172,-0.0674,-0.0222,-1.0080,1.0105,-0.0534,-0.0243,-0.9983,0.0385,-0.0509,0.1154,0.1319,0,0,Lateral Rollover (360°),Rollover Flips
36522.2,2026-10-03T11:23:45Z,-0.0230,0.0058,-0.0225,0.3206,0.0327,-0.0775,-0.0197,-1.0206,1.0238,-0.0545,-0.0255,-0.9982,0.0960,-0.0534,0.0488,0.1202,0,0,Lateral Rollover (360°),Rollover Flips
36542.4,2026-10-03T11:23:45Z,0.0147,-0.0004,-0.0076,0.1626,0.0166,-0.0407,-0.0282,-1.0056,1.0069,-0.0555,-0.0278,-0.9981,0.1193,-0.0412,0.0394,0.1322,0,0,Lateral Rollover (360°),Rollover Flips
36562.4,2026-10-03T11:23:45Z,0.0177,0.0077,-0.0012,0.1901,0.0194,-0.0389,-0.0220,-0.9991,1.0001,-0.0566,-0.0297,-0.9980,0.0839,-0.0643,0.0643,0.1237,0,0,Lateral Rollover (360°),Rollover Flips
36582.7,2026-10-03T11:23:45Z,0.0081,0.0082,-0.0191,0.2185,0.0223,-0.0496,-0.0231,-1.0169,1.0184,-0.0577,-0.0314,-0.9978,0.0933,-0.0480,0.0803,0.1321,0,0,Lateral Rollover (360°),Rollover Flips
36607.1,2026-10-03T11:23:45Z,-0.0206,0.0062,-0.0254,0.3263,0.0333,-0.0793,-0.0272,-1.0231,1.0265,-0.0587,-0.0335,-0.9977,0.1283,-0.0409,0.0356,0.1393,0,0,Lateral Rollover (360°),Rollover Flips
36622.7,2026-10-03T11:23:45Z,-0.0131,0.0018,-0.0166,0.2083,0.0212,-0.0724,-0.0345,-1.0142,1.0173,-0.0592,-0.0363,-0.9976,0.1498,-0.0131,-0.0062,0.1505,0,0,Lateral Rollover (360°),Rollover Flips
36642.8,2026-10-03T11:23:45Z,-0.0010,-0.0028,0.0026,0.0390,0.0040,-0.0601,-0.0419,-0.9949,0.9976,-0.0591,-0.0391,-0.9975,0.1163,0.0280,-0.0005,0.1196,0,0,Lateral Rollover (360°),Rollover Flips
36663.0,2026-10-03T11:23:45Z,-0.0031,-0.0074,0.0102,0.1276,0.0130,-0.0614,-0.0484,-0.9872,0.9903,-0.0582,-0.0409,-0.9975,0.0735,0.0538,-0.0013,0.0911,0,0,Lateral Rollover (360°),Rollover Flips
36683.0,2026-10-03T11:23:45Z,0.0139,-0.0201,0.0223,0.3243,0.0331,-0.0431,-0.0620,-0.9752,0.9781,-0.0570,-0.0419,-0.9975,0.0170,0.0667,0.0143,0.0703,0,0,Lateral Rollover (360°),Rollover Flips
36705.3,2026-10-03T11:23:45Z,0.0013,-0.0054,0.0177,0.1816,0.0185,-0.0545,-0.0469,-0.9799,0.9825,-0.0558,-0.0416,-0.9976,-0.0420,0.0597,0.0285,0.0784,0,0,Lateral Rollover (360°),Rollover Flips
36723.2,2026-10-03T11:23:45Z,-0.0149,-0.0108,0.0126,0.2182,0.0222,-0.0697,-0.0514,-0.9851,0.9889,-0.0548,-0.0406,-0.9977,-0.0456,0.0279,0.0086,0.0541,0,0,Lateral Rollover (360°),Rollover Flips
36743.3,2026-10-03T11:23:45Z,-0.0206,-0.0100,0.0116,0.2517,0.0257,-0.0754,-0.0498,-0.9861,0.9903,-0.0548,-0.0398,-0.9977,-0.0427,-0.0283,-0.0428,0.0668,0,0,Lateral Rollover (360°),Rollover Flips
36763.6,2026-10-03T11:23:45Z,-0.0281,-0.0021,-0.0083,0.2879,0.0294,-0.0840,-0.0413,-1.0060,1.0104,-0.0560,-0.0392,-0.9977,-0.0229,-0.0781,-0.1178,0.1432,0,0,Lateral Rollover (360°),Rollover Flips
36783.9,2026-10-03T11:23:45Z,-0.0166,-0.0067,-0.0093,0.1976,0.0201,-0.0741,-0.0459,-1.0069,1.0106,-0.0575,-0.0392,-0.9976,0.0069,-0.0839,-0.1606,0.1813,0,0,Lateral Rollover (360°),Rollover Flips
36805.2,2026-10-03T11:23:45Z,0.0022,-0.0100,0.0107,0.1448,0.0148,-0.0565,-0.0495,-0.9868,0.9897,-0.0587,-0.0395,-0.9975,-0.0056,-0.0514,-0.1445,0.1535,0,0,Lateral Rollover (360°),Rollover Flips
36823.8,2026-10-03T11:23:45Z,0.0061,-0.0121,0.0298,0.3205,0.0327,-0.0535,-0.0509,-0.9677,0.9705,-0.0596,-0.0389,-0.9975,-0.0744,-0.0552,-0.1384,0.1666,0,0,Lateral Rollover (360°),Rollover Flips
36843.8,2026-10-03T11:23:45Z,0.0150,-0.0049,0.0259,0.2972,0.0303,-0.0457,-0.0416,-0.9716,0.9736,-0.0607,-0.0367,-0.9975,-0.1507,-0.0726,-0.1176,0.2045,0,0,Lateral Rollover (360°),Rollover Flips
36864.2,2026-10-03T11:23:45Z,0.0131,0.0037,0.0073,0.1512,0.0154,-0.0490,-0.0298,-0.9902,0.9919,-0.0620,-0.0335,-0.9975,-0.1774,-0.0595,-0.0835,0.2049,0,0,Lateral Rollover (360°),Rollover Flips
36884.3,2026-10-03T11:23:45Z,-0.0062,0.0017,-0.0184,0.1910,0.0195,-0.0690,-0.0286,-1.0159,1.0187,-0.0627,-0.0302,-0.9976,-0.1477,-0.0089,-0.0851,0.1707,0,0,Lateral Rollover (360°),Rollover Flips
36906.6,2026-10-03T11:23:45Z,-0.0068,0.0037,-0.0249,0.2556,0.0261,-0.0693,-0.0242,-1.0226,1.0252,-0.0625,-0.0279,-0.9977,-0.1039,0.0101,-0.1141,0.1546,0,0,Lateral Rollover (360°),Rollover Flips
36924.2,2026-10-03T11:23:45Z,0.0018,0.0038,-0.0336,0.3322,0.0339,-0.0606,-0.0226,-1.0313,1.0333,-0.0624,-0.0264,-0.9977,-0.0582,0.0019,-0.1292,0.1417,0,0,Lateral Rollover (360°),Rollover Flips
36944.4,2026-10-03T11:23:45Z,0.0160,0.0055,-0.0266,0.3089,0.0315,-0.0462,-0.0204,-1.0243,1.0256,-0.0621,-0.0259,-0.9977,-0.0169,0.0184,-0.1086,0.1114,0,0,Lateral Rollover (360°),Rollover Flips
36964.8,2026-10-03T11:23:45Z,0.0164,0.0063,-0.0095,0.1963,0.0200,-0.0450,-0.0194,-1.0073,1.0085,-0.0614,-0.0257,-0.9978,-0.0260,0.0514,-0.0730,0.0930,0,0,Lateral Rollover (360°),Rollover Flips
36984.7,2026-10-03T11:23:45Z,0.0163,-0.0001,0.0068,0.1729,0.0176,-0.0439,-0.0249,-0.9911,0.9924,-0.0601,-0.0248,-0.9979,-0.0672,0.0632,-0.0429,0.1018,0,0,Lateral Rollover (360°),Rollover Flips
37007.3,2026-10-03T11:23:45Z,0.0044,-0.0037,0.0025,0.0615,0.0063,-0.0548,-0.0269,-0.9955,0.9973,-0.0592,-0.0231,-0.9980,-0.0955,0.0293,-0.0518,0.1125,0,0,Lateral Rollover (360°),Rollover Flips
37024.8,2026-10-03T11:23:45Z,-0.0126,-0.0064,-0.0159,0.2081,0.0212,-0.0714,-0.0279,-1.0139,1.0168,-0.0588,-0.0215,-0.9980,-0.0707,0.0097,-0.1000,0.1228,0,0,Lateral Rollover (360°),Rollover Flips
37045.1,2026-10-03T11:23:46Z,-0.0030,-0.0051,-0.0161,0.1683,0.0172,-0.0614,-0.0257,-1.0142,1.0164,-0.0584,-0.0206,-0.9981,-0.0308,0.0338,-0.1162,0.1249,0,0,Lateral Rollover (360°),Rollover Flips
37065.2,2026-10-03T11:23:46Z,-0.0002,-0.0035,-0.0068,0.0749,0.0076,-0.0577,-0.0238,-1.0049,1.0068,-0.0575,-0.0202,-0.9981,-0.0289,0.0487,-0.1253,0.1375,0,0,Lateral Rollover (360°),Rollover Flips
37085.4,2026-10-03T11:23:46Z,0.0058,-0.0027,-0.0064,0.0887,0.0090,-0.0506,-0.0225,-1.0046,1.0061,-0.0564,-0.0199,-0.9982,-0.0197,0.0505,-0.1207,0.1324,0,0,Lateral Rollover (360°),Rollover Flips
37106.8,2026-10-03T11:23:46Z,0.0024,-0.0090,0.0027,0.0948,0.0097,-0.0532,-0.0287,-0.9955,0.9974,-0.0556,-0.0197,-0.9983,-0.0194,0.0143,-0.1158,0.1183,0,0,Lateral Rollover (360°),Rollover Flips
37125.5,2026-10-03T11:23:46Z,-0.0021,-0.0079,0.0101,0.1276,0.0130,-0.0578,-0.0272,-0.9881,0.9902,-0.0557,-0.0193,-0.9983,-0.0362,-0.0311,-0.1363,0.1444,0,0,Lateral Rollover (360°),Rollover Flips
37145.5,2026-10-03T11:23:46Z,-0.0095,-0.0078,0.0014,0.1214,0.0124,-0.0662,-0.0263,-0.9968,0.9993,-0.0567,-0.0185,-0.9982,-0.0507,-0.0769,-0.1743,0.1971,0,0,Lateral Rollover (360°),Rollover Flips
37165.9,2026-10-03T11:23:46Z,-0.0204,-0.0098,-0.0067,0.2314,0.0236,-0.0789,-0.0277,-1.0048,1.0083,-0.0586,-0.0179,-0.9981,-0.0363,-0.1080,-0.2303,0.2570,0,0,Lateral Rollover (360°),Rollover Flips
37185.8,2026-10-03T11:23:46Z,-0.0271,-0.0093,-0.0036,0.2830,0.0289,-0.0876,-0.0269,-1.0016,1.0058,-0.0605,-0.0175,-0.9980,-0.0298,-0.0840,-0.3012,0.3141,0,0,Lateral Rollover (360°),Rollover Flips
37205.6,2026-10-03T11:23:46Z,-0.0085,-0.0017,-0.0012,0.0853,0.0087,-0.0695,-0.0189,-0.9992,1.0018,-0.0610,-0.0172,-0.9980,-0.0490,0.0234,-0.3284,0.3329,0,0,Lateral Rollover (360°),Rollover Flips
37226.0,2026-10-03T11:23:46Z,0.0224,0.0172,-0.0032,0.2783,0.0284,-0.0370,0.0009,-1.0013,1.0020,-0.0594,-0.0163,-0.9981,-0.0813,0.1250,-0.2638,0.3030,0,0,Lateral Rollover (360°),Rollover Flips
37246.0,2026-10-03T11:23:46Z,0.0366,0.0258,-0.0181,0.4738,0.0483,-0.0198,0.0109,-1.0164,1.0166,-0.0565,-0.0149,-0.9983,-0.0712,0.1420,-0.1637,0.2281,0,0,Lateral Rollover (360°),Rollover Flips
37266.1,2026-10-03T11:23:46Z,0.0269,0.0181,-0.0263,0.4094,0.0417,-0.0270,0.0039,-1.0247,1.0251,-0.0539,-0.0142,-0.9984,-0.0011,0.0929,-0.0755,0.1197,0,0,Lateral Rollover (360°),Rollover Flips
37286.3,2026-10-03T11:23:46Z,0.0088,0.0019,-0.0162,0.1821,0.0186,-0.0440,-0.0130,-1.0147,1.0158,-0.0528,-0.0149,-0.9985,0.0507,0.0295,-0.0622,0.0855,0,0,Lateral Rollover (360°),Rollover Flips
37306.3,2026-10-03T11:23:46Z,0.0061,-0.0004,0.0041,0.0720,0.0073,-0.0462,-0.0163,-0.9944,0.9956,-0.0523,-0.0159,-0.9985,0.0447,0.0239,-0.0789,0.0938,0,0,Lateral Rollover (360°),Rollover Flips
37326.3,2026-10-03T11:23:46Z,0.0158,-0.0043,0.0105,0.1905,0.0194,-0.0360,-0.0209,-0.9880,0.9889,-0.0518,-0.0166,-0.9985,0.0131,0.0155,-0.0553,0.0589,0,0,Lateral Rollover (360°),Rollover Flips
37346.6,2026-10-03T11:23:46Z,0.0082,-0.0045,-0.0050,0.1040,0.0106,-0.0434,-0.0211,-1.0035,1.0047,-0.0517,-0.0167,-0.9985,-0.0014,-0.0012,-0.0588,0.0588,0,0,Lateral Rollover (360°),Rollover Flips
37366.7,2026-10-03T11:23:46Z,0.0130,0.0032,-0.0188,0.2260,0.0231,-0.0386,-0.0137,-1.0173,1.0181,-0.0516,-0.0169,-0.9985,0.0219,0.0154,-0.0452,0.0525,0,0,Lateral Rollover (360°),Rollover Flips
37386.7,2026-10-03T11:23:46Z,0.0046,-0.0013,-0.0084,0.0945,0.0096,-0.0464,-0.0188,-1.0069,1.0082,-0.0509,-0.0175,-0.9985,0.0294,0.0413,-0.0328,0.0603,0,0,Lateral Rollover (360°),Rollover Flips
37406.7,2026-10-03T11:23:46Z,0.0048,-0.0048,0.0031,0.0734,0.0075,-0.0451,-0.0227,-0.9955,0.9967,-0.0499,-0.0179,-0.9986,0.0010,0.0517,-0.0327,0.0612,0,0,Lateral Rollover (360°),Rollover Flips
37426.9,2026-10-03T11:23:46Z,0.0038,-0.0033,0.0022,0.0536,0.0055,-0.0452,-0.0210,-0.9965,0.9977,-0.0489,-0.0177,-0.9986,-0.0140,0.0423,-0.0306,0.0541,0,0,Lateral Rollover (360°),Rollover Flips
37447.3,2026-10-03T11:23:46Z,-0.0087,-0.0053,-0.0069,0.1207,0.0123,-0.0569,-0.0228,-1.0056,1.0074,-0.0482,-0.0174,-0.9987,-0.0123,0.0398,-0.0614,0.0742,0,0,Lateral Rollover (360°),Rollover Flips
37467.4,2026-10-03T11:23:46Z,-0.0039,-0.0084,-0.0077,0.1176,0.0120,-0.0511,-0.0258,-1.0064,1.0080,-0.0472,-0.0175,-0.9987,0.0039,0.0502,-0.0736,0.0891,0,0,Lateral Rollover (360°),Rollover Flips
37487.4,2026-10-03T11:23:46Z,-0.0001,-0.0030,-0.0033,0.0441,0.0045,-0.0462,-0.0206,-1.0021,1.0034,-0.0460,-0.0176,-0.9988,-0.0006,0.0719,-0.0734,0.1027,0,0,Lateral Rollover (360°),Rollover Flips
37507.5,2026-10-03T11:23:46Z,-0.0014,-0.0003,-0.0002,0.0139,0.0014,-0.0456,-0.0179,-0.9991,1.0003,-0.0443,-0.0175,-0.9989,-0.0097,0.0997,-0.0621,0.1179,0,0,Lateral Rollover (360°),Rollover Flips
37527.6,2026-10-03T11:23:46Z,-0.0044,0.0014,-0.0043,0.0619,0.0063,-0.0465,-0.0160,-1.0033,1.0045,-0.0421,-0.0173,-0.9990,-0.0160,0.1139,-0.0614,0.1304,0,0,Lateral Rollover (360°),Rollover Flips
37547.9,2026-10-03T11:23:46Z,-0.0172,-0.0022,-0.0114,0.2035,0.0208,-0.0566,-0.0193,-1.0105,1.0123,-0.0394,-0.0171,-0.9991,-0.0077,0.1548,-0.0839,0.1762,0,0,Lateral Rollover (360°),Rollover Flips
37567.8,2026-10-03T11:23:46Z,-0.0125,-0.0026,-0.0015,0.1261,0.0129,-0.0484,-0.0196,-1.0007,1.0020,-0.0359,-0.0170,-0.9992,-0.0181,0.1823,-0.1059,0.2116,0,0,Lateral Rollover (360°),Rollover Flips
37587.9,2026-10-03T11:23:46Z,-0.0045,-0.0003,0.0053,0.0681,0.0069,-0.0367,-0.0168,-0.9941,0.9949,-0.0321,-0.0164,-0.9993,-0.0455,0.1804,-0.1179,0.2202,0,0,Lateral Rollover (360°),Rollover Flips
37607.7,2026-10-03T11:23:46Z,0.0003,0.0057,-0.0048,0.0730,0.0074,-0.0286,-0.0098,-1.0042,1.0047,-0.0289,-0.0156,-0.9995,-0.0392,0.1340,-0.1259,0.1880,0,0,Lateral Rollover (360°),Rollover Flips
37627.9,2026-10-03T11:23:46Z,0.0094,0.0024,-0.0083,0.1251,0.0128,-0.0173,-0.0129,-1.0078,1.0081,-0.0267,-0.0153,-0.9995,0.0085,0.0750,-0.1047,0.1290,0,0,Lateral Rollover (360°),Rollover Flips
37648.2,2026-10-03T11:23:46Z,0.0083,-0.0043,0.0028,0.0961,0.0098,-0.0174,-0.0201,-0.9967,0.9971,-0.0257,-0.0158,-0.9995,0.0302,0.0293,-0.0855,0.0953,0,0,Lateral Rollover (360°),Rollover Flips
37668.3,2026-10-03T11:23:46Z,-0.0029,-0.0080,0.0107,0.1340,0.0137,-0.0282,-0.0243,-0.9889,0.9896,-0.0253,-0.0163,-0.9995,0.0114,0.0144,-0.0897,0.0916,0,0,Lateral Rollover (360°),Rollover Flips
37688.4,2026-10-03T11:23:46Z,-0.0017,-0.0044,-0.0024,0.0523,0.0053,-0.0263,-0.0207,-1.0020,1.0025,-0.0245,-0.0163,-0.9996,-0.0195,0.0586,-0.1001,0.1176,0,0,Lateral Rollover (360°),Rollover Flips
37708.4,2026-10-03T11:23:46Z,0.0045,-0.0021,-0.0187,0.1894,0.0193,-0.0185,-0.0181,-1.0183,1.0186,-0.0230,-0.0159,-0.9996,-0.0099,0.0897,-0.0891,0.1269,0,0,Lateral Rollover (360°),Rollover Flips
37728.4,2026-10-03T11:23:46Z,0.0054,-0.0037,-0.0060,0.0872,0.0089,-0.0157,-0.0196,-1.0056,1.0059,-0.0212,-0.0159,-0.9996,-0.0012,0.0757,-0.0920,0.1192,0,0,Lateral Rollover (360°),Rollover Flips
37748.7,2026-10-03T11:23:46Z,0.0106,-0.0008,0.0018,0.1061,0.0108,-0.0094,-0.0168,-0.9979,0.9981,-0.0201,-0.0160,-0.9997,0.0073,0.0277,-0.0832,0.0880,0,0,Lateral Rollover (360°),Rollover Flips
37768.8,2026-10-03T11:23:46Z,0.0100,-0.0018,0.0090,0.1331,0.0136,-0.0102,-0.0179,-0.9906,0.9909,-0.0202,-0.0161,-0.9997,-0.0060,-0.0421,-0.0854,0.0954,0,0,Lateral Rollover (360°),Rollover Flips
37788.9,2026-10-03T11:23:46Z,0.0068,0.0060,-0.0136,0.1609,0.0164,-0.0144,-0.0099,-1.0133,1.0134,-0.0212,-0.0160,-0.9996,-0.0013,-0.0498,-0.0957,0.1079,0,0,Lateral Rollover (360°),Rollover Flips
37808.8,2026-10-03T11:23:46Z,0.0117,0.0097,-0.0193,0.2408,0.0246,-0.0102,-0.0066,-1.0189,1.0190,-0.0219,-0.0163,-0.9996,0.0328,-0.0213,-0.0747,0.0843,0,0,Lateral Rollover (360°),Rollover Flips
37829.2,2026-10-03T11:23:46Z,0.0189,0.0115,-0.0077,0.2297,0.0234,-0.0030,-0.0057,-1.0073,1.0073,-0.0219,-0.0171,-0.9996,0.0370,0.0189,-0.0402,0.0578,0,0,Lateral Rollover (360°),Rollover Flips
37849.3,2026-10-03T11:23:46Z,0.0165,0.0036,0.0045,0.1716,0.0175,-0.0048,-0.0141,-0.9951,0.9952,-0.0213,-0.0176,-0.9996,0.0071,0.0313,-0.0177,0.0367,0,0,Lateral Rollover (360°),Rollover Flips
37869.4,2026-10-03T11:23:46Z,0.0136,0.0015,0.0031,0.1374,0.0140,-0.0071,-0.0159,-0.9965,0.9966,-0.0207,-0.0174,-0.9996,-0.0262,0.0342,-0.0097,0.0442,0,0,Lateral Rollover (360°),Rollover Flips
37889.3,2026-10-03T11:23:46Z,0.0148,0.0015,-0.0002,0.1456,0.0148,-0.0051,-0.0153,-0.9999,1.0000,-0.0199,-0.0168,-0.9997,-0.0350,0.0443,0.0045,0.0566,0,0,Lateral Rollover (360°),Rollover Flips
37909.7,2026-10-03T11:23:46Z,0.0127,0.0015,0.0006,0.1260,0.0128,-0.0063,-0.0146,-0.9990,0.9992,-0.0191,-0.0161,-0.9997,-0.0296,0.0277,0.0151,0.0432,0,0,Lateral Rollover (360°),Rollover Flips
37929.8,2026-10-03T11:23:46Z,0.0136,-0.0019,-0.0072,0.1520,0.0155,-0.0054,-0.0177,-1.0069,1.0071,-0.0190,-0.0159,-0.9997,0.0133,-0.0269,0.0206,0.0364,0,0,Lateral Rollover (360°),Rollover Flips
37949.8,2026-10-03T11:23:46Z,0.0011,-0.0006,-0.0039,0.0402,0.0041,-0.0190,-0.0172,-1.0036,1.0039,-0.0201,-0.0165,-0.9997,0.0457,-0.0734,0.0186,0.0884,0,0,Lateral Rollover (360°),Rollover Flips
37969.9,2026-10-03T11:23:46Z,-0.0042,-0.0032,0.0010,0.0529,0.0054,-0.0258,-0.0205,-0.9986,0.9991,-0.0216,-0.0173,-0.9996,0.0298,-0.0741,0.0102,0.0805,0,0,Lateral Rollover (360°),Rollover Flips
37989.9,2026-10-03T11:23:46Z,0.0006,-0.0036,-0.0006,0.0363,0.0037,-0.0222,-0.0212,-1.0002,1.0007,-0.0228,-0.0176,-0.9996,0.0002,-0.0426,0.0133,0.0447,0,0,Lateral Rollover (360°),Rollover Flips
38010.0,2026-10-03T11:23:46Z,0.0027,0.0013,-0.0064,0.0695,0.0071,-0.0206,-0.0160,-1.0060,1.0064,-0.0233,-0.0173,-0.9996,-0.0267,-0.0086,0.0231,0.0363,0,0,Lateral Rollover (360°),Rollover Flips
38030.3,2026-10-03T11:23:46Z,0.0012,0.0047,-0.0147,0.1518,0.0155,-0.0221,-0.0121,-1.0143,1.0146,-0.0232,-0.0168,-0.9996,-0.0198,0.0184,0.0272,0.0384,0,0,Lateral Rollover (360°),Rollover Flips
38050.3,2026-10-03T11:23:47Z,-0.0011,-0.0019,-0.0113,0.1131,0.0115,-0.0238,-0.0184,-1.0109,1.0114,-0.0227,-0.0166,-0.9996,-0.0030,0.0226,0.0255,0.0343,0,0,Lateral Rollover (360°),Rollover Flips
38070.4,2026-10-03T11:23:47Z,-0.0021,-0.0018,-0.0142,0.1418,0.0145,-0.0246,-0.0184,-1.0138,1.0143,-0.0225,-0.0166,-0.9996,0.0091,0.0112,0.0143,0.0203,0,0,Lateral Rollover (360°),Rollover Flips
38090.5,2026-10-03T11:23:47Z,-0.0027,-0.0023,-0.0104,0.1078,0.0110,-0.0250,-0.0192,-1.0100,1.0105,-0.0223,-0.0170,-0.9996,0.0253,-0.0042,0.0026,0.0258,0,0,Lateral Rollover (360°),Rollover Flips
38110.6,2026-10-03T11:23:47Z,0.0053,0.0008,-0.0057,0.0768,0.0078,-0.0173,-0.0167,-1.0053,1.0056,-0.0225,-0.0175,-0.9996,0.0302,-0.0133,0.0068,0.0337,0,0,Lateral Rollover (360°),Rollover Flips
38130.8,2026-10-03T11:23:47Z,0.0040,-0.0010,0.0017,0.0440,0.0045,-0.0188,-0.0190,-0.9979,0.9982,-0.0228,-0.0181,-0.9996,0.0182,-0.0129,0.0137,0.0262,0,0,Lateral Rollover (360°),Rollover Flips
38150.8,2026-10-03T11:23:47Z,-0.0022,-0.0034,-0.0005,0.0403,0.0041,-0.0251,-0.0216,-1.0000,1.0006,-0.0229,-0.0182,-0.9996,-0.0028,0.0077,0.0062,0.0103,0,0,Lateral Rollover (360°),Rollover Flips
38170.9,2026-10-03T11:23:47Z,-0.0016,-0.0015,-0.0011,0.0248,0.0025,-0.0241,-0.0196,-1.0007,1.0012,-0.0225,-0.0181,-0.9996,-0.0098,0.0327,-0.0055,0.0346,0,0,Lateral Rollover (360°),Rollover Flips
38191.0,2026-10-03T11:23:47Z,0.0035,0.0006,-0.0087,0.0918,0.0094,-0.0184,-0.0172,-1.0083,1.0086,-0.0219,-0.0177,-0.9996,-0.0168,0.0246,-0.0161,0.0339,0,0,Lateral Rollover (360°),Rollover Flips
38211.1,2026-10-03T11:23:47Z,0.0049,0.0025,-0.0200,0.2038,0.0208,-0.0165,-0.0152,-1.0197,1.0199,-0.0214,-0.0177,-0.9996,0.0188,0.0163,-0.0134,0.0283,0,0,Lateral Rollover (360°),Rollover Flips
38232.5,2026-10-03T11:23:47Z,0.0042,0.0018,-0.0146,0.1503,0.0153,-0.0171,-0.0166,-1.0142,1.0145,-0.0212,-0.0185,-0.9996,0.0534,0.0100,-0.0145,0.0563,0,0,Lateral Rollover (360°),Rollover Flips
38251.3,2026-10-03T11:23:47Z,0.0030,0.0004,0.0003,0.0299,0.0031,-0.0182,-0.0192,-0.9993,0.9996,-0.0212,-0.0197,-0.9996,0.0631,-0.0081,-0.0219,0.0673,0,0,Lateral Rollover (360°),Rollover Flips
38271.5,2026-10-03T11:23:47Z,0.0076,-0.0049,0.0117,0.1449,0.0148,-0.0139,-0.0257,-0.9878,0.9883,-0.0215,-0.0208,-0.9996,0.0406,-0.0217,-0.0229,0.0514,0,0,Lateral Rollover (360°),Rollover Flips
38291.5,2026-10-03T11:23:47Z,0.0043,-0.0019,0.0086,0.0961,0.0098,-0.0176,-0.0231,-0.9909,0.9914,-0.0219,-0.0213,-0.9995,0.0112,-0.0215,-0.0198,0.0313,0,0,Lateral Rollover (360°),Rollover Flips
38311.8,2026-10-03T11:23:47Z,0.0000,-0.0003,0.0017,0.0172,0.0018,-0.0220,-0.0217,-0.9978,0.9983,-0.0221,-0.0215,-0.9995,0.0065,0.0011,-0.0272,0.0280,0,0,Lateral Rollover (360°),Rollover Flips
38331.7,2026-10-03T11:23:47Z,0.0038,0.0016,0.0042,0.0573,0.0058,-0.0182,-0.0200,-0.9954,0.9957,-0.0220,-0.0216,-0.9995,0.0094,0.0054,-0.0199,0.0227,0,0,Lateral Rollover (360°),Rollover Flips
38352.0,2026-10-03T11:23:47Z,0.0012,-0.0002,0.0074,0.0735,0.0075,-0.0209,-0.0219,-0.9921,0.9926,-0.0221,-0.0217,-0.9995,-0.0014,-0.0153,-0.0248,0.0292,0,0,Lateral Rollover (360°),Rollover Flips
38372.0,2026-10-03T11:23:47Z,0.0006,-0.0004,0.0018,0.0184,0.0019,-0.0219,-0.0220,-0.9978,0.9982,-0.0225,-0.0216,-0.9995,-0.0075,-0.0250,-0.0365,0.0449,0,0,Lateral Rollover (360°),Rollover Flips
38392.0,2026-10-03T11:23:47Z,0.0034,0.0061,-0.0049,0.0840,0.0086,-0.0195,-0.0154,-1.0044,1.0047,-0.0229,-0.0216,-0.9995,0.0054,-0.0220,-0.0421,0.0478,0,0,Lateral Rollover (360°),Rollover Flips
38412.0,2026-10-03T11:23:47Z,0.0079,0.0018,0.0016,0.0809,0.0082,-0.0156,-0.0201,-0.9979,0.9982,-0.0235,-0.0219,-0.9995,0.0225,-0.0443,-0.0345,0.0605,0,0,Lateral Rollover (360°),Rollover Flips
38432.1,2026-10-03T11:23:47Z,-0.0020,-0.0045,0.0013,0.0502,0.0051,-0.0267,-0.0269,-0.9982,0.9989,-0.0247,-0.0224,-0.9994,0.0206,-0.0701,-0.0516,0.0895,0,0,Lateral Rollover (360°),Rollover Flips
38452.4,2026-10-03T11:23:47Z,-0.0051,-0.0029,-0.0089,0.1046,0.0107,-0.0313,-0.0257,-1.0083,1.0091,-0.0262,-0.0228,-0.9994,0.0185,-0.0844,-0.0783,0.1166,0,0,Lateral Rollover (360°),Rollover Flips
38472.5,2026-10-03T11:23:47Z,0.0047,0.0038,-0.0115,0.1269,0.0129,-0.0229,-0.0194,-1.0108,1.0112,-0.0276,-0.0232,-0.9993,0.0171,-0.0540,-0.0734,0.0927,0,0,Lateral Rollover (360°),Rollover Flips
38492.6,2026-10-03T11:23:47Z,0.0056,-0.0023,-0.0084,0.1021,0.0104,-0.0227,-0.0258,-1.0078,1.0084,-0.0283,-0.0235,-0.9993,0.0082,-0.0121,-0.0524,0.0544,0,0,Lateral Rollover (360°),Rollover Flips
38512.6,2026-10-03T11:23:47Z,-0.0001,0.0009,-0.0027,0.0276,0.0028,-0.0285,-0.0227,-1.0020,1.0027,-0.0284,-0.0235,-0.9993,-0.0067,-0.0176,-0.0511,0.0544,0,0,Lateral Rollover (360°),Rollover Flips
38532.8,2026-10-03T11:23:47Z,0.0055,-0.0048,-0.0062,0.0939,0.0096,-0.0232,-0.0282,-1.0055,1.0062,-0.0287,-0.0234,-0.9993,-0.0020,-0.0213,-0.0495,0.0540,0,0,Lateral Rollover (360°),Rollover Flips
38552.9,2026-10-03T11:23:47Z,0.0051,-0.0033,-0.0053,0.0791,0.0081,-0.0242,-0.0267,-1.0046,1.0053,-0.0293,-0.0234,-0.9993,-0.0055,-0.0320,-0.0461,0.0565,0,0,Lateral Rollover (360°),Rollover Flips
38572.9,2026-10-03T11:23:47Z,0.0075,0.0022,-0.0102,0.1259,0.0128,-0.0223,-0.0211,-1.0094,1.0099,-0.0298,-0.0233,-0.9993,-0.0052,-0.0198,-0.0223,0.0303,0,0,Lateral Rollover (360°),Rollover Flips
38593.0,2026-10-03T11:23:47Z,-0.0025,0.0045,-0.0190,0.1931,0.0197,-0.0324,-0.0188,-1.0183,1.0190,-0.0299,-0.0233,-0.9993,0.0028,0.0182,-0.0244,0.0306,0,0,Lateral Rollover (360°),Rollover Flips
38613.1,2026-10-03T11:23:47Z,0.0029,-0.0010,-0.0116,0.1177,0.0120,-0.0264,-0.0245,-1.0109,1.0116,-0.0293,-0.0235,-0.9993,0.0167,0.0358,-0.0246,0.0466,0,0,Lateral Rollover (360°),Rollover Flips
38633.3,2026-10-03T11:23:47Z,0.0086,0.0010,-0.0006,0.0853,0.0087,-0.0199,-0.0228,-0.9999,1.0003,-0.0285,-0.0238,-0.9993,0.0121,0.0374,-0.0149,0.0421,0,0,Lateral Rollover (360°),Rollover Flips
38653.5,2026-10-03T11:23:47Z,0.0079,-0.0013,0.0007,0.0793,0.0081,-0.0201,-0.0254,-0.9986,0.9991,-0.0281,-0.0241,-0.9993,0.0124,0.0061,-0.0096,0.0169,0,0,Lateral Rollover (360°),Rollover Flips
38673.5,2026-10-03T11:23:47Z,0.0039,0.0010,-0.0038,0.0546,0.0056,-0.0242,-0.0235,-1.0031,1.0037,-0.0281,-0.0245,-0.9993,0.0260,-0.0095,-0.0201,0.0342,0,0,Lateral Rollover (360°),Rollover Flips
38693.8,2026-10-03T11:23:47Z,0.0091,0.0019,-0.0001,0.0909,0.0093,-0.0192,-0.0232,-0.9993,0.9998,-0.0283,-0.0251,-0.9993,0.0330,-0.0051,-0.0145,0.0364,0,0,Lateral Rollover (360°),Rollover Flips
38713.8,2026-10-03T11:23:47Z,0.0039,0.0018,0.0026,0.0489,0.0050,-0.0244,-0.0238,-0.9967,0.9973,-0.0283,-0.0256,-0.9993,0.0074,0.0103,-0.0125,0.0178,0,0,Lateral Rollover (360°),Rollover Flips
38733.8,2026-10-03T11:23:47Z,-0.0039,-0.0019,-0.0060,0.0729,0.0074,-0.0315,-0.0275,-1.0053,1.0062,-0.0276,-0.0256,-0.9993,-0.0012,0.0605,-0.0229,0.0647,0,0,Lateral Rollover (360°),Rollover Flips
38753.9,2026-10-03T11:23:47Z,0.0064,0.0018,-0.0056,0.0853,0.0087,-0.0198,-0.0237,-1.0050,1.0054,-0.0262,-0.0255,-0.9993,-0.0096,0.0697,-0.0209,0.0734,0,0,Lateral Rollover (360°),Rollover Flips
38774.1,2026-10-03T11:23:47Z,0.0056,0.0040,-0.0018,0.0698,0.0071,-0.0190,-0.0214,-1.0011,1.0015,-0.0246,-0.0254,-0.9994,-0.0052,0.0801,-0.0077,0.0806,0,0,Lateral Rollover (360°),Rollover Flips
38794.2,2026-10-03T11:23:47Z,-0.0107,-0.0007,0.0088,0.1355,0.0138,-0.0334,-0.0260,-0.9906,0.9916,-0.0228,-0.0253,-0.9994,-0.0085,0.0918,-0.0173,0.0938,0,0,Lateral Rollover (360°),Rollover Flips
38814.2,2026-10-03T11:23:47Z,-0.0081,-0.0081,0.0101,0.1497,0.0153,-0.0297,-0.0331,-0.9893,0.9903,-0.0216,-0.0250,-0.9995,-0.0218,0.0217,-0.0563,0.0641,0,0,Lateral Rollover (360°),Rollover Flips
38834.4,2026-10-03T11:23:47Z,0.0064,0.0037,-0.0030,0.0786,0.0080,-0.0154,-0.0210,-1.0025,1.0028,-0.0219,-0.0247,-0.9995,-0.0034,-0.0502,-0.0602,0.0785,0,0,Lateral Rollover (360°),Rollover Flips
38854.5,2026-10-03T11:23:47Z,0.0079,0.0070,-0.0116,0.1541,0.0157,-0.0152,-0.0179,-1.0110,1.0113,-0.0231,-0.0249,-0.9994,0.0217,-0.0585,-0.0400,0.0741,0,0,Lateral Rollover (360°),Rollover Flips
38874.5,2026-10-03T11:23:47Z,0.0005,0.0046,-0.0110,0.1167,0.0119,-0.0235,-0.0208,-1.0104,1.0109,-0.0240,-0.0254,-0.9994,0.0202,-0.0329,-0.0331,0.0509,0,0,Lateral Rollover (360°),Rollover Flips
38894.7,2026-10-03T11:23:47Z,-0.0001,0.0025,-0.0115,0.1150,0.0117,-0.0245,-0.0234,-1.0108,1.0114,-0.0244,-0.0258,-0.9994,0.0287,-0.0140,-0.0331,0.0460,0,0,Lateral Rollover (360°),Rollover Flips
38914.6,2026-10-03T11:23:47Z,0.0042,0.0027,-0.0067,0.0821,0.0084,-0.0206,-0.0239,-1.0061,1.0066,-0.0248,-0.0266,-0.9993,0.0467,-0.0340,-0.0372,0.0687,0,0,Lateral Rollover (360°),Rollover Flips
38934.9,2026-10-03T11:23:47Z,0.0124,0.0012,-0.0034,0.1267,0.0129,-0.0133,-0.0266,-1.0026,1.0031,-0.0257,-0.0278,-0.9993,0.0651,-0.0534,-0.0312,0.0898,0,0,Lateral Rollover (360°),Rollover Flips
38955.0,2026-10-03T11:23:47Z,0.0038,-0.0007,-0.0067,0.0756,0.0077,-0.0231,-0.0298,-1.0059,1.0066,-0.0269,-0.0291,-0.9992,0.0587,-0.0574,-0.0258,0.0861,0,0,Lateral Rollover (360°),Rollover Flips
38975.0,2026-10-03T11:23:47Z,-0.0019,0.0047,-0.0192,0.1946,0.0198,-0.0297,-0.0255,-1.0183,1.0191,-0.0278,-0.0302,-0.9992,0.0643,-0.0388,-0.0365,0.0835,0,0,Lateral Rollover (360°),Rollover Flips
38995.3,2026-10-03T11:23:47Z,0.0040,-0.0002,-0.0257,0.2547,0.0260,-0.0245,-0.0321,-1.0247,1.0255,-0.0285,-0.0319,-0.9991,0.1007,-0.0313,-0.0585,0.1206,0,0,Lateral Rollover (360°),Rollover Flips
39015.2,2026-10-03T11:23:47Z,0.0135,0.0076,-0.0094,0.1780,0.0182,-0.0156,-0.0266,-1.0084,1.0089,-0.0292,-0.0342,-0.9990,0.1169,-0.0427,-0.0507,0.1344,0,0,Lateral Rollover (360°),Rollover Flips
39035.4,2026-10-03T11:23:47Z,0.0050,0.0001,0.0007,0.0499,0.0051,-0.0248,-0.0363,-0.9982,0.9992,-0.0298,-0.0365,-0.9989,0.1015,-0.0312,-0.0716,0.1281,0,0,Lateral Rollover (360°),Rollover Flips
39055.5,2026-10-03T11:23:48Z,0.0025,0.0005,0.0009,0.0262,0.0027,-0.0280,-0.0378,-0.9979,0.9990,-0.0304,-0.0382,-0.9988,0.0742,-0.0312,-0.0914,0.1218,0,0,Lateral Rollover (360°),Rollover Flips
39075.5,2026-10-03T11:23:48Z,0.0102,0.0007,0.0002,0.0999,0.0102,-0.0206,-0.0389,-0.9986,0.9995,-0.0307,-0.0396,-0.9987,0.0525,-0.0087,-0.0958,0.1096,0,0,Lateral Rollover (360°),Rollover Flips
39095.7,2026-10-03T11:23:48Z,0.0194,-0.0030,0.0022,0.1941,0.0198,-0.0113,-0.0435,-0.9965,0.9975,-0.0308,-0.0405,-0.9987,0.0389,-0.0090,-0.0676,0.0785,0,0,Lateral Rollover (360°),Rollover Flips
39115.7,2026-10-03T11:23:48Z,0.0107,-0.0021,0.0016,0.1080,0.0110,-0.0201,-0.0433,-0.9971,0.9982,-0.0308,-0.0412,-0.9987,0.0305,0.0061,-0.0603,0.0679,0,0,Lateral Rollover (360°),Rollover Flips
39135.8,2026-10-03T11:23:48Z,0.0013,-0.0014,0.0086,0.0862,0.0088,-0.0294,-0.0432,-0.9901,0.9915,-0.0307,-0.0418,-0.9987,0.0257,-0.0053,-0.0549,0.0609,0,0,Lateral Rollover (360°),Rollover Flips
39156.0,2026-10-03T11:23:48Z,-0.0063,-0.0005,0.0123,0.1351,0.0138,-0.0371,-0.0428,-0.9864,0.9880,-0.0309,-0.0423,-0.9986,0.0125,-0.0114,-0.0596,0.0620,0,0,Lateral Rollover (360°),Rollover Flips
39176.1,2026-10-03T11:23:48Z,-0.0124,-0.0012,0.0049,0.1313,0.0134,-0.0434,-0.0434,-0.9937,0.9956,-0.0310,-0.0423,-0.9986,-0.0163,-0.0061,-0.0964,0.0979,0,0,Lateral Rollover (360°),Rollover Flips
39196.3,2026-10-03T11:23:48Z,-0.0185,0.0003,-0.0191,0.2611,0.0266,-0.0495,-0.0417,-1.0178,1.0198,-0.0309,-0.0420,-0.9986,-0.0116,0.0038,-0.1355,0.1361,0,0,Lateral Rollover (360°),Rollover Flips
39216.2,2026-10-03T11:23:48Z,-0.0168,-0.0046,-0.0276,0.3196,0.0326,-0.0473,-0.0468,-1.0262,1.0284,-0.0305,-0.0422,-0.9986,0.0290,0.0111,-0.1383,0.1417,0,0,Lateral Rollover (360°),Rollover Flips
39236.5,2026-10-03T11:23:48Z,-0.0226,-0.0122,-0.0172,0.3031,0.0309,-0.0525,-0.0557,-1.0158,1.0187,-0.0299,-0.0435,-0.9986,0.0831,0.0472,-0.1794,0.2033,0,0,Lateral Rollover (360°),Rollover Flips
39256.5,2026-10-03T11:23:48Z,0.0013,-0.0063,0.0220,0.2252,0.0230,-0.0277,-0.0515,-0.9765,0.9783,-0.0291,-0.0451,-0.9986,0.0626,0.0009,-0.1696,0.1808,0,0,Lateral Rollover (360°),Rollover Flips
39276.7,2026-10-03T11:23:48Z,0.0212,-0.0017,0.0283,0.3467,0.0354,-0.0086,-0.0478,-0.9702,0.9715,-0.0298,-0.0460,-0.9985,0.0196,-0.0928,-0.1269,0.1584,0,0,Lateral Rollover (360°),Rollover Flips
39296.9,2026-10-03T11:23:48Z,0.0173,-0.0018,0.0120,0.2068,0.0211,-0.0152,-0.0482,-0.9864,0.9877,-0.0324,-0.0463,-0.9984,0.0121,-0.1561,-0.0948,0.1830,0,0,Lateral Rollover (360°),Rollover Flips
39316.7,2026-10-03T11:23:48Z,0.0063,0.0061,-0.0006,0.0861,0.0088,-0.0290,-0.0405,-0.9988,1.0001,-0.0353,-0.0466,-0.9983,0.0037,-0.1402,-0.0926,0.1680,0,0,Lateral Rollover (360°),Rollover Flips
39337.0,2026-10-03T11:23:48Z,-0.0084,0.0069,-0.0209,0.2315,0.0236,-0.0460,-0.0397,-1.0191,1.0210,-0.0376,-0.0466,-0.9982,0.0015,-0.0833,-0.1044,0.1336,0,0,Lateral Rollover (360°),Rollover Flips
39357.0,2026-10-03T11:23:48Z,-0.0046,0.0081,-0.0256,0.2674,0.0273,-0.0431,-0.0387,-1.0238,1.0254,-0.0384,-0.0469,-0.9982,0.0153,-0.0192,-0.1081,0.1108,0,0,Lateral Rollover (360°),Rollover Flips
39377.4,2026-10-03T11:23:48Z,0.0019,0.0051,-0.0141,0.1484,0.0151,-0.0363,-0.0421,-1.0123,1.0138,-0.0382,-0.0472,-0.9982,0.0068,0.0264,-0.0970,0.1008,0,0,Lateral Rollover (360°),Rollover Flips
39397.4,2026-10-03T11:23:48Z,-0.0080,-0.0022,-0.0047,0.0935,0.0095,-0.0451,-0.0494,-1.0029,1.0051,-0.0371,-0.0472,-0.9982,-0.0153,0.0743,-0.1090,0.1328,0,0,Lateral Rollover (360°),Rollover Flips
39417.2,2026-10-03T11:23:48Z,-0.0013,-0.0034,-0.0039,0.0522,0.0053,-0.0366,-0.0501,-1.0022,1.0041,-0.0353,-0.0467,-0.9983,-0.0368,0.0917,-0.1160,0.1524,0,0,Lateral Rollover (360°),Rollover Flips
39437.2,2026-10-03T11:23:48Z,0.0157,0.0047,-0.0007,0.1606,0.0164,-0.0180,-0.0414,-0.9990,1.0001,-0.0336,-0.0461,-0.9984,-0.0205,0.0570,-0.1023,0.1189,0,0,Lateral Rollover (360°),Rollover Flips
39457.5,2026-10-03T11:23:48Z,0.0137,0.0068,-0.0018,0.1511,0.0154,-0.0193,-0.0393,-1.0002,1.0012,-0.0330,-0.0461,-0.9984,0.0088,-0.0027,-0.0918,0.0923,0,0,Lateral Rollover (360°),Rollover Flips
39477.7,2026-10-03T11:23:48Z,-0.0055,-0.0037,-0.0055,0.0840,0.0086,-0.0389,-0.0501,-1.0038,1.0058,-0.0334,-0.0464,-0.9984,0.0155,-0.0468,-0.1160,0.1261,0,0,Lateral Rollover (360°),Rollover Flips
39497.7,2026-10-03T11:23:48Z,-0.0209,-0.0054,-0.0139,0.2513,0.0256,-0.0549,-0.0522,-1.0122,1.0150,-0.0341,-0.0467,-0.9983,0.0049,-0.0234,-0.1870,0.1885,0,0,Lateral Rollover (360°),Rollover Flips
39517.7,2026-10-03T11:23:48Z,-0.0146,0.0010,-0.0239,0.2744,0.0280,-0.0486,-0.0462,-1.0222,1.0244,-0.0340,-0.0471,-0.9983,0.0276,0.0162,-0.2342,0.2364,0,0,Lateral Rollover (360°),Rollover Flips
39537.8,2026-10-03T11:23:48Z,-0.0079,0.0005,-0.0056,0.0949,0.0097,-0.0408,-0.0477,-1.0039,1.0058,-0.0329,-0.0481,-0.9983,0.0461,0.0648,-0.2615,0.2733,0,0,Lateral Rollover (360°),Rollover Flips
39557.8,2026-10-03T11:23:48Z,-0.0003,-0.0034,0.0160,0.1607,0.0164,-0.0313,-0.0524,-0.9823,0.9842,-0.0309,-0.0490,-0.9983,0.0111,0.0980,-0.2878,0.3042,0,0,Lateral Rollover (360°),Rollover Flips
39578.1,2026-10-03T11:23:48Z,0.0088,-0.0025,0.0127,0.1531,0.0156,-0.0198,-0.0515,-0.9857,0.9872,-0.0286,-0.0490,-0.9984,-0.0124,0.1041,-0.2965,0.3145,0,0,Lateral Rollover (360°),Rollover Flips
39598.3,2026-10-03T11:23:48Z,0.0033,0.0027,-0.0038,0.0559,0.0057,-0.0226,-0.0464,-1.0022,1.0035,-0.0259,-0.0491,-0.9985,0.0062,0.1307,-0.3181,0.3439,0,0,Lateral Rollover (360°),Rollover Flips
39618.2,2026-10-03T11:23:48Z,-0.0108,0.0085,-0.0192,0.2315,0.0236,-0.0336,-0.0413,-1.0177,1.0191,-0.0228,-0.0498,-0.9985,0.0586,0.1415,-0.3491,0.3812,0,0,Lateral Rollover (360°),Rollover Flips
39638.5,2026-10-03T11:23:48Z,-0.0178,0.0041,-0.0303,0.3470,0.0354,-0.0374,-0.0480,-1.0288,1.0306,-0.0196,-0.0521,-0.9985,0.1509,0.1456,-0.4030,0.4543,0,0,Lateral Rollover (360°),Rollover Flips
39658.6,2026-10-03T11:23:48Z,-0.0091,0.0043,-0.0224,0.2412,0.0246,-0.0253,-0.0517,-1.0207,1.0224,-0.0163,-0.0561,-0.9983,0.2227,0.1274,-0.4429,0.5118,0,0,Lateral Rollover (360°),Rollover Flips
39678.5,2026-10-03T11:23:48Z,0.0085,0.0022,-0.0097,0.1286,0.0131,-0.0053,-0.0588,-1.0078,1.0095,-0.0138,-0.0610,-0.9980,0.2533,0.0671,-0.4289,0.5026,0,0,Lateral Rollover (360°),Rollover Flips
39698.9,2026-10-03T11:23:48Z,0.0200,0.0024,0.0004,0.1971,0.0201,0.0072,-0.0639,-0.9973,0.9994,-0.0127,-0.0663,-0.9977,0.2548,-0.0180,-0.3594,0.4410,0,0,Lateral Rollover (360°),Rollover Flips
39718.8,2026-10-03T11:23:48Z,0.0352,0.0022,0.0134,0.3695,0.0377,0.0217,-0.0690,-0.9840,0.9866,-0.0135,-0.0712,-0.9974,0.2207,-0.0932,-0.2513,0.3472,0,0,Lateral Rollover (360°),Rollover Flips
39738.9,2026-10-03T11:23:48Z,0.0262,0.0063,0.0277,0.3793,0.0387,0.0110,-0.0687,-0.9693,0.9718,-0.0152,-0.0750,-0.9971,0.1503,-0.0955,-0.1611,0.2401,0,0,Lateral Rollover (360°),Rollover Flips
39759.1,2026-10-03T11:23:48Z,0.0043,0.0019,0.0235,0.2355,0.0240,-0.0120,-0.0752,-0.9733,0.9763,-0.0163,-0.0771,-0.9969,0.0616,-0.0436,-0.1421,0.1609,0,0,Lateral Rollover (360°),Rollover Flips
39779.3,2026-10-03T11:23:48Z,0.0034,-0.0027,0.0097,0.1039,0.0106,-0.0132,-0.0802,-0.9872,0.9905,-0.0166,-0.0776,-0.9968,-0.0149,-0.0105,-0.1321,0.1333,0,0,Lateral Rollover (360°),Rollover Flips
39799.4,2026-10-03T11:23:48Z,0.0096,0.0091,-0.0008,0.1296,0.0132,-0.0067,-0.0679,-0.9977,1.0001,-0.0163,-0.0770,-0.9969,-0.0436,0.0253,-0.1086,0.1197,0,0,Lateral Rollover (360°),Rollover Flips
39819.2,2026-10-03T11:23:48Z,0.0127,0.0085,-0.0097,0.1773,0.0181,-0.0028,-0.0676,-1.0067,1.0089,-0.0155,-0.0761,-0.9970,-0.0432,0.0315,-0.0907,0.1052,0,0,Lateral Rollover (360°),Rollover Flips
39839.4,2026-10-03T11:23:48Z,0.0013,0.0032,-0.0142,0.1436,0.0146,-0.0137,-0.0723,-1.0113,1.0139,-0.0149,-0.0755,-0.9970,-0.0155,0.0106,-0.1005,0.1023,0,0,Lateral Rollover (360°),Rollover Flips
39859.7,2026-10-03T11:23:48Z,0.0058,0.0035,-0.0037,0.0757,0.0077,-0.0089,-0.0719,-1.0007,1.0033,-0.0147,-0.0754,-0.9970,0.0020,-0.0060,-0.1150,0.1152,0,0,Lateral Rollover (360°),Rollover Flips
39879.8,2026-10-03T11:23:48Z,0.0102,-0.0009,0.0138,0.1688,0.0172,-0.0048,-0.0762,-0.9832,0.9862,-0.0150,-0.0754,-0.9970,-0.0189,-0.0360,-0.1165,0.1234,0,0,Lateral Rollover (360°),Rollover Flips
39899.9,2026-10-03T11:23:48Z,0.0019,-0.0036,0.0134,0.1376,0.0140,-0.0137,-0.0783,-0.9837,0.9869,-0.0157,-0.0747,-0.9971,-0.0541,-0.0458,-0.1269,0.1454,0,0,Lateral Rollover (360°),Rollover Flips
39919.8,2026-10-03T11:23:48Z,-0.0030,0.0014,-0.0012,0.0342,0.0035,-0.0193,-0.0720,-0.9983,1.0011,-0.0164,-0.0734,-0.9972,-0.0665,-0.0403,-0.1389,0.1592,0,0,Lateral Rollover (360°),Rollover Flips
39940.0,2026-10-03T11:23:48Z,0.0018,0.0095,-0.0181,0.2010,0.0205,-0.0150,-0.0629,-1.0153,1.0174,-0.0168,-0.0723,-0.9972,-0.0389,-0.0199,-0.1410,0.1477,0,0,Lateral Rollover (360°),Rollover Flips
39960.1,2026-10-03T11:23:48Z,0.0081,0.0111,-0.0215,0.2506,0.0256,-0.0088,-0.0609,-1.0188,1.0206,-0.0169,-0.0720,-0.9973,0.0050,-0.0158,-0.1251,0.1262,0,0,Lateral Rollover (360°),Rollover Flips
39980.3,2026-10-03T11:23:48Z,-0.0015,0.0073,-0.0304,0.3065,0.0313,-0.0189,-0.0656,-1.0275,1.0298,-0.0173,-0.0729,-0.9972,0.0835,-0.0585,-0.1320,0.1668,0,0,Lateral Rollover (360°),Rollover Flips
40000.4,2026-10-03T11:23:48Z,-0.0017,0.0051,-0.0313,0.3118,0.0318,-0.0207,-0.0704,-1.0283,1.0309,-0.0190,-0.0755,-0.9970,0.1651,-0.1238,-0.1518,0.2562,0,0,Lateral Rollover (360°),Rollover Flips
40020.4,2026-10-03T11:23:48Z,0.0007,0.0061,-0.0129,0.1397,0.0142,-0.0204,-0.0731,-1.0095,1.0123,-0.0211,-0.0792,-0.9966,0.1858,-0.0949,-0.1532,0.2588,0,0,Lateral Rollover (360°),Rollover Flips
40040.6,2026-10-03T11:23:49Z,0.0122,-0.0008,0.0093,0.1503,0.0153,-0.0099,-0.0833,-0.9871,0.9906,-0.0221,-0.0825,-0.9963,0.1230,-0.0320,-0.1205,0.1751,0,0,Lateral Rollover (360°),Rollover Flips
40060.7,2026-10-03T11:23:49Z,0.0172,-0.0034,0.0200,0.2605,0.0266,-0.0049,-0.0873,-0.9762,0.9801,-0.0221,-0.0839,-0.9962,0.0133,0.0082,-0.0740,0.0756,0,0,Lateral Rollover (360°),Rollover Flips
40080.8,2026-10-03T11:23:49Z,0.0169,0.0017,0.0057,0.1762,0.0180,-0.0047,-0.0816,-0.9906,0.9939,-0.0217,-0.0834,-0.9963,-0.0519,0.0296,-0.0255,0.0649,0,0,Lateral Rollover (360°),Rollover Flips
40105.0,2026-10-03T11:23:49Z,0.0047,0.0050,-0.0160,0.1713,0.0175,-0.0161,-0.0774,-1.0124,1.0155,-0.0209,-0.0824,-0.9964,-0.0335,0.0476,-0.0148,0.0601,0,0,Lateral Rollover (360°),Rollover Flips
40120.8,2026-10-03T11:23:49Z,0.0026,0.0026,-0.0183,0.1833,0.0187,-0.0174,-0.0797,-1.0147,1.0180,-0.0200,-0.0823,-0.9964,0.0180,0.0291,-0.0112,0.0360,0,0,Lateral Rollover (360°),Rollover Flips
40141.0,2026-10-03T11:23:49Z,0.0053,-0.0019,0.0040,0.0671,0.0068,-0.0145,-0.0845,-0.9924,0.9961,-0.0197,-0.0827,-0.9964,0.0152,-0.0031,-0.0115,0.0193,0,0,Lateral Rollover (360°),Rollover Flips
40161.3,2026-10-03T11:23:49Z,0.0078,-0.0012,0.0123,0.1434,0.0146,-0.0121,-0.0836,-0.9841,0.9877,-0.0199,-0.0825,-0.9964,-0.0392,-0.0039,-0.0069,0.0400,0,0,Lateral Rollover (360°),Rollover Flips
40181.2,2026-10-03T11:23:49Z,0.0039,-0.0059,0.0100,0.1203,0.0123,-0.0155,-0.0870,-0.9865,0.9905,-0.0195,-0.0811,-0.9965,-0.1022,0.0485,0.0021,0.1131,0,0,Lateral Rollover (360°),Rollover Flips
40205.7,2026-10-03T11:23:49Z,-0.0053,0.0030,0.0021,0.0636,0.0065,-0.0232,-0.0754,-0.9946,0.9978,-0.0178,-0.0785,-0.9968,-0.1518,0.1062,-0.0123,0.1856,0,0,Lateral Rollover (360°),Rollover Flips
40221.5,2026-10-03T11:23:49Z,-0.0015,0.0046,-0.0164,0.1676,0.0171,-0.0169,-0.0707,-1.0134,1.0160,-0.0154,-0.0754,-0.9970,-0.1493,0.1284,-0.0205,0.1980,0,0,Lateral Rollover (360°),Rollover Flips
40241.7,2026-10-03T11:23:49Z,-0.0018,0.0122,-0.0294,0.3121,0.0318,-0.0147,-0.0607,-1.0266,1.0285,-0.0128,-0.0728,-0.9973,-0.0981,0.1296,-0.0271,0.1648,0,0,Lateral Rollover (360°),Rollover Flips
40261.9,2026-10-03T11:23:49Z,0.0045,0.0022,-0.0168,0.1718,0.0175,-0.0053,-0.0694,-1.0142,1.0166,-0.0098,-0.0715,-0.9974,-0.0406,0.1663,-0.0134,0.1717,0,0,Lateral Rollover (360°),Rollover Flips
40281.8,2026-10-03T11:23:49Z,-0.0015,0.0002,0.0069,0.0690,0.0070,-0.0080,-0.0704,-0.9906,0.9931,-0.0065,-0.0706,-0.9975,-0.0645,0.1624,-0.0197,0.1758,0,0,Lateral Rollover (360°),Rollover Flips
40307.3,2026-10-03T11:23:49Z,-0.0002,-0.0034,0.0095,0.0991,0.0101,-0.0034,-0.0722,-0.9881,0.9908,-0.0032,-0.0688,-0.9976,-0.1131,0.1732,-0.0230,0.2081,0,0,Lateral Rollover (360°),Rollover Flips
40321.8,2026-10-03T11:23:49Z,-0.0009,-0.0077,-0.0020,0.0784,0.0080,-0.0002,-0.0739,-0.9998,1.0025,0.0007,-0.0662,-0.9978,-0.1326,0.2197,-0.0359,0.2591,0,0,Lateral Rollover (360°),Rollover Flips
40341.9,2026-10-03T11:23:49Z,-0.0134,-0.0110,-0.0100,0.1966,0.0200,-0.0075,-0.0747,-1.0080,1.0108,0.0059,-0.0637,-0.9980,-0.1206,0.2916,-0.0619,0.3216,0,0,Lateral Rollover (360°),Rollover Flips
40362.3,2026-10-03T11:23:49Z,-0.0095,-0.0089,-0.0021,0.1292,0.0132,0.0026,-0.0699,-1.0002,1.0026,0.0121,-0.0610,-0.9981,-0.1456,0.2980,-0.0805,0.3413,0,0,Lateral Rollover (360°),Rollover Flips
40382.4,2026-10-03T11:23:49Z,-0.0068,-0.0035,-0.0010,0.0755,0.0077,0.0108,-0.0615,-0.9991,1.0011,0.0175,-0.0580,-0.9982,-0.1482,0.2240,-0.0755,0.2790,0,0,Lateral Rollover (360°),Rollover Flips
40407.6,2026-10-03T11:23:49Z,0.0014,-0.0252,-0.0007,0.2475,0.0252,0.0231,-0.0802,-0.9990,1.0024,0.0217,-0.0550,-0.9982,-0.1542,0.1944,-0.0823,0.2614,0,0,Lateral Rollover (360°),Rollover Flips
40422.4,2026-10-03T11:23:49Z,-0.0607,-0.0391,0.0544,0.8866,0.0904,-0.0368,-0.0903,-0.9440,0.9490,0.0240,-0.0512,-0.9984,-0.2370,-0.0243,-0.1713,0.2934,0,0,Lateral Rollover (360°),Rollover Flips
40442.6,2026-10-03T11:23:49Z,0.0129,-0.0361,0.0252,0.4499,0.0459,0.0348,-0.0818,-0.9735,0.9776,0.0219,-0.0457,-0.9987,-0.2885,-0.1534,-0.2300,0.3996,0,0,Lateral Rollover (360°),Rollover Flips
40462.8,2026-10-03T11:23:49Z,0.0408,0.0240,-0.0093,0.4735,0.0483,0.0608,-0.0155,-1.0083,1.0103,0.0199,-0.0395,-0.9990,-0.3215,-0.0428,-0.2016,0.3819,0,0,Lateral Rollover (360°),Rollover Flips
40482.7,2026-10-03T11:23:49Z,0.0129,0.0102,-0.0472,0.4903,0.0500,0.0332,-0.0231,-1.0464,1.0472,0.0202,-0.0333,-0.9992,-0.2576,0.0482,-0.1295,0.2923,0,0,Lateral Rollover (360°),Rollover Flips
40503.9,2026-10-03T11:23:49Z,0.0194,-0.0023,-0.0536,0.5592,0.0570,0.0411,-0.0323,-1.0529,1.0542,0.0217,-0.0299,-0.9993,-0.0768,0.0878,-0.0574,0.1300,0,0,Lateral Rollover (360°),Rollover Flips
40522.8,2026-10-03T11:23:49Z,0.0103,0.0078,-0.0217,0.2476,0.0252,0.0341,-0.0216,-1.0210,1.0218,0.0238,-0.0294,-0.9993,0.0043,0.0968,-0.0518,0.1099,0,0,Lateral Rollover (360°),Rollover Flips
40543.0,2026-10-03T11:23:49Z,0.0246,0.0111,0.0074,0.2743,0.0280,0.0498,-0.0182,-0.9918,0.9932,0.0252,-0.0292,-0.9993,-0.0314,0.0488,0.0122,0.0593,0,0,Lateral Rollover (360°),Rollover Flips
40563.3,2026-10-03T11:23:49Z,0.0232,-0.0162,0.0471,0.5389,0.0549,0.0490,-0.0441,-0.9522,0.9544,0.0258,-0.0279,-0.9993,-0.1218,0.0048,0.1067,0.1620,0,0,Lateral Rollover (360°),Rollover Flips
40583.4,2026-10-03T11:23:49Z,0.0131,-0.0050,-0.0002,0.1376,0.0140,0.0401,-0.0294,-0.9995,1.0007,0.0269,-0.0244,-0.9993,-0.2354,0.1641,0.0977,0.3032,0,0,Lateral Rollover (360°),Rollover Flips
40605.2,2026-10-03T11:23:49Z,-0.0023,0.0610,0.0186,0.6263,0.0639,0.0297,0.0428,-0.9807,0.9821,0.0321,-0.0182,-0.9993,-0.3546,0.3267,0.0657,0.4866,0,0,Lateral Rollover (360°),Rollover Flips
40623.4,2026-10-03T11:23:49Z,-0.0198,0.0373,-0.0407,0.5748,0.0586,0.0197,0.0255,-1.0399,1.0404,0.0395,-0.0117,-0.9991,-0.2668,0.4033,0.0015,0.4836,0,0,Lateral Rollover (360°),Rollover Flips
40643.7,2026-10-03T11:23:49Z,-0.0249,0.0399,-0.0764,0.8800,0.0897,0.0226,0.0316,-1.0752,1.0759,0.0475,-0.0083,-0.9988,-0.0676,0.3751,-0.0695,0.3874,0,0,Lateral Rollover (360°),Rollover Flips
40663.9,2026-10-03T11:23:49Z,-0.0064,0.0247,-0.0557,0.6013,0.0613,0.0465,0.0159,-1.0543,1.0554,0.0529,-0.0088,-0.9986,0.1240,0.1207,-0.1140,0.2072,0,0,Lateral Rollover (360°),Rollover Flips
40683.9,2026-10-03T11:23:49Z,0.0183,0.0203,-0.0319,0.4121,0.0420,0.0699,0.0072,-1.0305,1.0329,0.0517,-0.0131,-0.9986,0.3150,-0.2290,-0.1359,0.4125,0,0,Lateral Rollover (360°),Rollover Flips
40706.1,2026-10-03T11:23:49Z,0.0446,0.0362,-0.0105,0.5728,0.0584,0.0893,0.0154,-1.0093,1.0133,0.0447,-0.0209,-0.9988,0.4625,-0.4584,-0.0569,0.6537,0,0,Lateral Rollover (360°),Rollover Flips
40723.9,2026-10-03T11:23:49Z,0.0292,0.0157,-0.0004,0.3258,0.0332,0.0628,-0.0158,-0.9993,1.0014,0.0336,-0.0315,-0.9989,0.5621,-0.5764,0.0150,0.8053,0,0,Lateral Rollover (360°),Rollover Flips
40744.1,2026-10-03T11:23:49Z,0.0121,0.0065,0.0278,0.3040,0.0310,0.0359,-0.0348,-0.9711,0.9723,0.0239,-0.0413,-0.9989,0.3924,-0.3929,0.0015,0.5553,0,0,Lateral Rollover (360°),Rollover Flips
40764.2,2026-10-03T11:23:49Z,-0.0251,-0.0236,0.0416,0.5294,0.0540,-0.0076,-0.0707,-0.9572,0.9598,0.0174,-0.0471,-0.9987,0.1927,-0.2534,-0.0323,0.3200,0,0,Lateral Rollover (360°),Rollover Flips
40784.3,2026-10-03T11:23:49Z,-0.0655,-0.0310,0.0298,0.7679,0.0783,-0.0524,-0.0805,-0.9689,0.9737,0.0130,-0.0495,-0.9987,0.0649,-0.2167,-0.1781,0.2879,0,0,Lateral Rollover (360°),Rollover Flips
40807.7,2026-10-03T11:23:49Z,-0.0362,-0.0130,0.0207,0.4284,0.0437,-0.0274,-0.0632,-0.9780,0.9804,0.0088,-0.0501,-0.9987,0.0090,-0.2345,-0.2681,0.3563,0,0,Lateral Rollover (360°),Rollover Flips
40824.4,2026-10-03T11:23:49Z,-0.0055,-0.0095,0.0400,0.4073,0.0415,-0.0027,-0.0596,-0.9587,0.9605,0.0029,-0.0501,-0.9987,-0.0028,-0.3930,-0.2536,0.4678,0,0,Lateral Rollover (360°),Rollover Flips
40844.7,2026-10-03T11:23:49Z,0.0017,0.0171,0.0296,0.3360,0.0343,-0.0037,-0.0331,-0.9691,0.9697,-0.0054,-0.0502,-0.9987,0.0120,-0.4262,-0.2042,0.4728,0,0,Lateral Rollover (360°),Rollover Flips
40864.9,2026-10-03T11:23:49Z,-0.0819,0.0988,-0.0163,1.2690,0.1294,-0.0937,0.0484,-1.0150,1.0205,-0.0118,-0.0504,-0.9987,0.0093,-0.1646,-0.2845,0.3288,0,0,Lateral Rollover (360°),Rollover Flips
40885.0,2026-10-03T11:23:49Z,0.0531,-0.0068,-0.0443,0.6811,0.0695,0.0418,-0.0575,-1.0429,1.0453,-0.0113,-0.0506,-0.9987,-0.0163,0.1108,-0.1629,0.1977,0,0,Lateral Rollover (360°),Rollover Flips
40906.0,2026-10-03T11:23:49Z,0.0776,-0.0401,-0.0137,0.8674,0.0885,0.0705,-0.0901,-1.0125,1.0189,-0.0071,-0.0500,-0.9987,-0.0621,0.2982,0.0549,0.3096,0,0,Lateral Rollover (360°),Rollover Flips
40925.0,2026-10-03T11:23:49Z,0.0158,0.0097,0.0191,0.2607,0.0266,0.0150,-0.0377,-0.9798,0.9806,-0.0008,-0.0474,-0.9989,-0.1868,0.3385,0.1132,0.4029,0,0,Lateral Rollover (360°),Rollover Flips
40945.3,2026-10-03T11:23:49Z,-0.0345,-0.0175,-0.0020,0.3798,0.0387,-0.0292,-0.0608,-1.0011,1.0034,0.0053,-0.0432,-0.9991,-0.2101,0.2306,0.0787,0.3218,0,0,Lateral Rollover (360°),Rollover Flips
40965.5,2026-10-03T11:23:49Z,-0.0171,-0.0019,-0.0144,0.2199,0.0224,-0.0095,-0.0417,-1.0135,1.0144,0.0077,-0.0398,-0.9992,-0.1174,0.0091,-0.0167,0.1189,0,0,Lateral Rollover (360°),Rollover Flips
40985.5,2026-10-03T11:23:49Z,0.0333,0.0041,-0.0115,0.3474,0.0354,0.0390,-0.0344,-1.0107,1.0121,0.0058,-0.0386,-0.9992,-0.0125,-0.2048,-0.0078,0.2053,0,0,Lateral Rollover (360°),Rollover Flips
41005.5,2026-10-03T11:23:49Z,0.0549,-0.0058,-0.0219,0.5827,0.0594,0.0547,-0.0449,-1.0211,1.0236,-0.0002,-0.0391,-0.9992,0.0612,-0.3600,0.0642,0.3707,0,0,Lateral Rollover (360°),Rollover Flips
41025.7,2026-10-03T11:23:49Z,0.0104,0.0046,-0.0235,0.2562,0.0261,0.0031,-0.0361,-1.0227,1.0233,-0.0073,-0.0407,-0.9991,0.0799,-0.3180,0.0662,0.3345,0,0,Lateral Rollover (360°),Rollover Flips
41045.7,2026-10-03T11:23:50Z,0.0006,0.0087,-0.0178,0.1948,0.0199,-0.0117,-0.0331,-1.0169,1.0175,-0.0123,-0.0419,-0.9990,0.0270,-0.1490,0.0765,0.1696,0,0,Lateral Rollover (360°),Rollover Flips
41065.9,2026-10-03T11:23:50Z,0.0199,0.0022,-0.0030,0.1985,0.0202,0.0073,-0.0390,-1.0021,1.0029,-0.0126,-0.0412,-0.9991,-0.0929,0.1035,0.0994,0.1710,0,0,Lateral Rollover (360°),Rollover Flips
41086.0,2026-10-03T11:23:50Z,0.0154,0.0067,0.0228,0.2774,0.0283,0.0057,-0.0315,-0.9765,0.9770,-0.0097,-0.0382,-0.9992,-0.1932,0.1731,0.1432,0.2963,0,0,Lateral Rollover (360°),Rollover Flips
41106.4,2026-10-03T11:23:50Z,0.0142,0.0003,0.0228,0.2639,0.0269,0.0077,-0.0336,-0.9766,0.9772,-0.0065,-0.0338,-0.9994,-0.2282,0.1597,0.1633,0.3229,0,0,Lateral Rollover (360°),Rollover Flips
41126.0,2026-10-03T11:23:50Z,0.0223,0.0482,-0.0154,0.5418,0.0552,0.0198,0.0191,-1.0149,1.0153,-0.0025,-0.0291,-0.9996,-0.2424,0.2862,0.2843,0.4706,0,0,Lateral Rollover (360°),Rollover Flips
41146.4,2026-10-03T11:23:50Z,-0.0459,0.1005,-0.0081,1.0867,0.1108,-0.0403,0.0770,-1.0078,1.0115,0.0057,-0.0235,-0.9997,-0.3264,0.5113,0.1970,0.6377,0,0,Lateral Rollover (360°),Rollover Flips
41166.4,2026-10-03T11:23:50Z,-0.0001,-0.0262,-0.0104,0.2767,0.0282,0.0159,-0.0421,-1.0102,1.0112,0.0159,-0.0159,-0.9997,-0.4269,0.4931,0.0931,0.6588,0,0,Lateral Rollover (360°),Rollover Flips
41186.6,2026-10-03T11:23:50Z,-0.0352,-0.0229,0.0288,0.4996,0.0509,-0.0103,-0.0295,-0.9708,0.9713,0.0249,-0.0066,-0.9997,-0.5089,0.3796,-0.0299,0.6355,0,0,Lateral Rollover (360°),Rollover Flips
41206.4,2026-10-03T11:23:50Z,0.0504,-0.0086,0.0397,0.6345,0.0647,0.0807,-0.0041,-0.9599,0.9632,0.0303,0.0045,-0.9995,-0.5820,0.1422,-0.0622,0.6024,0,0,Lateral Rollover (360°),Rollover Flips
41226.6,2026-10-03T11:23:50Z,0.0880,-0.0353,-0.0241,0.9595,0.0978,0.1188,-0.0200,-1.0235,1.0306,0.0308,0.0153,-0.9994,-0.4593,-0.0563,0.1012,0.4737,0,0,Lateral Rollover (360°),Rollover Flips
41246.6,2026-10-03T11:23:50Z,0.0153,0.0146,-0.0981,0.9843,0.1004,0.0439,0.0363,-1.0975,1.0989,0.0285,0.0217,-0.9994,-0.1681,-0.1466,0.1368,0.2617,0,0,Lateral Rollover (360°),Rollover Flips
41267.0,2026-10-03T11:23:50Z,-0.0037,0.0118,-0.1091,1.0768,0.1098,0.0225,0.0334,-1.1085,1.1093,0.0262,0.0216,-0.9994,0.1525,-0.1020,0.1243,0.2216,0,0,Lateral Rollover (360°),Rollover Flips
41287.0,2026-10-03T11:23:50Z,-0.0172,0.0147,-0.0570,0.6017,0.0614,0.0076,0.0312,-1.0566,1.0571,0.0248,0.0165,-0.9996,0.3215,-0.0440,0.0968,0.3386,0,0,Lateral Rollover (360°),Rollover Flips
41306.9,2026-10-03T11:23:50Z,-0.0404,-0.0084,-0.0086,0.4135,0.0422,-0.0161,0.0015,-1.0083,1.0084,0.0243,0.0099,-0.9997,0.3191,-0.0056,0.0017,0.3192,0,0,Lateral Rollover (360°),Rollover Flips
41327.1,2026-10-03T11:23:50Z,-0.0194,-0.0078,0.0260,0.3269,0.0333,0.0049,-0.0038,-0.9737,0.9737,0.0243,0.0040,-0.9997,0.2634,-0.0118,-0.0504,0.2684,0,0,Lateral Rollover (360°),Rollover Flips
41347.2,2026-10-03T11:23:50Z,-0.0041,-0.0154,0.0591,0.6007,0.0613,0.0188,-0.0157,-0.9406,0.9409,0.0229,-0.0003,-0.9997,0.1668,-0.1307,-0.0768,0.2255,0,0,Lateral Rollover (360°),Rollover Flips
41367.6,2026-10-03T11:23:50Z,-0.0044,-0.0183,0.0547,0.5673,0.0579,0.0141,-0.0210,-0.9451,0.9455,0.0185,-0.0027,-0.9998,0.0814,-0.3016,-0.0983,0.3275,0,0,Lateral Rollover (360°),Rollover Flips
41387.5,2026-10-03T11:23:50Z,0.0100,-0.0019,0.0246,0.2611,0.0266,0.0220,-0.0057,-0.9753,0.9756,0.0120,-0.0038,-0.9999,0.0267,-0.3156,-0.0742,0.3253,0,0,Lateral Rollover (360°),Rollover Flips
41407.4,2026-10-03T11:23:50Z,0.0072,0.0104,0.0014,0.1246,0.0127,0.0145,0.0066,-0.9986,0.9987,0.0073,-0.0038,-1.0000,-0.0325,-0.1528,-0.0097,0.1565,0,0,Lateral Rollover (360°),Rollover Flips
41427.7,2026-10-03T11:23:50Z,-0.0052,0.0022,0.0030,0.0627,0.0064,-0.0004,-0.0002,-0.9970,0.9970,0.0048,-0.0025,-1.0000,-0.0865,-0.1123,0.0002,0.1418,0,0,Lateral Rollover (360°),Rollover Flips
41447.9,2026-10-03T11:23:50Z,-0.0041,0.0005,0.0071,0.0805,0.0082,-0.0019,-0.0002,-0.9929,0.9929,0.0022,-0.0007,-1.0000,-0.0865,-0.1603,0.0011,0.1822,0,0,Lateral Rollover (360°),Rollover Flips
41468.0,2026-10-03T11:23:50Z,-0.0007,0.0014,0.0057,0.0577,0.0059,-0.0027,0.0022,-0.9943,0.9943,-0.0020,0.0007,-1.0000,-0.0522,-0.2478,-0.0062,0.2533,0,0,Lateral Rollover (360°),Rollover Flips
41488.0,2026-10-03T11:23:50Z,-0.0002,-0.0016,0.0365,0.3584,0.0365,-0.0079,0.0004,-0.9635,0.9635,-0.0077,0.0020,-1.0000,-0.0965,-0.3462,0.0062,0.3595,0,0,Lateral Rollover (360°),Rollover Flips
41507.8,2026-10-03T11:23:50Z,-0.0010,0.0081,0.0204,0.2150,0.0219,-0.0166,0.0128,-0.9795,0.9797,-0.0156,0.0047,-0.9999,-0.1613,-0.4147,0.0147,0.4452,0,0,Lateral Rollover (360°),Rollover Flips
41528.4,2026-10-03T11:23:50Z,0.0218,0.0229,-0.0218,0.3768,0.0384,-0.0017,0.0308,-1.0215,1.0220,-0.0235,0.0078,-0.9997,-0.1392,-0.3611,0.0868,0.3966,0,0,Lateral Rollover (360°),Rollover Flips
41548.4,2026-10-03T11:23:50Z,0.0009,0.0023,0.0044,0.0495,0.0050,-0.0297,0.0128,-0.9951,0.9956,-0.0306,0.0105,-0.9995,-0.1127,-0.3459,0.1154,0.3817,0,0,Lateral Rollover (360°),Rollover Flips
41568.5,2026-10-03T11:23:50Z,-0.0200,-0.0045,0.0148,0.2481,0.0253,-0.0568,0.0081,-0.9844,0.9861,-0.0368,0.0127,-0.9992,-0.1143,-0.2272,0.1266,0.2842,0,0,Lateral Rollover (360°),Rollover Flips
41588.6,2026-10-03T11:23:50Z,-0.0337,-0.0125,0.0303,0.4612,0.0470,-0.0729,0.0038,-0.9688,0.9715,-0.0392,0.0163,-0.9991,-0.2602,-0.0275,0.0985,0.2796,0,0,Lateral Rollover (360°),Rollover Flips
41608.6,2026-10-03T11:23:50Z,-0.0177,-0.0091,0.0208,0.2823,0.0288,-0.0547,0.0144,-0.9782,0.9798,-0.0370,0.0234,-0.9990,-0.4379,0.2027,0.0762,0.4885,0,0,Lateral Rollover (360°),Rollover Flips
41628.7,2026-10-03T11:23:50Z,-0.0019,-0.0074,-0.0091,0.1167,0.0119,-0.0354,0.0257,-1.0080,1.0090,-0.0335,0.0331,-0.9989,-0.4893,0.1040,0.0272,0.5009,0,0,Lateral Rollover (360°),Rollover Flips
41649.0,2026-10-03T11:23:50Z,0.0250,0.0080,-0.0624,0.6636,0.0677,-0.0082,0.0496,-1.0609,1.0621,-0.0332,0.0416,-0.9986,-0.3308,-0.0753,0.0238,0.3401,0,0,Lateral Rollover (360°),Rollover Flips
41669.0,2026-10-03T11:23:50Z,0.0166,0.0080,-0.0864,0.8661,0.0883,-0.0191,0.0537,-1.0847,1.0862,-0.0357,0.0457,-0.9983,-0.0752,-0.1388,0.0120,0.1583,0,0,Lateral Rollover (360°),Rollover Flips
41689.1,2026-10-03T11:23:50Z,0.0026,0.0094,-0.0472,0.4722,0.0482,-0.0348,0.0549,-1.0454,1.0474,-0.0374,0.0455,-0.9983,0.0568,-0.0003,-0.0034,0.0569,0,0,Lateral Rollover (360°),Rollover Flips
41709.0,2026-10-03T11:23:50Z,-0.0023,-0.0010,0.0026,0.0356,0.0036,-0.0381,0.0440,-0.9957,0.9974,-0.0358,0.0450,-0.9983,-0.0224,0.1493,-0.0253,0.1531,0,0,Lateral Rollover (360°),Rollover Flips
41729.4,2026-10-03T11:23:50Z,0.0063,-0.0069,0.0087,0.1250,0.0127,-0.0256,0.0394,-0.9897,0.9908,-0.0319,0.0463,-0.9984,-0.0997,0.2264,-0.0382,0.2503,0,0,Lateral Rollover (360°),Rollover Flips
41749.4,2026-10-03T11:23:50Z,0.0135,-0.0004,-0.0027,0.1355,0.0138,-0.0138,0.0480,-1.0011,1.0024,-0.0273,0.0485,-0.9985,-0.1077,0.2160,-0.0375,0.2442,0,0,Lateral Rollover (360°),Rollover Flips
41769.6,2026-10-03T11:23:50Z,0.0183,-0.0026,-0.0191,0.2606,0.0266,-0.0059,0.0474,-1.0176,1.0187,-0.0242,0.0500,-0.9985,-0.0379,0.0917,-0.0430,0.1081,0,0,Lateral Rollover (360°),Rollover Flips
41789.6,2026-10-03T11:23:50Z,0.0182,0.0098,-0.0364,0.4108,0.0419,-0.0051,0.0594,-1.0349,1.0367,-0.0233,0.0496,-0.9985,0.0724,0.0186,-0.0376,0.0836,0,0,Lateral Rollover (360°),Rollover Flips
41809.9,2026-10-03T11:23:50Z,0.0170,0.0107,-0.0178,0.2633,0.0268,-0.0061,0.0580,-1.0164,1.0181,-0.0231,0.0473,-0.9986,0.1387,0.0145,-0.0186,0.1407,0,0,Lateral Rollover (360°),Rollover Flips
41829.7,2026-10-03T11:23:50Z,0.0134,0.0090,0.0090,0.1813,0.0185,-0.0089,0.0538,-0.9897,0.9912,-0.0222,0.0448,-0.9987,0.0978,0.0674,0.0058,0.1189,0,0,Lateral Rollover (360°),Rollover Flips
41849.9,2026-10-03T11:23:50Z,-0.0008,-0.0013,0.0079,0.0785,0.0080,-0.0219,0.0425,-0.9910,0.9921,-0.0212,0.0437,-0.9988,0.0156,0.0435,-0.0131,0.0480,0,0,Lateral Rollover (360°),Rollover Flips
41870.1,2026-10-03T11:23:50Z,0.0013,0.0073,-0.0182,0.1924,0.0196,-0.0193,0.0507,-1.0170,1.0185,-0.0205,0.0434,-0.9988,0.0259,0.0183,-0.0172,0.0361,0,0,Lateral Rollover (360°),Rollover Flips
41890.1,2026-10-03T11:23:50Z,-0.0061,-0.0006,-0.0001,0.0597,0.0061,-0.0266,0.0423,-0.9990,1.0003,-0.0205,0.0429,-0.9989,0.0201,-0.0145,-0.0478,0.0538,0,0,Lateral Rollover (360°),Rollover Flips
41910.1,2026-10-03T11:23:50Z,0.0040,0.0005,0.0189,0.1897,0.0193,-0.0169,0.0433,-0.9799,0.9811,-0.0210,0.0428,-0.9989,-0.0185,-0.0255,-0.0498,0.0589,0,0,Lateral Rollover (360°),Rollover Flips
41930.4,2026-10-03T11:23:50Z,-0.0031,0.0035,0.0075,0.0865,0.0088,-0.0251,0.0471,-0.9913,0.9928,-0.0220,0.0435,-0.9988,-0.0411,-0.0621,-0.0569,0.0937,0,0,Lateral Rollover (360°),Rollover Flips
41950.5,2026-10-03T11:23:50Z,-0.0318,-0.0057,-0.0102,0.3322,0.0339,-0.0558,0.0378,-1.0090,1.0112,-0.0240,0.0435,-0.9988,0.0428,-0.1768,-0.1111,0.2132,0,0,Lateral Rollover (360°),Rollover Flips
41970.5,2026-10-03T11:23:50Z,-0.0626,-0.0253,-0.0100,0.6692,0.0682,-0.0915,0.0164,-1.0087,1.0130,-0.0289,0.0417,-0.9987,0.1215,-0.2444,-0.2204,0.3508,0,0,Lateral Rollover (360°),Rollover Flips
41990.6,2026-10-03T11:23:50Z,-0.0407,-0.0308,0.0527,0.7193,0.0733,-0.0751,0.0091,-0.9459,0.9490,-0.0344,0.0399,-0.9986,0.0056,-0.3177,-0.2683,0.4158,0,0,Lateral Rollover (360°),Rollover Flips
42010.9,2026-10-03T11:23:50Z,0.0112,-0.0043,0.0206,0.2336,0.0238,-0.0311,0.0363,-0.9777,0.9789,-0.0423,0.0406,-0.9983,-0.0730,-0.5079,-0.2128,0.5555,0,0,Lateral Rollover (360°),Rollover Flips
42030.9,2026-10-03T11:23:50Z,0.0668,0.0002,0.0106,0.6631,0.0676,0.0066,0.0417,-0.9867,0.9876,-0.0601,0.0415,-0.9973,0.0044,-1.3904,-0.1704,1.4008,0,0,Lateral Rollover (360°),Rollover Flips
42051.0,2026-10-03T11:23:51Z,0.1145,0.0188,0.0062,1.1394,0.1162,0.0063,0.0559,-0.9873,0.9889,-0.1082,0.0372,-0.9934,0.4741,-3.6667,-0.2389,3.7049,0,0,Lateral Rollover (360°),Rollover Flips
42071.1,2026-10-03T11:23:51Z,0.0780,0.0103,-0.0643,0.9966,0.1016,-0.1405,0.0275,-1.0400,1.0498,-0.2186,0.0172,-0.9757,1.5245,-7.6608,-0.6773,7.8403,0,1,Lateral Rollover (360°),Rollover Flips
42091.1,2026-10-03T11:23:51Z,0.1933,0.1406,-0.3838,4.4340,0.4521,-0.2162,0.1034,-1.2954,1.3174,-0.4094,-0.0371,-0.9116,3.7421,-12.5236,-1.2195,13.1275,0,1,Lateral Rollover (360°),Rollover Flips
42111.1,2026-10-03T11:23:51Z,0.1520,0.2024,-0.6385,6.7354,0.6868,-0.5173,0.0564,-1.3669,1.4626,-0.6694,-0.1460,-0.7284,7.2959,-19.3885,-2.4086,20.8554,0,1,Lateral Rollover (360°),Rollover Flips
42131.1,2026-10-03T11:23:51Z,0.0210,0.1845,-0.6074,6.2284,0.6351,-0.8784,-0.1155,-0.9252,1.2810,-0.8995,-0.2999,-0.3178,11.1597,-25.9629,-4.3047,28.5857,0,1,Lateral Rollover (360°),Rollover Flips
42151.5,2026-10-03T11:23:51Z,0.3906,0.2469,0.0557,4.5648,0.4655,-0.4886,-0.1433,0.3289,0.6062,-0.8793,-0.3902,0.2732,11.4854,-27.7513,-4.4000,30.3547,0,1,Lateral Rollover (360°),Rollover Flips
42171.6,2026-10-03T11:23:51Z,0.3526,0.1251,0.5440,6.4745,0.6602,-0.2452,-0.2118,1.2714,1.3120,-0.5978,-0.3369,0.7274,7.8125,-20.5959,-1.5369,22.0814,0,1,Lateral Rollover (360°),Rollover Flips
42192.0,2026-10-03T11:23:51Z,0.1003,-0.1106,0.2146,2.5641,0.2615,-0.2782,-0.3771,1.1010,1.1966,-0.3786,-0.2665,0.8864,1.0911,-5.2060,0.7563,5.3727,0,1,Lateral Rollover (360°),Rollover Flips
42211.7,2026-10-03T11:23:51Z,0.8052,0.2707,-0.7126,10.8734,1.1088,0.3964,0.0004,0.1591,0.4271,-0.4088,-0.2703,0.8717,-1.9220,5.0359,2.6787,6.0191,0,1,Lateral Rollover (360°),Rollover Flips
42231.8,2026-10-03T11:23:51Z,0.2868,0.2162,-1.3675,13.8652,1.4139,-0.1997,-0.0393,-0.5320,0.5696,-0.4865,-0.2555,0.8355,1.3162,0.6020,2.8462,3.1931,0,1,Lateral Rollover (360°),Rollover Flips
42252.1,2026-10-03T11:23:51Z,-0.3108,-0.0818,-0.5379,6.1446,0.6266,-0.7527,-0.2547,0.3424,0.8652,-0.4419,-0.1729,0.8803,5.6441,-6.2072,0.7971,8.4274,0,1,Lateral Rollover (360°),Rollover Flips
42272.2,2026-10-03T11:23:51Z,0.1930,-0.0324,0.8389,8.4481,0.8615,-0.1210,-0.1087,1.7853,1.7927,-0.3140,-0.0763,0.9463,3.4891,-6.2189,0.2626,7.1356,0,1,Lateral Rollover (360°),Rollover Flips
42292.3,2026-10-03T11:23:51Z,-0.1653,0.2180,0.7441,7.7747,0.7928,-0.4116,0.1781,1.7125,1.7702,-0.2463,-0.0399,0.9684,0.2445,-0.4575,0.7973,0.9512,0,0,Lateral Rollover (360°),Rollover Flips
42314.4,2026-10-03T11:23:51Z,-0.1264,-0.0048,-0.0672,1.4044,0.1432,-0.4126,-0.0415,0.8903,0.9821,-0.2862,-0.0367,0.9575,0.0360,3.8783,0.9125,3.9843,0,1,Lateral Rollover (360°),Rollover Flips
42332.3,2026-10-03T11:23:51Z,-0.3714,-0.1950,0.1394,4.3353,0.4421,-0.7391,-0.2250,1.0688,1.3188,-0.3677,-0.0300,0.9295,0.0106,4.2717,0.1955,4.2762,0,1,Lateral Rollover (360°),Rollover Flips
42352.5,2026-10-03T11:23:51Z,-0.3631,-0.2059,0.1753,4.4396,0.4527,-0.8154,-0.2474,1.0662,1.3649,-0.4523,-0.0414,0.8909,-1.1711,5.5987,-0.3229,5.7290,0,1,Lateral Rollover (360°),Rollover Flips
42372.5,2026-10-03T11:23:51Z,-0.3863,-0.1108,-0.2013,4.4077,0.4495,-0.9702,-0.1845,0.6072,1.1593,-0.5839,-0.0737,0.8085,-2.2636,10.1672,-0.1520,10.4173,0,1,Lateral Rollover (360°),Rollover Flips
42392.8,2026-10-03T11:23:51Z,-0.4805,-0.0958,-0.0585,4.8395,0.4935,-1.2477,-0.2097,0.5728,1.3888,-0.7672,-0.1139,0.6312,-2.9406,14.7670,-0.0347,15.0570,0,1,Lateral Rollover (360°),Rollover Flips
42412.6,2026-10-03T11:23:51Z,-0.2515,0.0237,0.1913,3.1076,0.3169,-1.1810,-0.1171,0.5323,1.3007,-0.9295,-0.1408,0.3410,-3.5106,17.8455,0.5888,18.1971,0,1,Lateral Rollover (360°),Rollover Flips
42433.0,2026-10-03T11:23:51Z,-0.2328,-0.0663,0.4590,5.0889,0.5189,-1.2225,-0.2014,0.4120,1.3057,-0.9897,-0.1351,-0.0470,-4.5153,20.5958,1.1124,21.1142,0,1,Lateral Rollover (360°),Rollover Flips
42453.1,2026-10-03T11:23:51Z,-0.3823,-0.1303,0.5367,6.5871,0.6717,-1.2652,-0.2168,0.0754,1.2859,-0.8830,-0.0866,-0.4614,-5.4904,21.0883,1.0118,21.8147,0,1,Lateral Rollover (360°),Rollover Flips
42473.2,2026-10-03T11:23:51Z,-0.7395,-0.1278,0.0979,7.4217,0.7568,-1.3716,-0.1390,-0.6769,1.5358,-0.6321,-0.0112,-0.7748,-4.4758,18.3561,0.1603,18.8946,0,1,Lateral Rollover (360°),Rollover Flips
42493.2,2026-10-03T11:23:51Z,-0.8310,0.0150,-0.1029,8.2127,0.8375,-1.1839,0.0525,-1.0378,1.5753,-0.3530,0.0375,-0.9349,-1.6364,13.7803,-1.1664,13.9260,0,1,Lateral Rollover (360°),Rollover Flips
42513.2,2026-10-03T11:23:51Z,-0.1386,0.2074,0.4432,4.9869,0.5085,-0.2617,0.2519,-0.5482,0.6577,-0.1232,0.0445,-0.9914,-0.1825,10.1603,-1.3215,10.2475,0,1,Lateral Rollover (360°),Rollover Flips
42533.4,2026-10-03T11:23:51Z,0.3314,0.0813,0.6592,7.2796,0.7423,0.3764,0.1319,-0.3385,0.5232,0.0450,0.0507,-0.9977,-0.5369,6.5770,-0.7352,6.6397,0,1,Lateral Rollover (360°),Rollover Flips
42553.6,2026-10-03T11:23:51Z,0.3566,0.0180,0.1957,3.9928,0.4072,0.4986,0.0769,-0.7924,0.9393,0.1420,0.0589,-0.9881,-0.0295,3.3985,-0.1764,3.4032,0,0,Lateral Rollover (360°),Rollover Flips
42573.6,2026-10-03T11:23:51Z,0.2504,0.0596,0.0370,2.5497,0.2600,0.4371,0.1097,-0.9442,1.0462,0.1867,0.0501,-0.9811,0.8283,1.2850,0.3237,1.5627,0,0,Lateral Rollover (360°),Rollover Flips
42593.6,2026-10-03T11:23:51Z,-0.0209,-0.0132,0.0773,0.7957,0.0811,0.1791,0.0143,-0.9021,0.9198,0.2000,0.0275,-0.9794,1.2650,0.1032,0.2183,1.2879,0,0,Lateral Rollover (360°),Rollover Flips
42613.7,2026-10-03T11:23:51Z,-0.0487,-0.0389,0.1633,1.7139,0.1748,0.1447,-0.0374,-0.8178,0.8314,0.1934,0.0015,-0.9811,1.2999,-0.7263,-0.1096,1.4931,0,0,Lateral Rollover (360°),Rollover Flips
42633.9,2026-10-03T11:23:51Z,0.0297,-0.0105,0.2113,2.0946,0.2136,0.2043,-0.0312,-0.7732,0.8003,0.1746,-0.0207,-0.9844,0.9817,-1.0680,-0.1910,1.4631,0,0,Lateral Rollover (360°),Rollover Flips
42654.2,2026-10-03T11:23:51Z,0.0673,0.0304,0.1699,1.8167,0.1853,0.2226,-0.0051,-0.8174,0.8471,0.1553,-0.0355,-0.9872,0.5608,-0.8498,-0.0478,1.0193,0,0,Lateral Rollover (360°),Rollover Flips
42674.3,2026-10-03T11:23:51Z,0.0191,0.0370,0.0627,0.7382,0.0753,0.1607,-0.0070,-0.9262,0.9401,0.1416,-0.0440,-0.9889,0.3390,-0.5235,0.0734,0.6280,0,0,Lateral Rollover (360°),Rollover Flips
42694.2,2026-10-03T11:23:51Z,-0.0303,0.0112,0.0242,0.3956,0.0403,0.1030,-0.0394,-0.9656,0.9719,0.1333,-0.0505,-0.9898,0.2915,-0.3488,0.0782,0.4613,0,0,Lateral Rollover (360°),Rollover Flips
42714.3,2026-10-03T11:23:51Z,-0.0425,-0.0035,0.0240,0.4799,0.0489,0.0839,-0.0596,-0.9664,0.9719,0.1264,-0.0561,-0.9904,0.2630,-0.3596,0.0146,0.4458,0,0,Lateral Rollover (360°),Rollover Flips
42734.4,2026-10-03T11:23:51Z,-0.0662,-0.0380,0.0680,1.0026,0.1022,0.0504,-0.0988,-0.9233,0.9300,0.1167,-0.0608,-0.9913,0.2222,-0.6579,-0.1026,0.7020,0,0,Lateral Rollover (360°),Rollover Flips
42754.7,2026-10-03T11:23:51Z,-0.0497,-0.0211,0.0355,0.6340,0.0647,0.0506,-0.0860,-0.9573,0.9625,0.1003,-0.0648,-0.9928,0.2384,-0.9699,-0.2195,1.0226,0,0,Lateral Rollover (360°),Rollover Flips
42774.7,2026-10-03T11:23:51Z,-0.0197,0.0022,0.0012,0.1950,0.0199,0.0618,-0.0674,-0.9930,0.9972,0.0815,-0.0696,-0.9942,0.2552,-0.8766,-0.1734,0.9293,0,0,Lateral Rollover (360°),Rollover Flips
42794.9,2026-10-03T11:23:51Z,-0.0164,-0.0032,0.0228,0.2772,0.0283,0.0518,-0.0762,-0.9722,0.9766,0.0682,-0.0729,-0.9950,0.0585,-0.4633,-0.1073,0.4792,0,0,Lateral Rollover (360°),Rollover Flips
42814.8,2026-10-03T11:23:51Z,-0.0174,-0.0048,-0.0085,0.1955,0.0199,0.0452,-0.0766,-1.0039,1.0079,0.0625,-0.0718,-0.9955,-0.1262,-0.0980,-0.0966,0.1867,0,0,Lateral Rollover (360°),Rollover Flips
42834.9,2026-10-03T11:23:51Z,-0.0115,-0.0224,0.0041,0.2505,0.0255,0.0510,-0.0911,-0.9916,0.9971,0.0625,-0.0687,-0.9957,-0.1688,-0.0008,-0.1456,0.2229,0,0,Lateral Rollover (360°),Rollover Flips
42855.1,2026-10-03T11:23:51Z,0.0137,-0.0191,0.0070,0.2407,0.0245,0.0748,-0.0844,-0.9890,0.9955,0.0611,-0.0652,-0.9960,-0.1284,-0.1665,-0.2371,0.3169,0,0,Lateral Rollover (360°),Rollover Flips
42875.3,2026-10-03T11:23:51Z,0.0478,0.0021,0.0203,0.5096,0.0520,0.1035,-0.0614,-0.9761,0.9835,0.0557,-0.0635,-0.9964,-0.0079,-0.4414,-0.2112,0.4894,0,0,Lateral Rollover (360°),Rollover Flips
42895.3,2026-10-03T11:23:51Z,0.0418,0.0249,-0.0101,0.4868,0.0496,0.0858,-0.0397,-1.0071,1.0115,0.0440,-0.0645,-0.9969,0.1326,-0.7059,-0.1610,0.7361,0,0,Lateral Rollover (360°),Rollover Flips
42915.4,2026-10-03T11:23:51Z,0.0394,0.0295,-0.0317,0.5736,0.0585,0.0698,-0.0391,-1.0289,1.0320,0.0304,-0.0686,-0.9972,0.2655,-0.6241,-0.0743,0.6823,0,0,Lateral Rollover (360°),Rollover Flips
42935.6,2026-10-03T11:23:51Z,0.0261,0.0031,0.0364,0.4400,0.0449,0.0461,-0.0704,-0.9607,0.9644,0.0200,-0.0735,-0.9971,0.1948,-0.4264,-0.0538,0.4719,0,0,Lateral Rollover (360°),Rollover Flips
42955.6,2026-10-03T11:23:51Z,0.0123,-0.0193,0.0977,0.9837,0.1003,0.0245,-0.0948,-0.8994,0.9047,0.0122,-0.0754,-0.9971,-0.0148,-0.3827,-0.0840,0.3921,0,0,Lateral Rollover (360°),Rollover Flips
42975.5,2026-10-03T11:23:51Z,-0.0085,-0.0242,0.0815,0.8383,0.0855,-0.0042,-0.0971,-0.9158,0.9209,0.0043,-0.0728,-0.9973,-0.2342,-0.4304,-0.1453,0.5111,0,0,Lateral Rollover (360°),Rollover Flips
42996.0,2026-10-03T11:23:51Z,-0.0014,0.0143,-0.0253,0.2859,0.0292,-0.0054,-0.0531,-1.0231,1.0244,-0.0040,-0.0675,-0.9977,-0.2632,-0.3900,-0.1622,0.4976,0,0,Lateral Rollover (360°),Rollover Flips
43015.8,2026-10-03T11:23:51Z,0.0159,0.0243,-0.0708,0.7501,0.0765,0.0054,-0.0390,-1.0687,1.0694,-0.0104,-0.0633,-0.9979,-0.1461,-0.2589,-0.1042,0.3150,0,0,Lateral Rollover (360°),Rollover Flips
43036.1,2026-10-03T11:23:51Z,0.0182,0.0183,-0.0603,0.6432,0.0656,0.0041,-0.0431,-1.0583,1.0592,-0.0141,-0.0614,-0.9980,-0.0657,-0.1068,-0.0833,0.1505,0,0,Lateral Rollover (360°),Rollover Flips
43056.2,2026-10-03T11:23:52Z,0.0439,0.0205,-0.0256,0.5376,0.0548,0.0302,-0.0392,-1.0237,1.0249,-0.0137,-0.0597,-0.9981,-0.1090,0.1309,-0.0481,0.1770,0,0,Lateral Rollover (360°),Rollover Flips
43076.3,2026-10-03T11:23:52Z,0.0300,0.0116,0.0043,0.3184,0.0325,0.0203,-0.0455,-0.9940,0.9953,-0.0097,-0.0571,-0.9983,-0.1617,0.2553,0.0110,0.3024,0,0,Lateral Rollover (360°),Rollover Flips
43096.5,2026-10-03T11:23:52Z,-0.0176,-0.0144,0.0261,0.3395,0.0346,-0.0221,-0.0673,-0.9725,0.9751,-0.0045,-0.0530,-0.9986,-0.2390,0.2211,-0.0531,0.3299,0,0,Lateral Rollover (360°),Rollover Flips
43116.3,2026-10-03T11:23:52Z,-0.0105,-0.0071,0.0153,0.1951,0.0199,-0.0090,-0.0543,-0.9836,0.9851,0.0016,-0.0472,-0.9989,-0.3507,0.4030,-0.1996,0.5704,0,0,Lateral Rollover (360°),Rollover Flips
43136.7,2026-10-03T11:23:52Z,0.0836,0.0738,-0.1090,1.5292,0.1559,0.0959,0.0342,-1.1081,1.1128,0.0123,-0.0396,-0.9991,-0.3337,0.6226,-0.2292,0.7427,0,0,Lateral Rollover (360°),Rollover Flips
43156.8,2026-10-03T11:23:52Z,0.2714,0.1515,-0.2455,3.8844,0.3961,0.2984,0.1141,-1.2444,1.2848,0.0269,-0.0373,-0.9989,0.1822,0.7743,0.2753,0.8417,0,0,Lateral Rollover (360°),Rollover Flips
43176.9,2026-10-03T11:23:52Z,0.2064,0.2634,-0.1875,3.7617,0.3836,0.2449,0.2151,-1.1856,1.2296,0.0384,-0.0483,-0.9981,0.8441,0.3114,0.9678,1.3214,0,0,Lateral Rollover (360°),Rollover Flips
43197.0,2026-10-03T11:23:52Z,-0.0176,0.1390,-0.1030,1.7056,0.1739,0.0176,0.0678,-1.0999,1.1021,0.0352,-0.0712,-0.9968,1.3198,-0.3704,1.2973,1.8874,0,0,Lateral Rollover (360°),Rollover Flips
43216.9,2026-10-03T11:23:52Z,-0.1122,-0.0315,0.0920,1.4556,0.1484,-0.0869,-0.1306,-0.9028,0.9163,0.0252,-0.0990,-0.9948,1.2397,-0.3410,1.0581,1.6651,0,0,Lateral Rollover (360°),Rollover Flips
43237.1,2026-10-03T11:23:52Z,-0.0808,-0.0983,0.3533,3.6824,0.3755,-0.0614,-0.2141,-0.6398,0.6774,0.0194,-0.1158,-0.9931,0.3010,-0.1090,0.7177,0.7858,0,0,Lateral Rollover (360°),Rollover Flips
43257.3,2026-10-03T11:23:52Z,0.0062,-0.1059,0.2590,2.7448,0.2799,0.0217,-0.2169,-0.7347,0.7663,0.0154,-0.1110,-0.9937,-0.6681,-0.1612,0.2497,0.7313,0,0,Lateral Rollover (360°),Rollover Flips
43277.1,2026-10-03T11:23:52Z,0.0797,0.0410,-0.0251,0.9130,0.0931,0.0912,-0.0556,-1.0203,1.0259,0.0115,-0.0966,-0.9953,-0.6512,-0.2082,0.3788,0.7815,0,0,Lateral Rollover (360°),Rollover Flips
43297.5,2026-10-03T11:23:52Z,0.0005,0.0959,-0.1308,1.5906,0.1622,0.0062,0.0078,-1.1269,1.1269,0.0057,-0.0881,-0.9961,-0.2128,-0.2180,0.8416,0.8950,0,0,Lateral Rollover (360°),Rollover Flips
43317.5,2026-10-03T11:23:52Z,-0.1519,-0.0345,-0.0299,1.5556,0.1586,-0.1520,-0.1203,-1.0262,1.0443,-0.0001,-0.0858,-0.9963,-0.0859,-0.2446,0.7285,0.7733,0,0,Lateral Rollover (360°),Rollover Flips
43337.5,2026-10-03T11:23:52Z,-0.1191,-0.1182,0.0828,1.8346,0.1871,-0.1279,-0.2014,-0.9137,0.9444,-0.0088,-0.0833,-0.9965,-0.1678,-0.6892,0.2430,0.7498,0,0,Lateral Rollover (360°),Rollover Flips
43357.7,2026-10-03T11:23:52Z,0.0356,-0.0610,0.0675,0.9580,0.0977,0.0023,-0.1409,-0.9288,0.9394,-0.0333,-0.0799,-0.9962,-0.1124,-1.6799,-0.0081,1.6837,0,0,Lateral Rollover (360°),Rollover Flips
43377.8,2026-10-03T11:23:52Z,-0.0690,0.0561,-0.1476,1.6895,0.1723,-0.1370,-0.0248,-1.1420,1.1504,-0.0680,-0.0809,-0.9944,0.2068,-1.6079,0.1165,1.6254,0,0,Lateral Rollover (360°),Rollover Flips
43397.9,2026-10-03T11:23:52Z,0.0356,0.0094,0.0129,0.3826,0.0390,-0.0598,-0.0745,-0.9790,0.9837,-0.0954,-0.0839,-0.9919,0.1194,-1.0077,0.4996,1.1311,0,0,Lateral Rollover (360°),Rollover Flips
43417.8,2026-10-03T11:23:52Z,-0.1992,-0.1060,0.0167,2.2185,0.2262,-0.3085,-0.1901,-0.9738,1.0390,-0.1093,-0.0841,-0.9904,0.0098,-0.2655,0.3798,0.4635,0,0,Lateral Rollover (360°),Rollover Flips
43437.9,2026-10-03T11:23:52Z,-0.1371,-0.1179,0.0639,1.8806,0.1918,-0.2435,-0.2003,-0.9270,0.9791,-0.1064,-0.0823,-0.9909,-0.1598,0.5752,0.2192,0.6359,0,0,Lateral Rollover (360°),Rollover Flips
43457.9,2026-10-03T11:23:52Z,-0.1729,-0.1365,-0.1856,2.8248,0.2881,-0.2586,-0.2149,-1.1788,1.2259,-0.0858,-0.0784,-0.9932,-0.1132,1.4364,-0.1909,1.4535,0,0,Lateral Rollover (360°),Rollover Flips
43478.4,2026-10-03T11:23:52Z,-0.1354,-0.0553,-0.0336,1.4713,0.1500,-0.1938,-0.1304,-1.0291,1.0552,-0.0584,-0.0752,-0.9955,-0.2124,1.3231,-0.4711,1.4205,0,0,Lateral Rollover (360°),Rollover Flips
43498.3,2026-10-03T11:23:52Z,-0.0589,0.1027,-0.0426,1.2342,0.1259,-0.0930,0.0322,-1.0395,1.0442,-0.0341,-0.0706,-0.9969,-0.2934,0.9791,-0.6895,1.2329,0,0,Lateral Rollover (360°),Rollover Flips
43518.3,2026-10-03T11:23:52Z,0.0179,-0.0037,-0.0712,0.7213,0.0736,0.0011,-0.0692,-1.0690,1.0712,-0.0168,-0.0655,-0.9977,-0.2117,0.6327,-0.9378,1.1509,0,0,Lateral Rollover (360°),Rollover Flips
43538.6,2026-10-03T11:23:52Z,0.0922,-0.0831,0.0034,1.2181,0.1242,0.0822,-0.1474,-0.9945,1.0087,-0.0100,-0.0642,-0.9979,0.0786,-0.1915,-1.1778,1.1959,0,0,Lateral Rollover (360°),Rollover Flips
43558.8,2026-10-03T11:23:52Z,0.1466,0.1996,0.0960,2.6050,0.2656,0.1315,0.1345,-0.9017,0.9211,-0.0151,-0.0651,-0.9978,-0.1990,-0.2305,-0.4971,0.5829,0,0,Lateral Rollover (360°),Rollover Flips
43579.0,2026-10-03T11:23:52Z,-0.0046,-0.0866,-0.0251,0.8856,0.0903,-0.0202,-0.1436,-1.0233,1.0336,-0.0156,-0.0570,-0.9983,-0.4251,0.1451,-0.4111,0.6089,0,0,Lateral Rollover (360°),Rollover Flips
43599.1,2026-10-03T11:23:52Z,0.2847,-0.1052,0.0250,2.9862,0.3045,0.2765,-0.1539,-0.9738,1.0239,-0.0081,-0.0487,-0.9988,-0.3919,0.5372,-0.2666,0.7164,0,0,Lateral Rollover (360°),Rollover Flips
43618.9,2026-10-03T11:23:52Z,0.0216,-0.0347,-0.0218,0.4539,0.0463,0.0251,-0.0778,-1.0208,1.0241,0.0034,-0.0431,-0.9991,-0.1690,0.5245,-0.1306,0.5664,0,0,Lateral Rollover (360°),Rollover Flips
43639.0,2026-10-03T11:23:52Z,-0.1349,0.0616,-0.0627,1.5790,0.1610,-0.1204,0.0206,-1.0617,1.0687,0.0145,-0.0410,-0.9991,-0.0501,0.5973,-0.2620,0.6542,0,0,Lateral Rollover (360°),Rollover Flips
43659.2,2026-10-03T11:23:52Z,-0.0948,0.0271,-0.0008,0.9669,0.0986,-0.0664,-0.0135,-0.9995,1.0018,0.0284,-0.0406,-0.9988,0.0188,0.6417,-0.3345,0.7239,0,0,Lateral Rollover (360°),Rollover Flips
43679.5,2026-10-03T11:23:52Z,-0.0580,-0.0036,0.0089,0.5764,0.0588,-0.0228,-0.0442,-0.9897,0.9909,0.0352,-0.0406,-0.9986,-0.0297,0.0902,-0.3635,0.3757,0,0,Lateral Rollover (360°),Rollover Flips
43699.4,2026-10-03T11:23:52Z,-0.0591,0.0462,-0.0533,0.9026,0.0920,-0.0252,0.0063,-1.0520,1.0523,0.0339,-0.0399,-0.9986,0.0186,-0.2356,-0.3875,0.4539,0,0,Lateral Rollover (360°),Rollover Flips
43719.5,2026-10-03T11:23:52Z,0.0081,0.0133,-0.0600,0.6075,0.0619,0.0358,-0.0277,-1.0587,1.0597,0.0278,-0.0409,-0.9988,0.1263,-0.4757,-0.3082,0.5807,0,0,Lateral Rollover (360°),Rollover Flips
43739.7,2026-10-03T11:23:52Z,0.1208,-0.0444,-0.0661,1.4193,0.1447,0.1392,-0.0904,-1.0649,1.0777,0.0184,-0.0460,-0.9988,0.4876,-0.3029,0.0313,0.5749,0,0,Lateral Rollover (360°),Rollover Flips
43760.0,2026-10-03T11:23:52Z,0.0593,-0.0061,-0.1912,1.9641,0.2003,0.0756,-0.0724,-1.1889,1.1935,0.0163,-0.0664,-0.9977,1.3775,0.5900,0.4474,1.5639,0,0,Lateral Rollover (360°),Rollover Flips
43779.8,2026-10-03T11:23:52Z,-0.0410,-0.0804,0.2107,2.2473,0.2292,0.0126,-0.1772,-0.7832,0.8031,0.0535,-0.0969,-0.9939,1.5066,3.3004,0.4885,3.6608,0,0,Lateral Rollover (360°),Rollover Flips
43800.1,2026-10-03T11:23:52Z,-0.1269,-0.0867,0.3855,4.0697,0.4150,0.0085,-0.2049,-0.5982,0.6324,0.1354,-0.1182,-0.9837,0.4499,4.4149,0.0648,4.4382,0,0,Lateral Rollover (360°),Rollover Flips
43820.0,2026-10-03T11:23:52Z,0.1393,-0.0504,0.2389,2.7563,0.2811,0.3287,-0.1621,-0.7366,0.8228,0.1894,-0.1117,-0.9755,-1.1195,-0.3541,-0.1618,1.1853,0,0,Lateral Rollover (360°),Rollover Flips
43840.0,2026-10-03T11:23:52Z,0.1093,0.0687,0.0873,1.5280,0.1558,0.2675,-0.0172,-0.8964,0.9356,0.1582,-0.0859,-0.9837,-1.1757,-2.7853,-0.1552,3.0273,0,0,Lateral Rollover (360°),Rollover Flips
43860.5,2026-10-03T11:23:52Z,0.1383,0.0635,-0.2725,3.0611,0.3121,0.2354,0.0022,-1.2659,1.2876,0.0971,-0.0612,-0.9934,-1.2227,-2.8437,0.1597,3.0995,0,0,Lateral Rollover (360°),Rollover Flips
43880.3,2026-10-03T11:23:52Z,0.0585,0.0786,-0.2381,2.5250,0.2575,0.1027,0.0347,-1.2361,1.2409,0.0441,-0.0439,-0.9981,-0.5719,-2.4726,0.3672,2.5643,0,0,Lateral Rollover (360°),Rollover Flips
43900.6,2026-10-03T11:23:52Z,-0.0745,0.0673,-0.1915,2.1201,0.2162,-0.0971,0.0377,-1.1908,1.1953,-0.0225,-0.0296,-0.9993,-0.4757,-3.0863,0.1931,3.1288,0,0,Lateral Rollover (360°),Rollover Flips
43922.5,2026-10-03T11:23:52Z,-0.1332,0.0172,-0.0715,1.4919,0.1521,-0.2042,-0.0085,-1.0686,1.0880,-0.0710,-0.0256,-0.9971,-0.0615,-1.6751,0.1470,1.6827,0,0,Lateral Rollover (360°),Rollover Flips
43940.6,2026-10-03T11:23:52Z,-0.0922,0.0014,0.0241,0.9346,0.0953,-0.1834,-0.0249,-0.9714,0.9889,-0.0912,-0.0263,-0.9955,0.0852,-0.4684,0.0213,0.4766,0,0,Lateral Rollover (360°),Rollover Flips
43960.8,2026-10-03T11:23:52Z,-0.0163,-0.0337,0.0234,0.4329,0.0441,-0.1098,-0.0613,-0.9718,0.9800,-0.0935,-0.0276,-0.9952,0.0621,0.1408,0.0587,0.1646,0,0,Lateral Rollover (360°),Rollover Flips
43980.9,2026-10-03T11:23:52Z,0.0173,0.0005,-0.0132,0.2132,0.0217,-0.0730,-0.0281,-1.0087,1.0117,-0.0902,-0.0286,-0.9955,0.0552,0.0989,0.1120,0.1593,0,0,Lateral Rollover (360°),Rollover Flips
44001.0,2026-10-03T11:23:52Z,0.0136,0.0270,0.0186,0.3481,0.0355,-0.0792,-0.0019,-0.9767,0.9799,-0.0928,-0.0289,-0.9953,-0.0239,-0.3711,0.1090,0.3875,0,0,Lateral Rollover (360°),Rollover Flips
44021.0,2026-10-03T11:23:52Z,0.0143,-0.0051,0.0643,0.6483,0.0661,-0.0898,-0.0313,-0.9299,0.9347,-0.1041,-0.0262,-0.9942,-0.2451,-0.6901,0.0965,0.7387,0,0,Lateral Rollover (360°),Rollover Flips
44041.3,2026-10-03T11:23:53Z,0.0340,-0.0300,0.0351,0.5625,0.0574,-0.0828,-0.0492,-0.9578,0.9627,-0.1168,-0.0192,-0.9930,-0.3955,-0.4678,0.1924,0.6421,0,0,Lateral Rollover (360°),Rollover Flips
44061.4,2026-10-03T11:23:53Z,0.0489,-0.0356,-0.0217,0.6300,0.0642,-0.0700,-0.0462,-1.0146,1.0180,-0.1189,-0.0107,-0.9928,-0.3559,0.3455,0.3394,0.6010,0,0,Lateral Rollover (360°),Rollover Flips
44081.5,2026-10-03T11:23:53Z,-0.0005,-0.0105,-0.2297,2.2550,0.2299,-0.0999,-0.0168,-1.2247,1.2289,-0.0994,-0.0063,-0.9950,0.0972,1.7089,0.4541,1.7709,0,0,Lateral Rollover (360°),Rollover Flips
44105.2,2026-10-03T11:23:53Z,0.0073,-0.0017,-0.1796,1.7626,0.1797,-0.0378,-0.0150,-1.1785,1.1792,-0.0451,-0.0133,-0.9989,0.6526,3.9382,0.7586,4.0633,0,0,Lateral Rollover (360°),Rollover Flips
44121.5,2026-10-03T11:23:53Z,-0.2337,-0.0084,-0.2137,3.1069,0.3168,-0.1659,-0.0395,-1.2110,1.2229,0.0678,-0.0310,-0.9972,1.1179,7.4763,0.8686,7.6092,0,1,Lateral Rollover (360°),Rollover Flips
44141.7,2026-10-03T11:23:53Z,-0.4584,0.0971,-0.2657,5.2824,0.5387,-0.2033,0.0345,-1.2306,1.2477,0.2551,-0.0625,-0.9649,1.9696,11.6879,0.5902,11.8673,0,1,Lateral Rollover (360°),Rollover Flips
44161.8,2026-10-03T11:23:53Z,-0.5144,0.3283,-0.7902,9.7912,0.9984,0.0133,0.2046,-1.6306,1.6434,0.5277,-0.1237,-0.8404,4.6839,18.9083,0.7422,19.4940,0,1,Lateral Rollover (360°),Rollover Flips
44181.9,2026-10-03T11:23:53Z,-0.7205,0.5145,-0.6708,10.8932,1.1108,0.1210,0.2790,-1.1570,1.1963,0.8415,-0.2355,-0.4862,8.7521,27.3455,2.1727,28.7941,0,1,Lateral Rollover (360°),Rollover Flips
44204.5,2026-10-03T11:23:53Z,-0.2971,0.3774,0.0035,4.7103,0.4803,0.6385,0.0454,0.1238,0.6519,0.9356,-0.3320,0.1203,9.5160,32.2107,4.3606,33.8688,0,1,Lateral Rollover (360°),Rollover Flips
44222.0,2026-10-03T11:23:53Z,-0.9756,-0.4224,1.0490,14.6464,1.4935,-0.3598,-0.7627,1.7597,1.9513,0.6158,-0.3403,0.7107,6.2028,32.0665,4.5700,32.9791,0,1,Lateral Rollover (360°),Rollover Flips
44242.2,2026-10-03T11:23:53Z,0.0914,0.2122,1.0285,10.3375,1.0541,0.2071,-0.0941,1.9734,1.9864,0.1158,-0.3063,0.9449,1.4315,21.4810,3.1243,21.7541,0,1,Lateral Rollover (360°),Rollover Flips
44262.3,2026-10-03T11:23:53Z,0.1543,-0.1220,0.1946,2.7137,0.2767,0.0022,-0.4400,1.1304,1.2130,-0.1521,-0.3179,0.9358,-2.0288,5.7918,-0.3047,6.1444,0,1,Lateral Rollover (360°),Rollover Flips
44282.5,2026-10-03T11:23:53Z,-0.3802,0.2126,-1.3390,13.8083,1.4081,-0.5268,-0.1357,-0.4131,0.6831,-0.1466,-0.3483,0.9259,-0.5888,-4.9388,-2.4007,5.5229,0,1,Lateral Rollover (360°),Rollover Flips
44305.2,2026-10-03T11:23:53Z,-0.1497,0.3995,-1.2169,12.6458,1.2895,-0.1669,0.0568,-0.2776,0.3289,-0.0172,-0.3426,0.9393,1.3221,-5.3304,-2.3115,5.9585,1,1,Lateral Rollover (360°),Rollover Flips
44322.5,2026-10-03T11:23:53Z,0.4610,-0.0738,-0.4128,6.1109,0.6231,0.5059,-0.3847,0.5366,0.8318,0.0450,-0.3109,0.9494,1.8801,-0.2623,-0.4477,1.9504,0,1,Lateral Rollover (360°),Rollover Flips
44342.7,2026-10-03T11:23:53Z,0.1322,-0.0107,0.1514,1.9742,0.2013,0.1518,-0.2856,1.1127,1.1588,0.0196,-0.2749,0.9613,1.7067,2.0619,0.7233,2.7726,0,1,Lateral Rollover (360°),Rollover Flips
44362.8,2026-10-03T11:23:53Z,-0.1635,0.1190,0.3541,3.9990,0.4078,-0.1746,-0.1324,1.3219,1.3400,-0.0111,-0.2515,0.9678,0.6529,0.3151,0.1036,0.7323,0,0,Lateral Rollover (360°),Rollover Flips
44382.8,2026-10-03T11:23:53Z,-0.0997,0.0395,0.2381,2.5608,0.2611,-0.0835,-0.2091,1.2066,1.2274,0.0162,-0.2485,0.9685,-0.2815,-3.0540,-0.7876,3.1664,0,1,Lateral Rollover (360°),Rollover Flips
44405.3,2026-10-03T11:23:53Z,-0.1649,0.0730,-0.0043,1.7694,0.1804,-0.0442,-0.1826,0.9549,0.9732,0.1207,-0.2556,0.9592,-0.5642,-6.9635,-1.8898,7.2374,0,1,Lateral Rollover (360°),Rollover Flips
44423.1,2026-10-03T11:23:53Z,-0.1203,0.0192,0.0406,1.2594,0.1284,0.1810,-0.2399,0.9583,1.0043,0.3013,-0.2591,0.9177,-0.9543,-10.8723,-2.9815,11.3141,0,1,Lateral Rollover (360°),Rollover Flips
44443.2,2026-10-03T11:23:53Z,-0.1227,0.0354,0.0923,1.5454,0.1576,0.4169,-0.2157,0.8959,1.0114,0.5396,-0.2511,0.8036,-1.6186,-14.1760,-3.9722,14.8107,0,1,Lateral Rollover (360°),Rollover Flips
44463.3,2026-10-03T11:23:53Z,-0.1306,0.0415,-0.0055,1.3449,0.1371,0.6457,-0.1803,0.5846,0.8895,0.7763,-0.2218,0.5901,-2.3608,-16.2892,-4.6087,17.0925,0,1,Lateral Rollover (360°),Rollover Flips
44483.5,2026-10-03T11:23:53Z,-0.1594,0.0870,-0.1409,2.2546,0.2299,0.7879,-0.0715,0.1373,0.8030,0.9473,-0.1585,0.2782,-2.8993,-18.1714,-5.2423,19.1334,0,1,Lateral Rollover (360°),Rollover Flips
44505.4,2026-10-03T11:23:53Z,0.3553,0.0056,-0.2506,4.2641,0.4348,1.3483,-0.0552,-0.3523,1.3946,0.9930,-0.0608,-0.1017,-3.0534,-19.4048,-4.9177,20.2497,0,1,Lateral Rollover (360°),Rollover Flips
44523.6,2026-10-03T11:23:53Z,0.9284,-0.0680,-0.2578,9.4727,0.9659,1.8076,-0.0350,-0.7331,1.9509,0.8792,0.0330,-0.4753,-2.5644,-19.4289,-3.0144,19.8278,0,1,Lateral Rollover (360°),Rollover Flips
44543.7,2026-10-03T11:23:53Z,0.8265,0.0373,-0.0327,8.1199,0.8280,1.4697,0.1286,-0.7930,1.6749,0.6431,0.0914,-0.7603,-1.7099,-17.4225,-1.1345,17.5429,0,1,Lateral Rollover (360°),Rollover Flips
44564.0,2026-10-03T11:23:53Z,0.1940,0.1974,0.1452,3.0651,0.3126,0.5737,0.3187,-0.7719,1.0132,0.3797,0.1213,-0.9171,-1.1595,-12.9903,-0.0393,13.0420,0,1,Lateral Rollover (360°),Rollover Flips
44583.9,2026-10-03T11:23:53Z,-0.1184,0.1394,-0.0272,1.8136,0.1849,0.0714,0.2728,-0.9999,1.0389,0.1898,0.1334,-0.9727,-0.0298,-6.9886,0.0144,6.9887,0,1,Lateral Rollover (360°),Rollover Flips
44605.3,2026-10-03T11:23:53Z,-0.3914,0.0707,-0.1119,4.0517,0.4132,-0.2933,0.1930,-1.0996,1.1543,0.0981,0.1223,-0.9876,1.0886,-2.7476,-0.3718,2.9787,0,0,Lateral Rollover (360°),Rollover Flips
44624.2,2026-10-03T11:23:53Z,-0.2359,0.0092,-0.0278,2.3310,0.2377,-0.1764,0.1056,-1.0213,1.0418,0.0595,0.0963,-0.9936,1.4994,-1.3556,-0.7475,2.1551,0,0,Lateral Rollover (360°),Rollover Flips
44644.3,2026-10-03T11:23:53Z,0.1022,-0.0599,0.1056,1.5566,0.1587,0.1351,0.0080,-0.8915,0.9017,0.0329,0.0679,-0.9971,1.3294,-1.3019,-0.5951,1.9536,0,0,Lateral Rollover (360°),Rollover Flips
44664.4,2026-10-03T11:23:53Z,0.1893,-0.1269,0.2486,3.3072,0.3372,0.1930,-0.0803,-0.7503,0.7789,0.0037,0.0466,-0.9989,0.7800,-1.5322,-0.1705,1.7278,0,0,Lateral Rollover (360°),Rollover Flips
44684.4,2026-10-03T11:23:53Z,0.1105,-0.1091,0.2406,2.8083,0.2864,0.0839,-0.0723,-0.7584,0.7664,-0.0266,0.0367,-0.9990,0.2102,-1.4841,0.1386,1.5053,0,0,Lateral Rollover (360°),Rollover Flips
44704.6,2026-10-03T11:23:53Z,-0.0196,-0.0639,0.1870,1.9473,0.1986,-0.0753,-0.0260,-0.8108,0.8147,-0.0557,0.0379,-0.9977,-0.2704,-1.3751,0.1006,1.4050,0,0,Lateral Rollover (360°),Rollover Flips
44724.8,2026-10-03T11:23:53Z,-0.0469,0.0075,-0.0015,0.4656,0.0475,-0.1261,0.0517,-0.9974,1.0067,-0.0792,0.0442,-0.9959,-0.2550,-0.9409,-0.0597,0.9766,0,0,Lateral Rollover (360°),Rollover Flips
44744.9,2026-10-03T11:23:53Z,0.0292,0.0198,-0.1220,1.2453,0.1270,-0.0636,0.0644,-1.1167,1.1203,-0.0928,0.0446,-0.9947,0.2230,-0.4798,-0.0416,0.5307,0,0,Lateral Rollover (360°),Rollover Flips
44765.1,2026-10-03T11:23:53Z,0.0636,0.0112,-0.0556,0.8354,0.0852,-0.0370,0.0481,-1.0498,1.0515,-0.1006,0.0370,-0.9942,0.4783,-0.3381,0.0946,0.5933,0,0,Lateral Rollover (360°),Rollover Flips
44785.2,2026-10-03T11:23:53Z,0.0172,0.0052,0.0120,0.2122,0.0216,-0.0907,0.0333,-0.9818,0.9865,-0.1079,0.0281,-0.9938,0.3946,-0.4461,0.0808,0.6010,0,0,Lateral Rollover (360°),Rollover Flips
44805.6,2026-10-03T11:23:53Z,-0.0366,0.0076,0.0482,0.5978,0.0610,-0.1549,0.0300,-0.9445,0.9576,-0.1184,0.0224,-0.9927,0.1780,-0.5543,-0.0730,0.5867,0,0,Lateral Rollover (360°),Rollover Flips
44825.4,2026-10-03T11:23:53Z,-0.0229,-0.0010,0.0141,0.2636,0.0269,-0.1521,0.0189,-0.9774,0.9893,-0.1292,0.0200,-0.9914,0.0745,-0.5191,-0.1297,0.5402,0,0,Lateral Rollover (360°),Rollover Flips
44845.4,2026-10-03T11:23:53Z,-0.0426,0.0016,-0.0005,0.4182,0.0426,-0.1801,0.0193,-0.9908,1.0072,-0.1375,0.0177,-0.9903,0.1182,-0.2894,-0.1450,0.3446,0,0,Lateral Rollover (360°),Rollover Flips
44865.4,2026-10-03T11:23:53Z,-0.0475,0.0062,-0.0457,0.6493,0.0662,-0.1871,0.0208,-1.0358,1.0528,-0.1397,0.0146,-0.9901,0.1691,0.1394,-0.1813,0.2844,0,0,Lateral Rollover (360°),Rollover Flips
44885.7,2026-10-03T11:23:53Z,-0.0339,0.0273,-0.0741,0.8431,0.0860,-0.1664,0.0361,-1.0653,1.0788,-0.1324,0.0088,-0.9912,0.3800,0.5561,-0.1476,0.6895,0,0,Lateral Rollover (360°),Rollover Flips
44906.4,2026-10-03T11:23:53Z,-0.0436,0.0177,-0.0119,0.4763,0.0486,-0.1641,0.0169,-1.0047,1.0181,-0.1205,-0.0009,-0.9927,0.5125,0.5626,-0.1239,0.7710,0,0,Lateral Rollover (360°),Rollover Flips
44925.7,2026-10-03T11:23:53Z,-0.0346,-0.0242,0.0460,0.6127,0.0625,-0.1463,-0.0336,-0.9477,0.9595,-0.1117,-0.0094,-0.9937,0.2572,0.3028,-0.1691,0.4318,0,0,Lateral Rollover (360°),Rollover Flips
44945.8,2026-10-03T11:23:53Z,-0.0480,-0.0084,0.0727,0.8584,0.0875,-0.1562,-0.0199,-0.9213,0.9347,-0.1082,-0.0115,-0.9941,-0.0848,0.0446,-0.3016,0.3164,0,0,Lateral Rollover (360°),Rollover Flips
44966.0,2026-10-03T11:23:53Z,-0.0169,-0.0114,0.1062,1.0602,0.1081,-0.1261,-0.0186,-0.8878,0.8969,-0.1093,-0.0072,-0.9940,-0.4217,-0.1088,-0.3520,0.5600,0,0,Lateral Rollover (360°),Rollover Flips
44986.1,2026-10-03T11:23:53Z,0.0852,0.0193,0.0427,0.9533,0.0972,-0.0270,0.0224,-0.9510,0.9516,-0.1122,0.0031,-0.9937,-0.6101,-0.1626,-0.1167,0.6420,0,0,Lateral Rollover (360°),Rollover Flips
45006.5,2026-10-03T11:23:53Z,-0.0367,-0.0068,-0.0797,0.8627,0.0880,-0.1496,0.0058,-1.0732,1.0836,-0.1130,0.0126,-0.9935,-0.3030,-0.0011,-0.0316,0.3047,0,0,Lateral Rollover (360°),Rollover Flips
45026.2,2026-10-03T11:23:53Z,-0.0181,-0.0086,-0.0070,0.2081,0.0212,-0.1312,0.0067,-1.0005,1.0091,-0.1131,0.0153,-0.9935,-0.0152,0.0626,0.1356,0.1501,0,0,Lateral Rollover (360°),Rollover Flips
45046.4,2026-10-03T11:23:54Z,-0.0200,0.0125,0.0128,0.2634,0.0269,-0.1285,0.0281,-0.9811,0.9899,-0.1085,0.0156,-0.9940,0.0515,0.5133,0.2933,0.5935,0,0,Lateral Rollover (360°),Rollover Flips
45066.7,2026-10-03T11:23:54Z,-0.0078,0.0766,-0.0810,1.0953,0.1117,-0.0951,0.0890,-1.0771,1.0849,-0.0873,0.0124,-0.9961,0.3770,1.5990,0.3583,1.6815,0,0,Lateral Rollover (360°),Rollover Flips
45086.7,2026-10-03T11:23:54Z,-0.0011,0.0103,-0.0941,0.9287,0.0947,-0.0520,0.0116,-1.0928,1.0941,-0.0509,0.0014,-0.9987,0.7450,1.7904,0.4915,2.0006,0,0,Lateral Rollover (360°),Rollover Flips
45106.6,2026-10-03T11:23:54Z,-0.0795,-0.0037,-0.0526,0.9352,0.0954,-0.1013,-0.0171,-1.0522,1.0572,-0.0218,-0.0134,-0.9997,0.6879,1.0314,0.4322,1.3129,0,0,Lateral Rollover (360°),Rollover Flips
45126.7,2026-10-03T11:23:54Z,-0.1790,0.1021,-0.0295,2.0417,0.2082,-0.1901,0.0788,-1.0292,1.0496,-0.0111,-0.0233,-0.9997,0.2744,0.0448,-0.0682,0.2862,0,0,Lateral Rollover (360°),Rollover Flips
45146.9,2026-10-03T11:23:54Z,-0.2007,0.1541,-0.0395,2.5109,0.2560,-0.2195,0.1291,-1.0390,1.0698,-0.0188,-0.0250,-0.9995,-0.0677,-0.7250,-0.7924,1.0761,0,0,Lateral Rollover (360°),Rollover Flips
45167.2,2026-10-03T11:23:54Z,-0.0445,0.0819,-0.0262,0.9496,0.0968,-0.0779,0.0578,-1.0253,1.0299,-0.0334,-0.0241,-0.9992,-0.0144,-0.6994,-0.9304,1.1641,0,0,Lateral Rollover (360°),Rollover Flips
45187.2,2026-10-03T11:23:54Z,0.0650,-0.1218,0.1160,1.7682,0.1803,0.0224,-0.1477,-0.8828,0.8953,-0.0426,-0.0259,-0.9988,0.1103,-0.2057,-0.4398,0.4979,0,0,Lateral Rollover (360°),Rollover Flips
45207.2,2026-10-03T11:23:54Z,0.0410,-0.2047,0.2137,2.9294,0.2987,-0.0001,-0.2318,-0.7851,0.8186,-0.0411,-0.0271,-0.9988,-0.0653,0.3316,-0.3006,0.4523,0,0,Lateral Rollover (360°),Rollover Flips
45227.6,2026-10-03T11:23:54Z,0.0296,0.0223,0.1133,1.1694,0.1192,-0.0016,-0.0007,-0.8859,0.8859,-0.0313,-0.0230,-0.9992,-0.3436,0.5470,-0.4204,0.7707,0,0,Lateral Rollover (360°),Rollover Flips
45247.4,2026-10-03T11:23:54Z,-0.0148,0.1231,-0.0120,1.2218,0.1246,-0.0362,0.1066,-1.0116,1.0178,-0.0215,-0.0165,-0.9996,-0.2648,0.3639,-0.5046,0.6762,0,0,Lateral Rollover (360°),Rollover Flips
45267.6,2026-10-03T11:23:54Z,-0.1190,-0.0380,0.0068,1.2268,0.1251,-0.1363,-0.0515,-0.9929,1.0036,-0.0173,-0.0135,-0.9998,-0.0717,-0.0016,-0.6952,0.6989,0,0,Lateral Rollover (360°),Rollover Flips
45287.7,2026-10-03T11:23:54Z,0.2186,-0.1415,-0.1277,2.8447,0.2901,0.1896,-0.1555,-1.1272,1.1535,-0.0291,-0.0140,-0.9995,0.0338,-1.1201,-0.4951,1.2251,0,0,Lateral Rollover (360°),Rollover Flips
45307.8,2026-10-03T11:23:54Z,0.1993,-0.1081,-0.2310,3.1742,0.3237,0.1605,-0.1274,-1.2301,1.2470,-0.0388,-0.0193,-0.9991,0.4614,-0.2434,-0.3567,0.6320,0,0,Lateral Rollover (360°),Rollover Flips
45328.0,2026-10-03T11:23:54Z,0.1071,-0.0326,-0.1246,1.6429,0.1675,0.0691,-0.0643,-1.1234,1.1273,-0.0380,-0.0317,-0.9988,0.6874,0.4194,-0.5183,0.9576,0,0,Lateral Rollover (360°),Rollover Flips
45347.9,2026-10-03T11:23:54Z,-0.0836,-0.0519,0.1111,1.4551,0.1484,-0.1074,-0.0980,-0.8876,0.8994,-0.0238,-0.0461,-0.9987,0.6556,0.8904,-0.6428,1.2789,0,0,Lateral Rollover (360°),Rollover Flips
45368.1,2026-10-03T11:23:54Z,-0.0488,-0.0807,0.3526,3.5793,0.3650,-0.0468,-0.1359,-0.6459,0.6617,0.0020,-0.0552,-0.9985,0.2209,1.5681,-0.8460,1.7954,0,0,Lateral Rollover (360°),Rollover Flips
45388.1,2026-10-03T11:23:54Z,-0.0150,-0.0166,0.3202,3.1476,0.3210,0.0233,-0.0720,-0.6776,0.6818,0.0383,-0.0554,-0.9977,-0.2308,1.4771,-0.9883,1.7921,0,0,Lateral Rollover (360°),Rollover Flips
45408.1,2026-10-03T11:23:54Z,0.1447,0.1105,0.0469,1.8440,0.1880,0.1936,0.0685,-0.9510,0.9730,0.0489,-0.0421,-0.9979,-0.9079,0.0401,-0.7848,1.2008,0,0,Lateral Rollover (360°),Rollover Flips
45430.5,2026-10-03T11:23:54Z,0.1353,0.0639,-0.2476,2.8370,0.2893,0.1878,0.0376,-1.2458,1.2605,0.0525,-0.0263,-0.9983,-0.4533,0.1487,-0.4023,0.6240,0,0,Lateral Rollover (360°),Rollover Flips
45448.4,2026-10-03T11:23:54Z,-0.0396,-0.0221,-0.1847,1.8651,0.1902,0.0134,-0.0450,-1.1830,1.1840,0.0530,-0.0229,-0.9983,0.1001,-0.0798,-0.2949,0.3215,0,0,Lateral Rollover (360°),Rollover Flips
45468.7,2026-10-03T11:23:54Z,-0.0776,0.0236,0.0205,0.8208,0.0837,-0.0281,-0.0047,-0.9779,0.9783,0.0496,-0.0283,-0.9984,0.3967,-0.3611,-0.2364,0.5862,0,0,Lateral Rollover (360°),Rollover Flips
45488.8,2026-10-03T11:23:54Z,0.0439,0.0840,0.0602,1.1007,0.1122,0.0831,0.0480,-0.9384,0.9433,0.0393,-0.0360,-0.9986,0.3970,-0.5014,-0.2047,0.6715,0,0,Lateral Rollover (360°),Rollover Flips
45508.7,2026-10-03T11:23:54Z,0.1727,0.0644,-0.1835,2.5507,0.2601,0.2032,0.0153,-1.1818,1.1993,0.0304,-0.0491,-0.9983,0.9587,-0.3796,-0.5142,1.1523,0,0,Lateral Rollover (360°),Rollover Flips
45528.9,2026-10-03T11:23:54Z,0.1752,0.1259,-0.1726,2.7094,0.2763,0.2002,0.0553,-1.1698,1.1881,0.0250,-0.0706,-0.9972,1.1111,-0.2886,-0.5627,1.2785,0,0,Lateral Rollover (360°),Rollover Flips
45548.9,2026-10-03T11:23:54Z,0.1681,0.1475,-0.0387,2.2259,0.2270,0.1855,0.0578,-1.0345,1.0526,0.0174,-0.0897,-0.9958,0.7070,-0.6056,-0.0359,0.9317,0,0,Lateral Rollover (360°),Rollover Flips
45569.1,2026-10-03T11:23:54Z,0.1389,0.1616,0.0076,2.0911,0.2132,0.1449,0.0634,-0.9876,1.0002,0.0061,-0.0982,-0.9951,0.2177,-0.2701,0.6216,0.7118,0,0,Lateral Rollover (360°),Rollover Flips
45589.4,2026-10-03T11:23:54Z,0.0520,0.0212,-0.0091,0.5578,0.0569,0.0615,-0.0777,-1.0041,1.0090,0.0095,-0.0989,-0.9951,-0.2335,0.8226,0.7196,1.1176,0,0,Lateral Rollover (360°),Rollover Flips
45609.3,2026-10-03T11:23:54Z,-0.0141,-0.0201,-0.0212,0.3181,0.0324,0.0191,-0.1084,-1.0167,1.0226,0.0332,-0.0883,-0.9955,-0.8252,1.7309,0.7358,2.0538,0,0,Lateral Rollover (360°),Rollover Flips
45629.4,2026-10-03T11:23:54Z,-0.2803,-0.2254,0.1598,3.8595,0.3936,-0.2199,-0.2944,-0.8360,0.9132,0.0604,-0.0690,-0.9958,-0.9258,0.7758,0.2674,1.2371,0,0,Lateral Rollover (360°),Rollover Flips
45649.5,2026-10-03T11:23:54Z,-0.1451,-0.1100,0.1214,2.1459,0.2188,-0.0861,-0.1622,-0.8755,0.8946,0.0590,-0.0522,-0.9969,-0.9540,-0.4625,-0.0874,1.0638,0,0,Lateral Rollover (360°),Rollover Flips
45669.7,2026-10-03T11:23:54Z,-0.1022,-0.0315,-0.0151,1.0595,0.1080,-0.0396,-0.0566,-1.0128,1.0152,0.0627,-0.0251,-0.9977,-1.6929,1.1268,0.0407,2.0340,0,0,Lateral Rollover (360°),Rollover Flips
45689.8,2026-10-03T11:23:54Z,-0.0204,0.0486,-0.2541,2.5451,0.2595,0.0797,0.0557,-1.2491,1.2529,0.1001,0.0071,-0.9950,-1.3884,2.0560,0.0146,2.4809,0,0,Lateral Rollover (360°),Rollover Flips
45709.9,2026-10-03T11:23:54Z,0.0165,0.0251,-0.2867,2.8272,0.2883,0.1487,0.0515,-1.2776,1.2872,0.1322,0.0265,-0.9909,-0.5344,1.1647,0.2581,1.3072,0,0,Lateral Rollover (360°),Rollover Flips
45729.9,2026-10-03T11:23:54Z,-0.0944,-0.0207,-0.1394,1.6635,0.1696,0.0543,0.0090,-1.1279,1.1292,0.1486,0.0297,-0.9884,0.0328,0.5319,0.2432,0.5858,0,0,Lateral Rollover (360°),Rollover Flips
45750.0,2026-10-03T11:23:54Z,-0.0464,-0.0147,-0.0072,0.4825,0.0492,0.1118,0.0124,-0.9942,1.0006,0.1582,0.0271,-0.9870,0.1970,0.2515,0.1411,0.3493,0,0,Lateral Rollover (360°),Rollover Flips
45770.2,2026-10-03T11:23:54Z,0.0650,-0.0246,0.1167,1.3322,0.1358,0.2197,-0.0035,-0.8710,0.8983,0.1547,0.0211,-0.9877,0.2786,-0.4953,0.2279,0.6123,0,0,Lateral Rollover (360°),Rollover Flips
45790.3,2026-10-03T11:23:54Z,0.0385,-0.0211,0.0970,1.0443,0.1065,0.1841,-0.0051,-0.8922,0.9110,0.1456,0.0160,-0.9892,0.1272,-0.3841,0.3977,0.5673,0,0,Lateral Rollover (360°),Rollover Flips
45810.4,2026-10-03T11:23:54Z,-0.0288,-0.0076,0.0942,0.9688,0.0988,0.1132,0.0072,-0.8956,0.9027,0.1420,0.0148,-0.9897,-0.1474,0.0897,0.4761,0.5064,0,0,Lateral Rollover (360°),Rollover Flips
45830.5,2026-10-03T11:23:54Z,-0.0561,-0.0143,0.0890,1.0409,0.1061,0.0930,0.0042,-0.8997,0.9045,0.1491,0.0185,-0.9886,-0.3183,0.5270,0.5039,0.7955,0,0,Lateral Rollover (360°),Rollover Flips
45850.5,2026-10-03T11:23:54Z,-0.0715,-0.0596,0.0868,1.2480,0.1273,0.0856,-0.0368,-0.9005,0.9053,0.1571,0.0228,-0.9873,-0.1942,0.1295,0.1889,0.3002,0,0,Lateral Rollover (360°),Rollover Flips
45870.8,2026-10-03T11:23:54Z,-0.0059,-0.0481,0.0424,0.6321,0.0645,0.1460,-0.0247,-0.9457,0.9572,0.1518,0.0235,-0.9881,0.1103,-0.6596,0.0377,0.6698,0,0,Lateral Rollover (360°),Rollover Flips
45890.7,2026-10-03T11:23:54Z,-0.0096,-0.0273,0.0393,0.4783,0.0488,0.1234,-0.0082,-0.9517,0.9597,0.1330,0.0191,-0.9909,0.2830,-1.1265,-0.0243,1.1618,0,0,Lateral Rollover (360°),Rollover Flips
45911.0,2026-10-03T11:23:54Z,-0.0036,0.0089,0.0815,0.8043,0.0820,0.1074,0.0238,-0.9122,0.9189,0.1110,0.0150,-0.9937,0.0848,-1.0057,0.0376,1.0099,0,0,Lateral Rollover (360°),Rollover Flips
45930.9,2026-10-03T11:23:54Z,-0.0366,-0.0162,0.0736,0.8221,0.0838,0.0576,-0.0004,-0.9218,0.9236,0.0943,0.0159,-0.9954,-0.1642,-0.6486,0.0721,0.6729,0,0,Lateral Rollover (360°),Rollover Flips
45951.0,2026-10-03T11:23:54Z,-0.0539,-0.0239,0.0513,0.7660,0.0781,0.0295,-0.0037,-0.9451,0.9455,0.0834,0.0202,-0.9963,-0.2668,-0.5008,-0.0754,0.5724,0,0,Lateral Rollover (360°),Rollover Flips
45971.4,2026-10-03T11:23:54Z,-0.0459,-0.0504,0.0237,0.7077,0.0722,0.0278,-0.0237,-0.9732,0.9739,0.0736,0.0267,-0.9969,-0.3756,-0.5185,-0.2598,0.6910,0,0,Lateral Rollover (360°),Rollover Flips
45991.4,2026-10-03T11:23:54Z,-0.0425,-0.0164,-0.0006,0.4464,0.0455,0.0191,0.0197,-0.9980,0.9984,0.0615,0.0360,-0.9975,-0.4922,-0.6818,-0.3201,0.8997,0,0,Lateral Rollover (360°),Rollover Flips
46011.4,2026-10-03T11:23:54Z,-0.0685,0.0451,-0.0692,1.0521,0.1073,-0.0220,0.0916,-1.0670,1.0712,0.0465,0.0464,-0.9978,-0.4888,-0.7156,-0.3957,0.9526,0,0,Lateral Rollover (360°),Rollover Flips
46031.7,2026-10-03T11:23:54Z,-0.0856,0.0504,0.0054,0.9754,0.0995,-0.0541,0.1073,-0.9925,0.9998,0.0315,0.0570,-0.9979,-0.5624,-0.8074,-0.5238,1.1147,0,0,Lateral Rollover (360°),Rollover Flips
46051.5,2026-10-03T11:23:55Z,0.0285,-0.0279,0.0814,0.8894,0.0907,0.0383,0.0433,-0.9160,0.9178,0.0097,0.0712,-0.9974,-0.8510,-1.3233,-0.4799,1.6449,0,0,Lateral Rollover (360°),Rollover Flips
46071.9,2026-10-03T11:23:55Z,0.1826,-0.0280,0.1125,2.1212,0.2163,0.1623,0.0634,-0.8831,0.9001,-0.0203,0.0913,-0.9956,-1.1792,-1.6287,-0.1129,2.0139,0,0,Lateral Rollover (360°),Rollover Flips
46092.0,2026-10-03T11:23:55Z,0.1232,0.0518,0.1665,2.0936,0.2135,0.0550,0.1703,-0.8241,0.8434,-0.0683,0.1185,-0.9906,-1.4425,-3.5962,0.1152,3.8764,0,0,Lateral Rollover (360°),Rollover Flips
46112.0,2026-10-03T11:23:55Z,-0.0494,0.0850,-0.2477,2.6138,0.2665,-0.2278,0.2230,-1.2220,1.2629,-0.1784,0.1380,-0.9742,-0.2489,-7.7452,-0.4041,7.7597,0,1,Lateral Rollover (360°),Rollover Flips
46132.1,2026-10-03T11:23:55Z,-0.2547,0.1256,-0.7679,8.0286,0.8187,-0.6264,0.2399,-1.6891,1.8175,-0.3717,0.1143,-0.9213,2.4119,-12.1258,-1.3386,12.4356,0,1,Lateral Rollover (360°),Rollover Flips
46152.0,2026-10-03T11:23:55Z,-0.7336,0.1148,-0.7830,10.5824,1.0791,-1.3589,0.1373,-1.5631,2.0757,-0.6253,0.0225,-0.7801,5.6913,-17.7655,-3.4809,18.9768,0,1,Lateral Rollover (360°),Rollover Flips
46172.1,2026-10-03T11:23:55Z,-0.8351,0.0424,0.0802,8.2376,0.8400,-1.7336,-0.1155,-0.3293,1.7684,-0.8986,-0.1579,-0.4095,7.9758,-28.6578,-8.3320,30.8918,0,1,Lateral Rollover (360°),Rollover Flips
46192.4,2026-10-03T11:23:55Z,-0.8096,-0.2927,0.6051,10.3190,1.0522,-1.7147,-0.6538,0.8295,2.0139,-0.9051,-0.3611,0.2244,4.3999,-32.9673,-10.4770,34.8708,0,1,Lateral Rollover (360°),Rollover Flips
46212.5,2026-10-03T11:23:55Z,-1.9429,-0.3024,-0.9997,21.6312,2.2058,-2.4828,-0.7867,-0.3112,2.6230,-0.5400,-0.4843,0.6884,1.5923,-23.9100,-8.7687,25.5169,0,1,Lateral Rollover (360°),Rollover Flips
46232.5,2026-10-03T11:23:55Z,-0.7872,0.0232,-2.2354,23.2425,2.3701,-0.9851,-0.4807,-1.3946,1.7738,-0.1979,-0.5039,0.8408,3.2521,-11.5705,-5.2408,13.1118,0,1,Lateral Rollover (360°),Rollover Flips
46252.6,2026-10-03T11:23:55Z,0.7447,0.8985,-1.9370,22.1760,2.2613,0.6947,0.4469,-1.0461,1.3329,-0.0500,-0.4516,0.8908,2.3086,-2.2845,-1.8771,3.7513,0,1,Lateral Rollover (360°),Rollover Flips
46272.9,2026-10-03T11:23:55Z,0.3740,0.6499,-1.4234,15.7775,1.6089,0.3393,0.2430,-0.5106,0.6595,-0.0347,-0.4069,0.9128,2.8872,1.4445,0.9073,3.3534,0,1,Lateral Rollover (360°),Rollover Flips
46292.8,2026-10-03T11:23:55Z,-0.3839,-0.2221,-0.4450,6.1617,0.6283,-0.4777,-0.5682,0.4885,0.8886,-0.0938,-0.3460,0.9335,3.3465,3.1923,0.4195,4.6439,0,1,Lateral Rollover (360°),Rollover Flips
46312.9,2026-10-03T11:23:55Z,-0.2160,-0.0070,0.1781,2.7462,0.2800,-0.3423,-0.2972,1.1267,1.2145,-0.1263,-0.2902,0.9486,2.6465,0.1455,-1.2152,2.9158,0,1,Lateral Rollover (360°),Rollover Flips
46333.2,2026-10-03T11:23:55Z,0.2487,0.3350,0.0507,4.1219,0.4203,0.1594,0.0882,1.0157,1.0319,-0.0893,-0.2468,0.9649,2.3318,-2.6432,-1.4130,3.7974,0,1,Lateral Rollover (360°),Rollover Flips
46353.1,2026-10-03T11:23:55Z,0.0967,0.2134,0.0766,2.4170,0.2465,0.0563,0.0131,1.0555,1.0571,-0.0404,-0.2002,0.9789,2.5100,-1.3851,-0.7886,2.9733,0,1,Lateral Rollover (360°),Rollover Flips
46373.4,2026-10-03T11:23:55Z,-0.0219,-0.1043,0.4310,4.3537,0.4440,-0.0619,-0.2627,1.4175,1.4430,-0.0400,-0.1584,0.9866,1.5964,1.6914,-0.2545,2.3397,0,1,Lateral Rollover (360°),Rollover Flips
46393.3,2026-10-03T11:23:55Z,-0.1907,-0.2212,0.3806,4.7043,0.4797,-0.3004,-0.3620,1.3645,1.4433,-0.1098,-0.1408,0.9839,0.1335,5.3051,0.1298,5.3084,0,1,Lateral Rollover (360°),Rollover Flips
46413.6,2026-10-03T11:23:55Z,-0.1337,-0.0597,0.0104,1.4397,0.1468,-0.3819,-0.2127,0.9670,1.0612,-0.2482,-0.1530,0.9566,-1.4537,8.6728,0.5040,8.8082,0,1,Lateral Rollover (360°),Rollover Flips
46433.4,2026-10-03T11:23:55Z,-0.2332,-0.0705,-0.2340,3.3124,0.3378,-0.6738,-0.2557,0.6443,0.9668,-0.4407,-0.1853,0.8784,-2.4999,11.7286,1.0049,12.0341,0,1,Lateral Rollover (360°),Rollover Flips
46453.6,2026-10-03T11:23:55Z,-0.3643,-0.0521,-0.2597,4.4169,0.4504,-1.0208,-0.2675,0.4632,1.1525,-0.6565,-0.2154,0.7229,-2.6842,14.3880,1.3597,14.6993,0,1,Lateral Rollover (360°),Rollover Flips
46474.0,2026-10-03T11:23:55Z,-0.2430,0.0808,0.0666,2.5948,0.2646,-1.1008,-0.1394,0.5311,1.2301,-0.8578,-0.2202,0.4645,-3.0223,17.8094,2.4456,18.2289,0,1,Lateral Rollover (360°),Rollover Flips
46493.9,2026-10-03T11:23:55Z,-0.2410,-0.0847,0.5783,6.2000,0.6322,-1.2213,-0.2680,0.6510,1.4097,-0.9804,-0.1833,0.0727,-4.9311,22.4456,3.5668,23.2561,0,1,Lateral Rollover (360°),Rollover Flips
46513.9,2026-10-03T11:23:55Z,-0.4430,-0.2441,0.7226,8.6498,0.8820,-1.3486,-0.3342,0.3082,1.4232,-0.9056,-0.0901,-0.4144,-7.3352,25.3527,3.4122,26.6122,0,1,Lateral Rollover (360°),Rollover Flips
46534.0,2026-10-03T11:23:55Z,-1.0968,-0.3189,0.2485,11.4629,1.1689,-1.6968,-0.2738,-0.5502,1.8047,-0.6001,0.0451,-0.7987,-7.1850,23.1922,1.4867,24.3251,0,1,Lateral Rollover (360°),Rollover Flips
46554.1,2026-10-03T11:23:55Z,-1.0552,0.0770,-0.0242,10.3777,1.0582,-1.2715,0.2261,-0.9890,1.6266,-0.2163,0.1491,-0.9649,-3.5436,19.1816,-0.3033,19.5086,0,1,Lateral Rollover (360°),Rollover Flips
46574.4,2026-10-03T11:23:55Z,-0.4436,0.3253,0.6315,8.2132,0.8375,-0.3354,0.5117,-0.3450,0.7024,0.1082,0.1864,-0.9765,-0.7752,13.3778,-0.9671,13.4351,0,1,Lateral Rollover (360°),Rollover Flips
46594.4,2026-10-03T11:23:55Z,0.2645,-0.1651,0.7498,7.9636,0.8121,0.5427,0.0359,-0.1894,0.5759,0.2782,0.2010,-0.9393,-0.2597,5.0861,-1.7476,5.3843,0,1,Lateral Rollover (360°),Rollover Flips
46614.6,2026-10-03T11:23:55Z,0.7484,0.1763,0.0926,7.5951,0.7745,1.0701,0.3851,-0.8310,1.4086,0.3217,0.2088,-0.9235,0.5186,0.9550,-0.8892,1.4041,0,0,Lateral Rollover (360°),Rollover Flips
46634.6,2026-10-03T11:23:55Z,0.5551,0.2404,-0.1591,6.1342,0.6255,0.8839,0.4320,-1.0838,1.4638,0.3288,0.1916,-0.9248,1.3665,0.1723,0.4316,1.4433,0,0,Lateral Rollover (360°),Rollover Flips
46654.6,2026-10-03T11:23:55Z,0.1264,0.1191,0.0154,1.7096,0.1743,0.4617,0.2785,-0.9131,1.0604,0.3352,0.1594,-0.9285,1.4898,0.3349,0.7147,1.6860,0,0,Lateral Rollover (360°),Rollover Flips
46674.9,2026-10-03T11:23:55Z,-0.0419,0.0104,0.1282,1.3268,0.1353,0.3053,0.1424,-0.8002,0.8683,0.3472,0.1320,-0.9285,0.9410,0.6811,0.5215,1.2733,0,0,Lateral Rollover (360°),Rollover Flips
46694.9,2026-10-03T11:23:55Z,0.0120,-0.0375,0.1381,1.4085,0.1436,0.3717,0.0782,-0.7877,0.8745,0.3597,0.1157,-0.9259,0.5756,0.4675,0.2646,0.7873,0,0,Lateral Rollover (360°),Rollover Flips
46715.0,2026-10-03T11:23:55Z,0.0941,-0.0092,0.1450,1.6980,0.1731,0.4558,0.0954,-0.7814,0.9096,0.3616,0.1045,-0.9264,0.4751,-0.3908,0.1950,0.6454,0,0,Lateral Rollover (360°),Rollover Flips
46735.2,2026-10-03T11:23:55Z,0.0880,0.0141,0.0630,1.0707,0.1092,0.4356,0.1076,-0.8699,0.9788,0.3476,0.0935,-0.9330,0.5685,-1.1106,0.3041,1.2842,0,0,Lateral Rollover (360°),Rollover Flips
46755.3,2026-10-03T11:23:55Z,0.0227,0.0036,0.0544,0.5795,0.0591,0.3454,0.0824,-0.8888,0.9571,0.3227,0.0788,-0.9432,0.7060,-1.5405,0.3844,1.7377,0,0,Lateral Rollover (360°),Rollover Flips
46775.6,2026-10-03T11:23:55Z,-0.0366,-0.0145,0.0575,0.6831,0.0697,0.2559,0.0486,-0.8967,0.9338,0.2924,0.0631,-0.9542,0.6928,-1.7009,0.3659,1.8727,0,0,Lateral Rollover (360°),Rollover Flips
46795.4,2026-10-03T11:23:55Z,-0.0789,-0.0271,0.0512,0.9595,0.0978,0.1788,0.0212,-0.9138,0.9314,0.2577,0.0482,-0.9650,0.6542,-1.9181,0.2746,2.0451,0,0,Lateral Rollover (360°),Rollover Flips
46815.6,2026-10-03T11:23:55Z,-0.1102,-0.0055,-0.0303,1.1226,0.1145,0.1101,0.0296,-1.0051,1.0115,0.2204,0.0351,-0.9748,0.6054,-1.8744,0.1311,1.9741,0,0,Lateral Rollover (360°),Rollover Flips
46835.8,2026-10-03T11:23:55Z,-0.0710,0.0356,-0.0967,1.2270,0.1251,0.1165,0.0572,-1.0787,1.0865,0.1875,0.0216,-0.9820,0.7445,-1.4482,0.1562,1.6359,0,0,Lateral Rollover (360°),Rollover Flips
46855.6,2026-10-03T11:23:55Z,-0.0654,0.0051,-0.0150,0.6596,0.0673,0.0973,0.0107,-1.0017,1.0064,0.1627,0.0056,-0.9867,0.7615,-1.1047,0.2222,1.3600,0,0,Lateral Rollover (360°),Rollover Flips
46876.1,2026-10-03T11:23:55Z,-0.0745,-0.0416,0.0792,1.1419,0.1164,0.0687,-0.0499,-0.9104,0.9144,0.1433,-0.0083,-0.9897,0.5315,-0.8356,0.2007,1.0105,0,0,Lateral Rollover (360°),Rollover Flips
46896.6,2026-10-03T11:23:55Z,-0.0989,-0.0654,0.0810,1.4080,0.1436,0.0303,-0.0807,-0.9105,0.9146,0.1292,-0.0154,-0.9915,0.1539,-0.6021,0.0376,0.6227,0,0,Lateral Rollover (360°),Rollover Flips
46916.0,2026-10-03T11:23:55Z,-0.0582,-0.0419,0.0018,0.7028,0.0717,0.0606,-0.0588,-0.9910,0.9946,0.1187,-0.0170,-0.9928,0.0872,-0.4643,-0.1845,0.5072,0,0,Lateral Rollover (360°),Rollover Flips
46936.4,2026-10-03T11:23:55Z,-0.0107,-0.0035,-0.0014,0.1109,0.0113,0.0980,-0.0230,-0.9953,1.0004,0.1086,-0.0195,-0.9939,0.2315,-0.5945,-0.2427,0.6826,0,0,Lateral Rollover (360°),Rollover Flips
46956.2,2026-10-03T11:23:55Z,0.0069,-0.0124,0.0296,0.3220,0.0328,0.1021,-0.0375,-0.9655,0.9716,0.0952,-0.0251,-0.9951,0.3512,-0.7406,-0.1826,0.8397,0,0,Lateral Rollover (360°),Rollover Flips
46976.3,2026-10-03T11:23:55Z,-0.0087,-0.0233,0.0483,0.5325,0.0543,0.0717,-0.0548,-0.9480,0.9523,0.0804,-0.0315,-0.9963,0.2840,-0.7186,-0.1540,0.7879,0,0,Lateral Rollover (360°),Rollover Flips
46996.7,2026-10-03T11:23:55Z,-0.0068,-0.0227,0.0208,0.3094,0.0315,0.0611,-0.0580,-0.9762,0.9799,0.0679,-0.0353,-0.9971,0.1093,-0.4839,-0.1607,0.5214,0,0,Lateral Rollover (360°),Rollover Flips
47016.7,2026-10-03T11:23:55Z,0.0130,-0.0012,-0.0126,0.1780,0.0182,0.0744,-0.0371,-1.0101,1.0135,0.0614,-0.0359,-0.9975,0.0025,-0.2090,-0.1276,0.2449,0,0,Lateral Rollover (360°),Rollover Flips
47036.8,2026-10-03T11:23:55Z,0.0087,0.0051,-0.0265,0.2779,0.0283,0.0671,-0.0309,-1.0241,1.0268,0.0584,-0.0360,-0.9976,0.0230,-0.1221,-0.0445,0.1319,0,0,Lateral Rollover (360°),Rollover Flips
47056.9,2026-10-03T11:23:56Z,-0.0120,-0.0086,-0.0047,0.1521,0.0155,0.0446,-0.0450,-1.0024,1.0044,0.0567,-0.0364,-0.9977,0.0006,-0.0492,-0.0129,0.0509,0,0,Lateral Rollover (360°),Rollover Flips
47077.1,2026-10-03T11:23:56Z,-0.0101,-0.0146,0.0035,0.1773,0.0181,0.0462,-0.0503,-0.9943,0.9966,0.0563,-0.0357,-0.9978,-0.0574,0.0105,-0.0167,0.0607,0,0,Lateral Rollover (360°),Rollover Flips
47097.2,2026-10-03T11:23:56Z,0.0090,-0.0186,0.0030,0.2050,0.0209,0.0642,-0.0531,-0.9949,0.9984,0.0552,-0.0345,-0.9979,-0.0391,-0.1949,-0.0493,0.2048,0,0,Lateral Rollover (360°),Rollover Flips
47117.1,2026-10-03T11:23:56Z,0.0290,-0.0135,-0.0407,0.5078,0.0518,0.0755,-0.0489,-1.0390,1.0429,0.0465,-0.0354,-0.9983,0.1557,-0.6726,-0.1257,0.7018,0,0,Lateral Rollover (360°),Rollover Flips
47137.0,2026-10-03T11:23:56Z,0.0329,0.0033,-0.0433,0.5345,0.0545,0.0630,-0.0373,-1.0421,1.0446,0.0301,-0.0406,-0.9987,0.3537,-0.9086,-0.1396,0.9850,0,0,Lateral Rollover (360°),Rollover Flips
47157.2,2026-10-03T11:23:56Z,0.0295,-0.0014,-0.0043,0.2928,0.0299,0.0418,-0.0493,-1.0031,1.0051,0.0123,-0.0479,-0.9988,0.3350,-0.8417,-0.0608,0.9079,0,0,Lateral Rollover (360°),Rollover Flips
47177.4,2026-10-03T11:23:56Z,0.0199,-0.0034,-0.0257,0.3204,0.0327,0.0175,-0.0564,-1.0243,1.0260,-0.0024,-0.0530,-0.9986,0.1786,-0.6213,0.0116,0.6466,0,0,Lateral Rollover (360°),Rollover Flips
47197.5,2026-10-03T11:23:56Z,0.0020,0.0089,-0.0653,0.6466,0.0659,-0.0104,-0.0473,-1.0636,1.0647,-0.0125,-0.0562,-0.9983,0.1649,-0.3711,0.0793,0.4138,0,0,Lateral Rollover (360°),Rollover Flips
47217.5,2026-10-03T11:23:56Z,-0.0395,-0.0144,-0.0578,0.7010,0.0715,-0.0573,-0.0744,-1.0558,1.0600,-0.0177,-0.0600,-0.9980,0.2194,-0.1715,0.0188,0.2791,0,0,Lateral Rollover (360°),Rollover Flips
47237.5,2026-10-03T11:23:56Z,-0.0346,-0.0369,-0.0042,0.4974,0.0507,-0.0538,-0.1015,-1.0019,1.0085,-0.0193,-0.0646,-0.9977,0.2227,-0.0212,-0.1306,0.2590,0,0,Lateral Rollover (360°),Rollover Flips
47257.7,2026-10-03T11:23:56Z,-0.0011,-0.0350,-0.0025,0.3445,0.0351,-0.0181,-0.1036,-1.0000,1.0055,-0.0169,-0.0686,-0.9975,0.1582,0.2964,-0.2594,0.4244,0,0,Lateral Rollover (360°),Rollover Flips
47277.9,2026-10-03T11:23:56Z,0.0450,0.0094,0.0308,0.5425,0.0553,0.0383,-0.0607,-0.9668,0.9694,-0.0067,-0.0702,-0.9975,-0.0514,0.7077,-0.1709,0.7299,0,0,Lateral Rollover (360°),Rollover Flips
47298.0,2026-10-03T11:23:56Z,0.0387,-0.0053,0.0461,0.5922,0.0604,0.0491,-0.0719,-0.9517,0.9556,0.0104,-0.0666,-0.9977,-0.2607,0.9212,0.0015,0.9573,0,0,Lateral Rollover (360°),Rollover Flips
47318.1,2026-10-03T11:23:56Z,-0.0080,-0.0309,-0.0030,0.3145,0.0321,0.0251,-0.0919,-1.0006,1.0051,0.0331,-0.0610,-0.9976,-0.3004,1.3083,-0.0179,1.3425,0,0,Lateral Rollover (360°),Rollover Flips
47338.2,2026-10-03T11:23:56Z,-0.0531,-0.0187,0.0155,0.5724,0.0584,0.0068,-0.0729,-0.9812,0.9839,0.0599,-0.0543,-0.9967,-0.3719,1.2958,-0.0674,1.3498,0,0,Lateral Rollover (360°),Rollover Flips
47358.3,2026-10-03T11:23:56Z,-0.0935,-0.0291,-0.0095,0.9649,0.0984,-0.0092,-0.0753,-1.0049,1.0078,0.0843,-0.0461,-0.9954,-0.3945,1.0761,-0.2413,1.1713,0,0,Lateral Rollover (360°),Rollover Flips
47378.5,2026-10-03T11:23:56Z,-0.0493,-0.0180,-0.0645,0.8153,0.0831,0.0536,-0.0571,-1.0584,1.0613,0.1029,-0.0391,-0.9939,-0.2227,0.8204,-0.4413,0.9578,0,0,Lateral Rollover (360°),Rollover Flips
47398.7,2026-10-03T11:23:56Z,0.0163,0.0416,-0.0447,0.6204,0.0633,0.1344,0.0056,-1.0371,1.0458,0.1181,-0.0360,-0.9924,0.0253,0.6531,-0.4075,0.7702,0,0,Lateral Rollover (360°),Rollover Flips
47418.6,2026-10-03T11:23:56Z,0.0233,0.0073,0.0360,0.4264,0.0435,0.1506,-0.0307,-0.9552,0.9675,0.1272,-0.0380,-0.9911,0.2257,0.2379,-0.2387,0.4056,0,0,Lateral Rollover (360°),Rollover Flips
47438.7,2026-10-03T11:23:56Z,0.0802,0.0049,0.0450,0.9028,0.0921,0.2070,-0.0368,-0.9461,0.9692,0.1268,-0.0417,-0.9911,0.1680,-0.3265,-0.1534,0.3980,0,0,Lateral Rollover (360°),Rollover Flips
47458.9,2026-10-03T11:23:56Z,0.0681,0.0380,-0.0977,1.2258,0.1250,0.1867,-0.0070,-1.0896,1.1055,0.1186,-0.0450,-0.9919,0.2321,-0.4029,-0.0716,0.4704,0,0,Lateral Rollover (360°),Rollover Flips
47479.0,2026-10-03T11:23:56Z,0.0711,0.0806,-0.0767,1.2946,0.1320,0.1842,0.0295,-1.0689,1.0851,0.1131,-0.0511,-0.9923,0.3550,-0.1583,0.1520,0.4173,0,0,Lateral Rollover (360°),Rollover Flips
47499.1,2026-10-03T11:23:56Z,0.0441,0.0542,0.0555,0.8754,0.0893,0.1568,-0.0043,-0.9364,0.9494,0.1127,-0.0585,-0.9919,0.2721,0.1229,0.3698,0.4753,0,0,Lateral Rollover (360°),Rollover Flips
47519.2,2026-10-03T11:23:56Z,0.0066,-0.0196,0.0783,0.7939,0.0810,0.1189,-0.0819,-0.9135,0.9248,0.1123,-0.0623,-0.9917,0.0525,-0.1808,0.3462,0.3941,0,0,Lateral Rollover (360°),Rollover Flips
47539.2,2026-10-03T11:23:56Z,-0.0248,-0.0307,0.0570,0.6801,0.0693,0.0793,-0.0950,-0.9355,0.9436,0.1041,-0.0643,-0.9925,0.1268,-0.6165,0.2146,0.6650,0,0,Lateral Rollover (360°),Rollover Flips
47559.3,2026-10-03T11:23:56Z,-0.0452,-0.0461,0.1099,1.2499,0.1275,0.0432,-0.1135,-0.8839,0.8922,0.0884,-0.0674,-0.9938,0.1075,-0.8639,0.0519,0.8721,0,0,Lateral Rollover (360°),Rollover Flips
47579.7,2026-10-03T11:23:56Z,-0.0683,-0.0436,0.0855,1.1550,0.1178,0.0035,-0.1105,-0.9097,0.9164,0.0718,-0.0670,-0.9952,-0.1645,-0.7729,-0.1502,0.8043,0,0,Lateral Rollover (360°),Rollover Flips
47599.7,2026-10-03T11:23:56Z,-0.0732,-0.0206,0.0080,0.7494,0.0764,-0.0129,-0.0812,-0.9884,0.9918,0.0603,-0.0606,-0.9963,-0.4293,-0.4032,-0.3102,0.6656,0,0,Lateral Rollover (360°),Rollover Flips
47619.6,2026-10-03T11:23:56Z,-0.0551,-0.0112,-0.0359,0.6541,0.0667,0.0002,-0.0613,-1.0331,1.0349,0.0553,-0.0502,-0.9972,-0.5313,-0.1806,-0.4666,0.7298,0,0,Lateral Rollover (360°),Rollover Flips
47639.7,2026-10-03T11:23:56Z,0.0223,0.0505,-0.0627,0.8191,0.0835,0.0763,0.0106,-1.0604,1.0632,0.0540,-0.0400,-0.9977,-0.4193,0.0330,-0.4048,0.5838,0,0,Lateral Rollover (360°),Rollover Flips
47659.8,2026-10-03T11:23:56Z,0.0553,0.0740,-0.0194,0.9259,0.0944,0.1150,0.0423,-1.0171,1.0245,0.0597,-0.0317,-0.9977,-0.4481,0.4912,-0.1128,0.6744,0,0,Lateral Rollover (360°),Rollover Flips
47680.2,2026-10-03T11:23:56Z,0.0857,0.0196,0.0973,1.2856,0.1311,0.1540,0.0006,-0.9002,0.9133,0.0683,-0.0190,-0.9975,-0.8194,0.3149,0.0972,0.8832,0,0,Lateral Rollover (360°),Rollover Flips
47700.1,2026-10-03T11:23:56Z,0.0401,0.0030,0.0161,0.4248,0.0433,0.1117,0.0012,-0.9813,0.9876,0.0716,-0.0018,-0.9974,-0.8235,0.0275,-0.0220,0.8242,0,0,Lateral Rollover (360°),Rollover Flips
47720.2,2026-10-03T11:23:56Z,-0.0819,-0.0382,-0.0715,1.1306,0.1153,-0.0136,-0.0262,-1.0691,1.0695,0.0684,0.0121,-0.9976,-0.5187,-0.3367,-0.1551,0.6376,0,0,Lateral Rollover (360°),Rollover Flips
47740.1,2026-10-03T11:23:56Z,-0.2106,-0.1396,-0.1065,2.6889,0.2742,-0.1523,-0.1200,-1.1046,1.1215,0.0583,0.0196,-0.9981,-0.1876,-0.6494,-0.5988,0.9031,0,0,Lateral Rollover (360°),Rollover Flips
47760.7,2026-10-03T11:23:56Z,-0.1402,-0.1212,-0.0718,1.9487,0.1987,-0.0975,-0.0997,-1.0706,1.0797,0.0427,0.0214,-0.9989,0.0521,-0.8383,-0.9866,1.2957,0,0,Lateral Rollover (360°),Rollover Flips
47780.5,2026-10-03T11:23:56Z,-0.0488,-0.0975,0.1680,1.9637,0.2002,-0.0253,-0.0747,-0.8315,0.8352,0.0235,0.0228,-0.9995,-0.1118,-1.1047,-1.2618,1.6808,0,0,Lateral Rollover (360°),Rollover Flips
47800.5,2026-10-03T11:23:56Z,0.1071,-0.0725,0.2737,2.9691,0.3028,0.0950,-0.0447,-0.7258,0.7334,-0.0121,0.0278,-0.9995,-0.3793,-2.4470,-1.5797,2.9372,0,0,Lateral Rollover (360°),Rollover Flips
47820.6,2026-10-03T11:23:56Z,0.3145,0.1610,-0.0788,3.5503,0.3620,0.2433,0.1966,-1.0757,1.1202,-0.0713,0.0356,-0.9968,-0.3703,-2.9139,-1.0234,3.1105,0,0,Lateral Rollover (360°),Rollover Flips
47840.8,2026-10-03T11:23:56Z,0.0961,0.1533,-0.3814,4.1396,0.4221,-0.0169,0.1912,-1.3743,1.3876,-0.1130,0.0379,-0.9929,-0.0223,-1.2111,-0.5103,1.3144,0,0,Lateral Rollover (360°),Rollover Flips
47860.9,2026-10-03T11:23:56Z,-0.0546,0.0461,-0.1474,1.6062,0.1638,-0.1768,0.0821,-1.1392,1.1558,-0.1222,0.0360,-0.9919,0.0359,0.1556,-0.4294,0.4582,0,0,Lateral Rollover (360°),Rollover Flips
47881.2,2026-10-03T11:23:56Z,0.0114,0.0668,0.0118,0.6742,0.0687,-0.1039,0.1039,-0.9808,0.9918,-0.1152,0.0371,-0.9926,-0.2433,0.4054,0.0649,0.4772,0,0,Lateral Rollover (360°),Rollover Flips
47907.3,2026-10-03T11:23:56Z,-0.0150,0.0832,-0.0455,0.9416,0.0960,-0.1173,0.1272,-1.0393,1.0536,-0.1022,0.0440,-0.9938,-0.3131,0.8745,0.7102,1.1693,0,0,Lateral Rollover (360°),Rollover Flips
47921.3,2026-10-03T11:23:56Z,-0.0090,0.0153,-0.0314,0.3542,0.0361,-0.0921,0.0672,-1.0266,1.0329,-0.0831,0.0519,-0.9952,-0.3146,0.9168,0.6980,1.1944,0,0,Lateral Rollover (360°),Rollover Flips
47941.3,2026-10-03T11:23:56Z,-0.0538,-0.0279,-0.0493,0.7663,0.0781,-0.1225,0.0293,-1.0453,1.0529,-0.0687,0.0571,-0.9960,-0.1042,0.3715,0.4909,0.6244,0,0,Lateral Rollover (360°),Rollover Flips
47961.4,2026-10-03T11:23:56Z,-0.0248,-0.0240,-0.0665,0.7343,0.0749,-0.0902,0.0337,-1.0627,1.0670,-0.0654,0.0577,-0.9962,0.1158,-0.0254,0.3105,0.3324,0,0,Lateral Rollover (360°),Rollover Flips
47981.7,2026-10-03T11:23:56Z,-0.0221,-0.0405,-0.0299,0.5398,0.0550,-0.0888,0.0122,-1.0263,1.0302,-0.0667,0.0528,-0.9964,0.4074,-0.0985,0.2769,0.5023,0,0,Lateral Rollover (360°),Rollover Flips
48006.3,2026-10-03T11:23:56Z,-0.0379,-0.0219,0.0116,0.4439,0.0453,-0.1049,0.0218,-0.9852,0.9910,-0.0670,0.0437,-0.9968,0.5065,0.0749,0.2782,0.5827,0,0,Lateral Rollover (360°),Rollover Flips
48021.7,2026-10-03T11:23:56Z,-0.0060,0.0037,0.0523,0.5178,0.0528,-0.0684,0.0387,-0.9451,0.9484,-0.0625,0.0350,-0.9974,0.3444,0.2954,0.4093,0.6111,0,0,Lateral Rollover (360°),Rollover Flips
48041.9,2026-10-03T11:23:57Z,-0.0139,0.0068,0.0840,0.8377,0.0854,-0.0715,0.0387,-0.9138,0.9174,-0.0576,0.0318,-0.9978,0.0476,0.1505,0.5057,0.5297,0,0,Lateral Rollover (360°),Rollover Flips
48061.9,2026-10-03T11:23:57Z,-0.0314,-0.0277,-0.0007,0.4107,0.0419,-0.0875,0.0050,-0.9986,1.0024,-0.0561,0.0327,-0.9979,-0.0307,-0.0354,0.4873,0.4895,0,0,Lateral Rollover (360°),Rollover Flips
48082.3,2026-10-03T11:23:57Z,-0.0279,-0.0148,-0.0448,0.5376,0.0548,-0.0855,0.0183,-1.0426,1.0463,-0.0576,0.0331,-0.9978,0.0511,-0.1362,0.3961,0.4219,0,0,Lateral Rollover (360°),Rollover Flips
48106.6,2026-10-03T11:23:57Z,0.0214,0.0073,-0.0359,0.4160,0.0424,-0.0394,0.0390,-1.0336,1.0351,-0.0608,0.0317,-0.9976,0.1120,-0.1809,0.3233,0.3870,0,0,Lateral Rollover (360°),Rollover Flips
48122.2,2026-10-03T11:23:57Z,0.0158,0.0127,-0.0265,0.3268,0.0333,-0.0481,0.0430,-1.0240,1.0260,-0.0639,0.0302,-0.9975,0.0622,-0.1683,0.3117,0.3596,0,0,Lateral Rollover (360°),Rollover Flips
48142.4,2026-10-03T11:23:57Z,0.0040,0.0164,0.0365,0.3945,0.0402,-0.0647,0.0460,-0.9607,0.9639,-0.0686,0.0296,-0.9972,0.0784,-0.2742,0.3618,0.4607,0,0,Lateral Rollover (360°),Rollover Flips
48162.5,2026-10-03T11:23:57Z,0.0173,-0.0030,0.0398,0.4268,0.0435,-0.0572,0.0252,-0.9570,0.9590,-0.0744,0.0282,-0.9968,0.0691,-0.3496,0.2360,0.4274,0,0,Lateral Rollover (360°),Rollover Flips
48182.8,2026-10-03T11:23:57Z,0.0127,-0.0082,0.0455,0.4703,0.0480,-0.0708,0.0198,-0.9506,0.9534,-0.0836,0.0279,-0.9961,0.0032,-0.5436,0.0788,0.5493,0,0,Lateral Rollover (360°),Rollover Flips
48207.0,2026-10-03T11:23:57Z,-0.0042,-0.0014,-0.0619,0.6087,0.0621,-0.0975,0.0265,-1.0572,1.0620,-0.0933,0.0279,-0.9952,0.0027,-0.4068,-0.0059,0.4068,0,0,Lateral Rollover (360°),Rollover Flips
48222.9,2026-10-03T11:23:57Z,0.0118,0.0310,-0.1105,1.1314,0.1154,-0.0883,0.0580,-1.1051,1.1101,-0.1001,0.0270,-0.9946,0.1342,-0.2814,0.0523,0.3161,0,0,Lateral Rollover (360°),Rollover Flips
48243.0,2026-10-03T11:23:57Z,0.0216,0.0216,-0.1347,1.3550,0.1382,-0.0830,0.0424,-1.1290,1.1329,-0.1046,0.0208,-0.9943,0.5125,-0.2118,0.0166,0.5548,0,0,Lateral Rollover (360°),Rollover Flips
48263.0,2026-10-03T11:23:57Z,0.0319,0.0047,-0.0885,0.9242,0.0942,-0.0768,0.0119,-1.0826,1.0854,-0.1087,0.0072,-0.9941,0.8315,-0.1592,0.0736,0.8498,0,0,Lateral Rollover (360°),Rollover Flips
48283.3,2026-10-03T11:23:57Z,0.0871,-0.0484,0.1925,2.1255,0.2167,-0.0277,-0.0542,-0.8009,0.8032,-0.1148,-0.0058,-0.9934,0.1145,-0.8388,0.1588,0.8613,0,0,Lateral Rollover (360°),Rollover Flips
48306.4,2026-10-03T11:23:57Z,0.0177,-0.0757,0.2593,2.6549,0.2707,-0.1158,-0.0723,-0.7317,0.7443,-0.1335,0.0034,-0.9910,-0.8788,-0.9283,-0.0372,1.2788,0,0,Lateral Rollover (360°),Rollover Flips
48323.1,2026-10-03T11:23:57Z,-0.0418,-0.0287,0.1890,1.9186,0.1956,-0.1923,-0.0018,-0.7993,0.8221,-0.1505,0.0269,-0.9882,-1.4740,-0.8886,-0.2562,1.7401,0,0,Lateral Rollover (360°),Rollover Flips
48343.5,2026-10-03T11:23:57Z,-0.1747,0.0254,-0.0877,1.9334,0.1971,-0.3486,0.0810,-1.0709,1.1291,-0.1738,0.0557,-0.9832,-1.4764,-1.4085,-0.8173,2.1981,0,0,Lateral Rollover (360°),Rollover Flips
48363.5,2026-10-03T11:23:57Z,-0.0277,0.0718,-0.2601,2.6598,0.2712,-0.2275,0.1470,-1.2370,1.2663,-0.1998,0.0752,-0.9769,-0.7955,-0.9131,-0.9321,1.5281,0,0,Lateral Rollover (360°),Rollover Flips
48383.8,2026-10-03T11:23:57Z,0.0299,0.0396,-0.1233,1.3033,0.1329,-0.1817,0.1192,-1.0974,1.1187,-0.2116,0.0797,-0.9741,-0.0638,-0.2210,-0.8114,0.8434,0,0,Lateral Rollover (360°),Rollover Flips
48404.4,2026-10-03T11:23:57Z,0.0849,-0.0276,-0.0269,0.9139,0.0932,-0.1273,0.0469,-1.0013,1.0104,-0.2121,0.0745,-0.9744,0.2205,0.2605,-0.4630,0.5752,0,0,Lateral Rollover (360°),Rollover Flips
48423.9,2026-10-03T11:23:57Z,0.0532,-0.0399,0.0079,0.6569,0.0670,-0.1534,0.0287,-0.9681,0.9806,-0.2066,0.0686,-0.9760,0.2712,0.2216,-0.0381,0.3523,0,0,Lateral Rollover (360°),Rollover Flips
48443.8,2026-10-03T11:23:57Z,0.0229,-0.0015,-0.0071,0.2357,0.0240,-0.1771,0.0614,-0.9849,1.0025,-0.2001,0.0628,-0.9778,0.3239,0.5742,0.0675,0.6627,0,0,Lateral Rollover (360°),Rollover Flips
48463.9,2026-10-03T11:23:57Z,-0.0096,0.0212,-0.0650,0.6767,0.0690,-0.2018,0.0782,-1.0447,1.0669,-0.1921,0.0571,-0.9797,0.3129,0.2177,0.0798,0.3894,0,0,Lateral Rollover (360°),Rollover Flips
48484.3,2026-10-03T11:23:57Z,-0.0678,0.0185,0.0045,0.6912,0.0705,-0.2573,0.0692,-0.9761,1.0118,-0.1894,0.0506,-0.9806,0.3714,-0.0145,0.0817,0.3806,0,0,Lateral Rollover (360°),Rollover Flips
48507.2,2026-10-03T11:23:57Z,-0.0984,0.0196,0.0684,1.1910,0.1214,-0.2945,0.0656,-0.9111,0.9597,-0.1961,0.0460,-0.9795,0.0977,-0.6121,0.0428,0.6213,0,0,Lateral Rollover (360°),Rollover Flips
48524.3,2026-10-03T11:23:57Z,0.0002,-0.0099,0.0580,0.5773,0.0589,-0.2099,0.0369,-0.9185,0.9429,-0.2102,0.0468,-0.9765,-0.1667,-0.7668,-0.0001,0.7847,0,0,Lateral Rollover (360°),Rollover Flips
48544.4,2026-10-03T11:23:57Z,0.1487,-0.0217,0.0114,1.4777,0.1507,-0.0760,0.0303,-0.9617,0.9651,-0.2247,0.0519,-0.9730,-0.2717,-0.6665,0.2865,0.7747,0,0,Lateral Rollover (360°),Rollover Flips
48564.5,2026-10-03T11:23:57Z,0.1294,-0.0041,-0.0740,1.4626,0.1491,-0.1015,0.0531,-1.0453,1.0516,-0.2309,0.0572,-0.9713,0.0305,0.2220,0.4987,0.5467,0,0,Lateral Rollover (360°),Rollover Flips
48584.8,2026-10-03T11:23:57Z,0.0946,-0.0139,-0.0494,1.0556,0.1076,-0.1075,0.0374,-1.0275,1.0337,-0.2021,0.0513,-0.9780,0.7029,2.5148,0.9029,2.7629,0,0,Lateral Rollover (360°),Rollover Flips
48606.7,2026-10-03T11:23:57Z,-0.0304,-0.0453,0.1032,1.1448,0.1167,-0.1694,-0.0017,-0.8861,0.9022,-0.1390,0.0436,-0.9893,0.3221,3.6026,0.9962,3.7516,0,0,Lateral Rollover (360°),Rollover Flips
48624.9,2026-10-03T11:23:57Z,-0.0967,-0.0369,-0.0048,1.0163,0.1036,-0.1583,0.0069,-1.0019,1.0144,-0.0616,0.0437,-0.9971,-0.0820,3.9894,0.7134,4.0535,0,0,Lateral Rollover (360°),Rollover Flips
48644.9,2026-10-03T11:23:57Z,0.0374,-0.0320,-0.1004,1.0962,0.1118,0.0508,0.0149,-1.0992,1.1004,0.0134,0.0469,-0.9988,-0.2612,3.1107,0.3969,3.1468,0,0,Lateral Rollover (360°),Rollover Flips
48665.0,2026-10-03T11:23:57Z,0.3491,-0.0567,-0.1037,3.6145,0.3686,0.4103,-0.0008,-1.1002,1.1742,0.0611,0.0559,-0.9966,-0.5792,2.1047,0.5774,2.2581,0,0,Lateral Rollover (360°),Rollover Flips
48685.1,2026-10-03T11:23:57Z,0.4073,-0.0504,-0.3684,5.4084,0.5515,0.5432,0.0161,-1.3569,1.4616,0.1359,0.0666,-0.9885,-0.6728,5.9391,1.6994,6.2140,0,1,Lateral Rollover (360°),Rollover Flips
48705.1,2026-10-03T11:23:57Z,0.2789,0.1536,-1.2145,12.3122,1.2555,0.6100,0.2150,-2.1561,2.2510,0.3311,0.0614,-0.9416,0.4500,14.8135,3.1488,15.1511,0,1,Lateral Rollover (360°),Rollover Flips
48725.4,2026-10-03T11:23:57Z,0.4122,0.4107,-2.3816,24.0422,2.4516,1.1012,0.3921,-3.1061,3.3187,0.6890,-0.0186,-0.7245,4.0252,26.3685,5.7367,27.2839,0,1,Lateral Rollover (360°),Rollover Flips
48745.4,2026-10-03T11:23:57Z,0.1414,0.7144,-2.1081,21.8723,2.2304,1.0972,0.5112,-2.3206,2.6173,0.9558,-0.2033,-0.2125,6.6799,30.8652,9.4482,32.9629,0,1,Lateral Rollover (360°),Rollover Flips
48765.5,2026-10-03T11:23:57Z,-1.0536,0.9173,-0.8959,16.2748,1.6596,-0.2172,0.5353,-0.5029,0.7659,0.8364,-0.3820,0.3930,5.7759,29.1960,10.1369,31.4409,0,1,Lateral Rollover (360°),Rollover Flips
48785.8,2026-10-03T11:23:57Z,-1.2361,0.4738,-0.0474,12.9906,1.3247,-0.8028,0.0264,0.7350,1.0888,0.4333,-0.4474,0.7824,2.0697,23.9080,6.7681,24.9336,0,1,Lateral Rollover (360°),Rollover Flips
48805.6,2026-10-03T11:23:57Z,-0.6521,0.1089,-0.3141,7.1782,0.7320,-0.5859,-0.3581,0.5677,0.8909,0.0663,-0.4670,0.8818,-0.7123,13.0997,4.1530,13.7607,0,1,Lateral Rollover (360°),Rollover Flips
48825.9,2026-10-03T11:23:57Z,-1.3240,0.1375,-1.2323,17.7885,1.8139,-1.4294,-0.3434,-0.3619,1.5139,-0.1054,-0.4809,0.8704,-0.5198,4.4604,0.9598,4.5920,0,1,Lateral Rollover (360°),Rollover Flips
48846.0,2026-10-03T11:23:57Z,-0.7819,0.2577,-1.4221,16.1144,1.6432,-0.9375,-0.2185,-0.5566,1.1120,-0.1556,-0.4761,0.8655,1.1742,2.6658,-1.1174,3.1199,0,1,Lateral Rollover (360°),Rollover Flips
48866.3,2026-10-03T11:23:57Z,0.5312,0.1305,-1.3227,14.0362,1.4313,0.3190,-0.3147,-0.4528,0.6370,-0.2122,-0.4453,0.8699,2.6449,4.9363,-0.0708,5.6007,0,1,Lateral Rollover (360°),Rollover Flips
48886.3,2026-10-03T11:23:57Z,0.6008,0.0926,-0.8417,10.1822,1.0383,0.2729,-0.2926,0.0209,0.4007,-0.3280,-0.3852,0.8626,3.4118,7.4771,1.9979,8.4581,0,1,Lateral Rollover (360°),Rollover Flips
48906.2,2026-10-03T11:23:57Z,-0.1336,0.3279,-0.1933,3.9555,0.4034,-0.6242,0.0154,0.6202,0.8800,-0.4906,-0.3124,0.8135,2.6154,9.2082,2.4566,9.8826,0,1,Lateral Rollover (360°),Rollover Flips
48926.6,2026-10-03T11:23:57Z,-0.0190,0.2695,0.1608,3.0836,0.3144,-0.6495,0.0186,0.8953,1.1062,-0.6306,-0.2509,0.7345,1.9258,6.1929,2.3372,6.8937,0,1,Lateral Rollover (360°),Rollover Flips
48946.5,2026-10-03T11:23:57Z,-0.0905,0.0579,0.2508,2.6756,0.2728,-0.7836,-0.1352,0.9453,1.2352,-0.6931,-0.1931,0.6945,2.4173,1.4625,1.8774,3.3922,0,1,Lateral Rollover (360°),Rollover Flips
48966.7,2026-10-03T11:23:57Z,-0.2264,0.0545,0.4393,4.8764,0.4972,-0.9293,-0.0772,1.1384,1.4715,-0.7029,-0.1317,0.6990,2.9073,-0.2751,1.3925,3.2353,0,1,Lateral Rollover (360°),Rollover Flips
48986.9,2026-10-03T11:23:57Z,-0.2620,0.1141,0.9508,9.7363,0.9928,-0.9675,0.0340,1.6549,1.9173,-0.7056,-0.0801,0.7041,1.7307,0.5221,0.9076,2.0228,0,1,Lateral Rollover (360°),Rollover Flips
49006.9,2026-10-03T11:23:57Z,-0.1504,0.0160,1.0819,10.7134,1.0925,-0.8703,-0.0480,1.7730,1.9757,-0.7200,-0.0640,0.6911,-0.7883,1.1517,0.4201,1.4575,0,0,Lateral Rollover (360°),Rollover Flips
49027.2,2026-10-03T11:23:57Z,0.0045,0.0955,0.4232,4.2545,0.4338,-0.7296,0.0128,1.0972,1.3177,-0.7340,-0.0827,0.6740,-2.1831,0.8044,0.1540,2.3317,0,1,Lateral Rollover (360°),Rollover Flips
49047.2,2026-10-03T11:23:58Z,-0.0755,0.1645,-0.2937,3.3834,0.3450,-0.8174,0.0566,0.3680,0.8982,-0.7419,-0.1080,0.6617,-1.6396,0.2314,0.1607,1.6636,0,1,Lateral Rollover (360°),Rollover Flips
49067.2,2026-10-03T11:23:58Z,-0.3140,0.0018,-0.3259,4.4379,0.4525,-1.0466,-0.1169,0.3444,1.1080,-0.7325,-0.1187,0.6703,0.0033,-1.8351,-0.2827,1.8567,0,1,Lateral Rollover (360°),Rollover Flips
49087.4,2026-10-03T11:23:58Z,-0.3141,0.0206,0.1463,3.4041,0.3471,-0.9976,-0.1041,0.8655,1.3248,-0.6835,-0.1247,0.7193,0.2678,-5.0632,-1.1566,5.2006,0,1,Lateral Rollover (360°),Rollover Flips
49107.4,2026-10-03T11:23:58Z,-0.1430,-0.0111,0.2927,3.1961,0.3259,-0.7160,-0.1602,1.0985,1.3210,-0.5730,-0.1490,0.8059,-0.9117,-8.8170,-1.9547,9.0770,0,1,Lateral Rollover (360°),Rollover Flips
49127.5,2026-10-03T11:23:58Z,0.0996,-0.1185,0.1149,1.8907,0.1928,-0.2761,-0.3150,1.0206,1.1032,-0.3757,-0.1965,0.9057,-2.0339,-13.2462,-2.4114,13.6167,0,1,Lateral Rollover (360°),Rollover Flips
49147.8,2026-10-03T11:23:58Z,-0.1843,0.0161,-0.2547,3.0875,0.3148,-0.2561,-0.2361,0.7103,0.7911,-0.0717,-0.2522,0.9650,-2.4439,-17.3732,-2.6707,17.7464,0,1,Lateral Rollover (360°),Rollover Flips
49167.9,2026-10-03T11:23:58Z,-0.7525,0.0746,-0.4148,8.4580,0.8625,-0.4477,-0.2155,0.4923,0.6995,0.3048,-0.2901,0.9072,-2.4406,-20.1017,-3.9652,20.6339,0,1,Lateral Rollover (360°),Rollover Flips
49188.0,2026-10-03T11:23:58Z,-0.8152,0.2586,-0.0787,8.4229,0.8589,-0.1382,-0.0287,0.5989,0.6153,0.6770,-0.2873,0.6776,-3.3351,-22.4383,-5.3464,23.3063,0,1,Lateral Rollover (360°),Rollover Flips
49208.0,2026-10-03T11:23:58Z,-0.5959,0.4349,0.3343,7.9422,0.8099,0.3382,0.1991,0.6023,0.7189,0.9341,-0.2358,0.2680,-5.6174,-24.0543,-5.6409,25.3374,0,1,Lateral Rollover (360°),Rollover Flips
49228.0,2026-10-03T11:23:58Z,-0.1506,0.3818,-0.3627,5.3714,0.5477,0.8150,0.2452,-0.5841,1.0322,0.9656,-0.1366,-0.2214,-7.0698,-23.2947,-4.5078,24.7577,0,1,Lateral Rollover (360°),Rollover Flips
49248.3,2026-10-03T11:23:58Z,-0.0051,0.3848,-1.0351,10.8300,1.1044,0.7727,0.3672,-1.6634,1.8705,0.7778,-0.0176,-0.6283,-5.1637,-20.8401,-2.8061,21.6529,0,1,Lateral Rollover (360°),Rollover Flips
49268.2,2026-10-03T11:23:58Z,-0.3208,0.2971,-0.8919,9.7412,0.9933,0.1653,0.3681,-1.7629,1.8085,0.4861,0.0710,-0.8710,-2.6451,-16.8246,-2.0703,17.1566,0,1,Lateral Rollover (360°),Rollover Flips
49288.4,2026-10-03T11:23:58Z,-0.1182,0.0492,-0.7930,7.8773,0.8033,0.1215,0.1633,-1.7571,1.7689,0.2397,0.1141,-0.9641,-0.5954,-8.8714,-1.5131,9.0191,0,1,Lateral Rollover (360°),Rollover Flips
49308.4,2026-10-03T11:23:58Z,-0.0135,-0.0210,-0.4966,4.8760,0.4972,0.1204,0.0910,-1.4812,1.4889,0.1338,0.1120,-0.9847,1.0588,-2.4563,-0.7613,2.7810,0,0,Lateral Rollover (360°),Rollover Flips
49328.6,2026-10-03T11:23:58Z,-0.0040,-0.0133,-0.0784,0.7810,0.0796,0.1020,0.0724,-1.0691,1.0764,0.1060,0.0857,-0.9907,1.5813,-0.8190,-0.6491,1.8954,0,0,Lateral Rollover (360°),Rollover Flips
49348.5,2026-10-03T11:23:58Z,0.1491,-0.0247,0.1961,2.4277,0.2476,0.2321,0.0318,-0.7989,0.8325,0.0829,0.0565,-0.9950,1.4031,-1.5987,-0.6305,2.2186,0,0,Lateral Rollover (360°),Rollover Flips
49368.6,2026-10-03T11:23:58Z,0.1442,-0.0734,0.3572,3.8451,0.3921,0.1811,-0.0379,-0.6415,0.6677,0.0369,0.0355,-0.9987,0.6751,-2.8490,-0.5262,2.9748,0,0,Lateral Rollover (360°),Rollover Flips
49388.7,2026-10-03T11:23:58Z,0.0890,-0.0692,0.2209,2.4322,0.2480,0.0650,-0.0391,-0.7784,0.7821,-0.0241,0.0301,-0.9993,-0.0265,-3.0372,-0.5608,3.0886,0,0,Lateral Rollover (360°),Rollover Flips
49409.1,2026-10-03T11:23:58Z,0.0713,-0.0307,0.0060,0.7641,0.0779,-0.0097,-0.0006,-0.9903,0.9903,-0.0810,0.0301,-0.9963,0.0510,-2.4674,-0.5726,2.5335,0,0,Lateral Rollover (360°),Rollover Flips
49429.1,2026-10-03T11:23:58Z,0.0694,-0.0109,-0.0511,0.8520,0.0869,-0.0488,0.0147,-1.0437,1.0450,-0.1182,0.0256,-0.9927,0.2774,-1.1877,-0.5017,1.3189,0,0,Lateral Rollover (360°),Rollover Flips
49449.1,2026-10-03T11:23:58Z,0.0203,-0.0044,-0.0460,0.4951,0.0505,-0.1091,0.0127,-1.0374,1.0432,-0.1295,0.0171,-0.9914,0.4622,0.0162,-0.3470,0.5782,0,0,Lateral Rollover (360°),Rollover Flips
49469.3,2026-10-03T11:23:58Z,-0.0233,0.0031,0.0016,0.2314,0.0236,-0.1458,0.0094,-0.9909,1.0016,-0.1225,0.0063,-0.9925,0.5176,0.5746,-0.2774,0.8216,0,0,Lateral Rollover (360°),Rollover Flips
49489.4,2026-10-03T11:23:58Z,-0.0445,0.0174,0.0392,0.6060,0.0618,-0.1554,0.0128,-0.9547,0.9673,-0.1109,-0.0045,-0.9938,0.4733,0.5195,-0.4232,0.8204,0,0,Lateral Rollover (360°),Rollover Flips
49509.4,2026-10-03T11:23:58Z,0.0055,0.0064,0.0542,0.5382,0.0549,-0.0974,-0.0071,-0.9404,0.9454,-0.1029,-0.0135,-0.9946,0.3010,0.2713,-0.5732,0.7020,0,0,Lateral Rollover (360°),Rollover Flips
49529.6,2026-10-03T11:23:58Z,0.0514,-0.0039,0.0266,0.5686,0.0580,-0.0472,-0.0231,-0.9684,0.9698,-0.0985,-0.0192,-0.9949,0.1769,0.1797,-0.5210,0.5788,0,0,Lateral Rollover (360°),Rollover Flips
49549.8,2026-10-03T11:23:58Z,0.0098,-0.0006,-0.0008,0.0963,0.0098,-0.0844,-0.0236,-0.9961,0.9999,-0.0942,-0.0230,-0.9953,0.1153,0.2684,-0.5041,0.5826,0,0,Lateral Rollover (360°),Rollover Flips
49569.7,2026-10-03T11:23:58Z,0.0044,0.0104,-0.0487,0.4904,0.0500,-0.0824,-0.0157,-1.0446,1.0480,-0.0868,-0.0261,-0.9959,0.1096,0.4060,-0.5528,0.6945,0,0,Lateral Rollover (360°),Rollover Flips
49589.8,2026-10-03T11:23:58Z,0.0331,-0.0054,-0.0167,0.3674,0.0375,-0.0464,-0.0351,-1.0131,1.0148,-0.0794,-0.0296,-0.9964,0.1307,0.2724,-0.5302,0.6102,0,0,Lateral Rollover (360°),Rollover Flips
49610.0,2026-10-03T11:23:58Z,0.0239,-0.0049,0.0048,0.2440,0.0249,-0.0502,-0.0370,-0.9920,0.9939,-0.0741,-0.0322,-0.9967,0.0446,0.2780,-0.4890,0.5643,0,0,Lateral Rollover (360°),Rollover Flips
49630.2,2026-10-03T11:23:58Z,0.0631,-0.0007,-0.0317,0.6930,0.0707,-0.0036,-0.0341,-1.0289,1.0295,-0.0667,-0.0334,-0.9972,0.0246,0.3719,-0.4556,0.5886,0,0,Lateral Rollover (360°),Rollover Flips
49650.3,2026-10-03T11:23:58Z,0.1094,-0.0112,0.0044,1.0794,0.1101,0.0466,-0.0462,-0.9930,0.9951,-0.0628,-0.0350,-0.9974,0.0752,-0.0583,-0.3157,0.3297,0,0,Lateral Rollover (360°),Rollover Flips
49670.2,2026-10-03T11:23:58Z,0.0527,-0.0247,0.0689,0.8843,0.0902,-0.0139,-0.0604,-0.9283,0.9303,-0.0667,-0.0357,-0.9971,-0.0741,-0.2525,-0.2406,0.3565,0,0,Lateral Rollover (360°),Rollover Flips
49690.5,2026-10-03T11:23:58Z,0.0146,-0.0228,0.0166,0.3119,0.0318,-0.0546,-0.0558,-0.9805,0.9836,-0.0693,-0.0329,-0.9971,-0.2011,0.0282,-0.2171,0.2973,0,0,Lateral Rollover (360°),Rollover Flips
49710.6,2026-10-03T11:23:58Z,0.0097,-0.0122,-0.0652,0.6572,0.0670,-0.0551,-0.0423,-1.0626,1.0649,-0.0647,-0.0301,-0.9974,-0.0712,0.3881,-0.2040,0.4442,0,0,Lateral Rollover (360°),Rollover Flips
49730.8,2026-10-03T11:23:58Z,0.0261,-0.0015,-0.0468,0.5256,0.0536,-0.0286,-0.0319,-1.0448,1.0457,-0.0547,-0.0304,-0.9980,0.0463,0.5330,-0.2304,0.5825,0,0,Lateral Rollover (360°),Rollover Flips
49750.9,2026-10-03T11:23:58Z,0.0478,-0.0081,-0.0191,0.5112,0.0521,0.0016,-0.0397,-1.0175,1.0183,-0.0462,-0.0316,-0.9984,0.0422,0.2537,-0.2245,0.3413,0,0,Lateral Rollover (360°),Rollover Flips
49770.7,2026-10-03T11:23:58Z,0.0578,-0.0013,-0.0257,0.6207,0.0633,0.0138,-0.0338,-1.0242,1.0249,-0.0440,-0.0325,-0.9985,0.0280,-0.0191,-0.2000,0.2028,0,0,Lateral Rollover (360°),Rollover Flips
49791.0,2026-10-03T11:23:58Z,0.0423,-0.0123,-0.0107,0.4444,0.0453,-0.0048,-0.0459,-1.0090,1.0101,-0.0471,-0.0336,-0.9983,0.0762,-0.2826,-0.1364,0.3230,0,0,Lateral Rollover (360°),Rollover Flips
49811.1,2026-10-03T11:23:58Z,0.0129,-0.0232,0.0375,0.4509,0.0460,-0.0394,-0.0582,-0.9605,0.9631,-0.0523,-0.0349,-0.9980,0.0143,-0.1932,-0.0992,0.2176,0,0,Lateral Rollover (360°),Rollover Flips
49831.1,2026-10-03T11:23:58Z,-0.0015,-0.0197,0.0366,0.4075,0.0415,-0.0549,-0.0538,-0.9614,0.9645,-0.0534,-0.0341,-0.9980,-0.0919,0.0945,-0.0786,0.1535,0,0,Lateral Rollover (360°),Rollover Flips
49851.4,2026-10-03T11:23:58Z,0.0250,-0.0074,-0.0121,0.2818,0.0287,-0.0245,-0.0398,-1.0104,1.0115,-0.0495,-0.0324,-0.9982,-0.0633,0.2509,-0.0337,0.2610,0,0,Lateral Rollover (360°),Rollover Flips
49871.3,2026-10-03T11:23:58Z,0.0042,0.0047,-0.0319,0.3185,0.0325,-0.0415,-0.0275,-1.0303,1.0315,-0.0456,-0.0321,-0.9984,0.0233,0.1112,-0.0220,0.1157,0,0,Lateral Rollover (360°),Rollover Flips
49891.5,2026-10-03T11:23:58Z,-0.0182,0.0058,-0.0096,0.2092,0.0213,-0.0631,-0.0271,-1.0080,1.0104,-0.0450,-0.0329,-0.9984,0.0407,-0.0649,-0.0978,0.1243,0,0,Lateral Rollover (360°),Rollover Flips
49911.5,2026-10-03T11:23:58Z,0.0241,-0.0046,-0.0094,0.2576,0.0263,-0.0230,-0.0382,-1.0077,1.0087,-0.0471,-0.0336,-0.9983,0.0181,-0.1142,-0.0951,0.1497,0,0,Lateral Rollover (360°),Rollover Flips
49931.7,2026-10-03T11:23:58Z,0.0439,-0.0144,-0.0263,0.5212,0.0531,-0.0045,-0.0483,-1.0246,1.0257,-0.0484,-0.0339,-0.9983,0.0061,-0.0163,-0.0619,0.0643,0,0,Lateral Rollover (360°),Rollover Flips
49954.4,2026-10-03T11:23:58Z,0.0537,-0.0109,-0.0343,0.6340,0.0647,0.0033,-0.0452,-1.0324,1.0334,-0.0505,-0.0343,-0.9981,0.0473,-0.2472,0.0051,0.2518,0,0,Lateral Rollover (360°),Rollover Flips
49971.8,2026-10-03T11:23:58Z,0.0212,-0.0069,-0.0110,0.2438,0.0249,-0.0378,-0.0426,-1.0086,1.0102,-0.0590,-0.0357,-0.9976,0.0789,-0.5630,0.0070,0.5686,0,0,Lateral Rollover (360°),Rollover Flips
49992.1,2026-10-03T11:23:58Z,-0.0100,-0.0224,0.0380,0.4438,0.0453,-0.0796,-0.0592,-0.9589,0.9640,-0.0696,-0.0368,-0.9969,0.0173,-0.4504,-0.0183,0.4511,0,0,Lateral Rollover (360°),Rollover Flips
50012.1,2026-10-03T11:23:58Z,-0.0502,-0.0195,0.0646,0.8246,0.0841,-0.1278,-0.0557,-0.9317,0.9421,-0.0777,-0.0362,-0.9963,-0.0827,-0.3867,-0.0424,0.3977,0,0,Lateral Rollover (360°),Rollover Flips
50032.2,2026-10-03T11:23:58Z,-0.0646,-0.0149,0.1196,1.3410,0.1367,-0.1549,-0.0467,-0.8758,0.8906,-0.0903,-0.0318,-0.9954,-0.4658,-1.2255,-0.0264,1.3113,0,0,Lateral Rollover (360°),Rollover Flips
50052.4,2026-10-03T11:23:59Z,-0.0841,0.0161,0.0132,0.8500,0.0867,-0.2099,-0.0029,-0.9787,1.0010,-0.1257,-0.0191,-0.9919,-0.7401,-2.0619,-0.1448,2.1955,0,0,Lateral Rollover (360°),Rollover Flips
50072.3,2026-10-03T11:23:59Z,-0.0929,0.0363,-0.1142,1.4869,0.1516,-0.2572,0.0297,-1.1006,1.1307,-0.1643,-0.0065,-0.9864,-0.4931,-1.6723,-0.1762,1.7524,0,0,Lateral Rollover (360°),Rollover Flips
50092.4,2026-10-03T11:23:59Z,-0.0502,0.0125,-0.1684,1.7279,0.1762,-0.2378,0.0093,-1.1507,1.1750,-0.1877,-0.0032,-0.9822,0.1329,-0.6050,-0.1774,0.6443,0,0,Lateral Rollover (360°),Rollover Flips
50112.6,2026-10-03T11:23:59Z,-0.0104,-0.0339,-0.0415,0.5350,0.0546,-0.1990,-0.0452,-1.0235,1.0436,-0.1886,-0.0113,-0.9820,0.5407,0.3091,-0.0827,0.6283,0,0,Lateral Rollover (360°),Rollover Flips
50132.7,2026-10-03T11:23:59Z,-0.0153,-0.1264,0.0242,1.2713,0.1296,-0.1963,-0.1489,-0.9590,0.9902,-0.1810,-0.0225,-0.9832,0.5360,0.4086,-0.1066,0.6824,0,0,Lateral Rollover (360°),Rollover Flips
50152.9,2026-10-03T11:23:59Z,0.0061,-0.1126,0.0112,1.1117,0.1134,-0.1679,-0.1470,-0.9729,0.9982,-0.1741,-0.0343,-0.9841,0.6474,0.1625,-0.1485,0.6838,0,0,Lateral Rollover (360°),Rollover Flips
50172.8,2026-10-03T11:23:59Z,0.0879,-0.0953,0.0690,1.4409,0.1469,-0.0901,-0.1432,-0.9138,0.9294,-0.1781,-0.0478,-0.9828,0.6187,-0.5642,-0.1861,0.8577,0,0,Lateral Rollover (360°),Rollover Flips
50193.0,2026-10-03T11:23:59Z,0.3089,0.1564,-0.0189,3.4011,0.3468,0.1125,0.0979,-0.9977,1.0088,-0.1964,-0.0586,-0.9788,0.3121,-1.4582,-0.0224,1.4914,0,0,Lateral Rollover (360°),Rollover Flips
50213.1,2026-10-03T11:23:59Z,0.1416,0.0818,0.0668,1.7319,0.1766,-0.0949,0.0249,-0.9032,0.9085,-0.2365,-0.0569,-0.9700,-0.4236,-2.4480,0.1113,2.4869,0,0,Lateral Rollover (360°),Rollover Flips
50233.2,2026-10-03T11:23:59Z,0.0335,-0.0716,0.0194,0.7986,0.0814,-0.2537,-0.1171,-0.9374,0.9782,-0.2873,-0.0454,-0.9568,-0.5325,-2.5894,0.3639,2.6685,0,0,Lateral Rollover (360°),Rollover Flips
50253.2,2026-10-03T11:23:59Z,0.0791,-0.0683,-0.0139,1.0344,0.1055,-0.2466,-0.1037,-0.9587,0.9953,-0.3257,-0.0354,-0.9448,-0.1310,-1.1403,0.7511,1.3717,0,0,Lateral Rollover (360°),Rollover Flips
50273.5,2026-10-03T11:23:59Z,0.1991,0.0413,-0.0129,1.9977,0.2037,-0.1248,0.0114,-0.9586,0.9667,-0.3239,-0.0299,-0.9456,0.2338,1.5205,1.3531,2.0488,0,0,Lateral Rollover (360°),Rollover Flips
50293.8,2026-10-03T11:23:59Z,-0.0035,0.0666,-0.0655,0.9167,0.0935,-0.2795,0.0430,-1.0264,1.0646,-0.2761,-0.0236,-0.9609,0.1523,3.0084,1.8319,3.5256,0,0,Lateral Rollover (360°),Rollover Flips
50313.5,2026-10-03T11:23:59Z,-0.0898,0.2078,-0.1832,2.8561,0.2912,-0.3228,0.1900,-1.1555,1.2147,-0.2330,-0.0178,-0.9723,0.1335,1.2104,1.3975,1.8536,0,0,Lateral Rollover (360°),Rollover Flips
50333.7,2026-10-03T11:23:59Z,0.0692,-0.0566,-0.1337,1.5771,0.1608,-0.1546,-0.0695,-1.1083,1.1211,-0.2237,-0.0129,-0.9746,-0.0465,0.3088,0.7409,0.8041,0,0,Lateral Rollover (360°),Rollover Flips
50354.0,2026-10-03T11:23:59Z,-0.0637,0.0317,-0.0216,0.7292,0.0744,-0.2800,0.0210,-0.9979,1.0366,-0.2163,-0.0107,-0.9763,0.0918,0.3955,0.5908,0.7169,0,0,Lateral Rollover (360°),Rollover Flips
50373.8,2026-10-03T11:23:59Z,-0.1468,0.0269,-0.1961,2.4167,0.2464,-0.3553,0.0152,-1.1740,1.2267,-0.2085,-0.0117,-0.9780,0.3757,0.5124,0.7731,1.0007,0,0,Lateral Rollover (360°),Rollover Flips
50394.1,2026-10-03T11:23:59Z,-0.0602,0.0801,-0.2287,2.4484,0.2497,-0.2531,0.0599,-1.2097,1.2373,-0.1929,-0.0202,-0.9810,0.7969,1.0922,0.7461,1.5442,0,0,Lateral Rollover (360°),Rollover Flips
50414.1,2026-10-03T11:23:59Z,0.0633,0.0855,-0.0524,1.1626,0.1186,-0.1032,0.0500,-1.0378,1.0441,-0.1665,-0.0355,-0.9854,0.9872,1.5271,0.8034,1.9880,0,0,Lateral Rollover (360°),Rollover Flips
50434.1,2026-10-03T11:23:59Z,0.0584,0.0310,0.1559,1.6609,0.1694,-0.0793,-0.0216,-0.8331,0.8372,-0.1377,-0.0526,-0.9891,0.9628,1.3205,0.7731,1.8079,0,0,Lateral Rollover (360°),Rollover Flips
50454.5,2026-10-03T11:23:59Z,-0.0081,-0.0473,0.2950,2.9307,0.2988,-0.1291,-0.1152,-0.6954,0.7166,-0.1210,-0.0679,-0.9903,0.6882,0.3608,0.4114,0.8792,0,0,Lateral Rollover (360°),Rollover Flips
50474.6,2026-10-03T11:23:59Z,-0.0564,-0.0787,0.2961,3.0548,0.3115,-0.1782,-0.1539,-0.6936,0.7325,-0.1219,-0.0752,-0.9897,-0.0060,-0.1737,0.0735,0.1887,0,0,Lateral Rollover (360°),Rollover Flips
50494.6,2026-10-03T11:23:59Z,-0.1017,-0.0646,0.1185,1.6574,0.1690,-0.2164,-0.1264,-0.8729,0.9082,-0.1147,-0.0619,-0.9915,-1.3226,1.0465,0.1147,1.6905,0,0,Lateral Rollover (360°),Rollover Flips
50514.6,2026-10-03T11:23:59Z,-0.1265,-0.0968,0.0286,1.5871,0.1618,-0.2134,-0.1255,-0.9672,0.9983,-0.0869,-0.0287,-0.9958,-1.8542,1.6663,-0.0737,2.4940,0,0,Lateral Rollover (360°),Rollover Flips
50534.7,2026-10-03T11:23:59Z,-0.1523,-0.0750,0.0122,1.6696,0.1703,-0.2056,-0.0655,-0.9863,1.0096,-0.0532,0.0095,-0.9985,-1.9823,1.6048,-0.3294,2.5716,0,0,Lateral Rollover (360°),Rollover Flips
50554.7,2026-10-03T11:23:59Z,-0.0441,-0.0232,-0.0067,0.4927,0.0502,-0.0667,0.0261,-1.0053,1.0078,-0.0226,0.0492,-0.9985,-1.9532,1.4974,-0.2945,2.4787,0,0,Lateral Rollover (360°),Rollover Flips
50575.0,2026-10-03T11:23:59Z,-0.1153,-0.0395,-0.0370,1.2496,0.1274,-0.1091,0.0460,-1.0334,1.0401,0.0062,0.0855,-0.9963,-1.6413,1.3709,-0.3478,2.1666,0,0,Lateral Rollover (360°),Rollover Flips
50595.3,2026-10-03T11:23:59Z,-0.1688,-0.0528,-0.1143,2.0652,0.2106,-0.1404,0.0612,-1.1074,1.1179,0.0285,0.1139,-0.9931,-1.1656,0.9532,-0.6917,1.6570,0,0,Lateral Rollover (360°),Rollover Flips
50615.2,2026-10-03T11:23:59Z,-0.1269,-0.0045,-0.1533,1.9524,0.1991,-0.0838,0.1283,-1.1435,1.1537,0.0432,0.1328,-0.9902,-0.6733,0.7781,-0.9072,1.3718,0,0,Lateral Rollover (360°),Rollover Flips
50635.4,2026-10-03T11:23:59Z,-0.0517,0.0332,-0.0678,0.8976,0.0915,0.0032,0.1773,-1.0559,1.0707,0.0549,0.1441,-0.9880,-0.4429,0.6457,-0.7573,1.0893,0,0,Lateral Rollover (360°),Rollover Flips
50655.4,2026-10-03T11:23:59Z,-0.0124,-0.0072,0.0989,0.9803,0.1000,0.0509,0.1472,-0.8871,0.9006,0.0633,0.1544,-0.9860,-0.5940,0.2920,-0.5097,0.8354,0,0,Lateral Rollover (360°),Rollover Flips
50675.6,2026-10-03T11:23:59Z,-0.0462,-0.0405,0.1877,1.9371,0.1975,0.0158,0.1323,-0.7953,0.8064,0.0620,0.1728,-0.9830,-1.4778,0.0900,-0.3737,1.5270,0,0,Lateral Rollover (360°),Rollover Flips
50695.8,2026-10-03T11:23:59Z,-0.0703,-0.0580,0.1161,1.4474,0.1476,-0.0193,0.1551,-0.8596,0.8737,0.0509,0.2131,-0.9757,-2.2841,-1.2379,-0.4264,2.6328,0,0,Lateral Rollover (360°),Rollover Flips
50715.7,2026-10-03T11:23:59Z,-0.1559,0.0408,-0.2221,2.6904,0.2743,-0.1491,0.2970,-1.1887,1.2342,0.0068,0.2562,-0.9666,-1.8931,-3.0947,-0.3499,3.6446,0,0,Lateral Rollover (360°),Rollover Flips
50735.8,2026-10-03T11:23:59Z,-0.0722,0.1225,-0.5008,5.1049,0.5206,-0.1367,0.4038,-1.4582,1.5192,-0.0645,0.2814,-0.9574,-0.6286,-3.9916,-0.1315,4.0429,0,0,Lateral Rollover (360°),Rollover Flips
50756.0,2026-10-03T11:23:59Z,-0.2290,-0.0163,-0.5689,6.0164,0.6135,-0.3752,0.2626,-1.5181,1.5857,-0.1462,0.2789,-0.9491,0.7319,-4.2861,-0.9191,4.4442,0,0,Lateral Rollover (360°),Rollover Flips
50776.1,2026-10-03T11:23:59Z,-0.1796,0.0350,-0.3641,3.9960,0.4075,-0.4260,0.2849,-1.3005,1.3978,-0.2464,0.2499,-0.9364,1.7202,-5.8382,-1.5792,6.2879,0,1,Lateral Rollover (360°),Rollover Flips
50796.1,2026-10-03T11:23:59Z,-0.1990,0.0032,-0.2713,3.3000,0.3365,-0.5890,0.2001,-1.1709,1.3258,-0.3899,0.1969,-0.8995,2.6832,-8.8397,-2.5302,9.5782,0,1,Lateral Rollover (360°),Rollover Flips
50816.3,2026-10-03T11:23:59Z,-0.1432,0.0818,-0.3419,3.7221,0.3796,-0.7224,0.1926,-1.1494,1.3712,-0.5793,0.1108,-0.8076,3.8393,-12.1870,-3.6152,13.2791,0,1,Lateral Rollover (360°),Rollover Flips
50836.2,2026-10-03T11:23:59Z,-0.2972,0.1897,-0.3474,4.8543,0.4950,-1.0858,0.1762,-0.9622,1.4614,-0.7886,-0.0135,-0.6148,5.0781,-16.4529,-5.1873,17.9831,0,1,Lateral Rollover (360°),Rollover Flips
50856.5,2026-10-03T11:23:59Z,-0.6353,0.0136,-0.5632,8.3270,0.8491,-1.5851,-0.1640,-0.8207,1.7925,-0.9498,-0.1776,-0.2575,6.1869,-22.4627,-7.6059,24.5091,0,1,Lateral Rollover (360°),Rollover Flips
50876.5,2026-10-03T11:23:59Z,-0.0827,0.1062,-0.8225,8.1735,0.8335,-0.9919,-0.2345,-0.5831,1.1743,-0.9092,-0.3407,0.2394,6.7560,-25.1195,-8.8600,27.4797,0,1,Lateral Rollover (360°),Rollover Flips
50896.7,2026-10-03T11:23:59Z,0.7167,0.2703,-0.8321,11.0912,1.1310,0.1037,-0.1308,-0.1514,0.2253,-0.6130,-0.4011,0.6807,6.9381,-23.6371,-6.4914,25.4752,1,1,Lateral Rollover (360°),Rollover Flips
50916.7,2026-10-03T11:23:59Z,0.3318,0.2552,-0.7808,8.6881,0.8859,0.0775,-0.0720,0.1293,0.1670,-0.2543,-0.3271,0.9101,6.9987,-15.4283,-1.9103,17.0489,1,1,Lateral Rollover (360°),Rollover Flips
50937.1,2026-10-03T11:23:59Z,-0.4248,-0.0630,-0.9996,10.6686,1.0879,-0.5072,-0.2573,-0.0221,0.5692,-0.0825,-0.1943,0.9775,6.2397,-2.6801,1.8871,7.0482,0,1,Lateral Rollover (360°),Rollover Flips
50957.0,2026-10-03T11:23:59Z,-0.8961,-0.4309,0.2302,10.0088,1.0206,-0.9868,-0.5698,1.2164,1.6667,-0.0907,-0.1389,0.9862,0.8234,1.2734,0.1495,1.5237,0,1,Lateral Rollover (360°),Rollover Flips
50977.0,2026-10-03T11:23:59Z,-0.2186,-0.3150,-0.3993,5.4288,0.5536,-0.3229,-0.4331,0.5882,0.7986,-0.1043,-0.1181,0.9875,1.5095,-0.5813,-0.8507,1.8276,0,1,Lateral Rollover (360°),Rollover Flips
50997.1,2026-10-03T11:23:59Z,-0.0426,-0.0378,0.0524,0.7591,0.0774,-0.0762,-0.1298,1.0476,1.0584,-0.0335,-0.0920,0.9952,1.1521,-5.9534,-1.7571,6.3134,0,1,Lateral Rollover (360°),Rollover Flips
51017.2,2026-10-03T11:23:59Z,-0.2381,0.1634,-0.4989,5.6531,0.5765,-0.1252,0.0940,0.4923,0.5166,0.1129,-0.0695,0.9912,1.0824,-7.8811,-2.3878,8.3057,0,1,Lateral Rollover (360°),Rollover Flips
51037.3,2026-10-03T11:23:59Z,-0.2462,0.4653,-0.8421,9.7392,0.9931,0.0248,0.4325,0.1199,0.4495,0.2711,-0.0329,0.9620,1.8285,-7.5581,-2.4860,8.1638,0,1,Lateral Rollover (360°),Rollover Flips
51057.7,2026-10-03T11:24:00Z,-0.1060,0.4637,-0.4999,6.7669,0.6900,0.2883,0.4925,0.4186,0.7078,0.3944,0.0288,0.9185,2.8167,-5.1288,-2.4446,6.3415,0,1,Lateral Rollover (360°),Rollover Flips
51077.4,2026-10-03T11:24:00Z,0.1264,0.0044,0.3539,3.6855,0.3758,0.5785,0.1015,1.2406,1.3726,0.4520,0.0972,0.8867,2.4468,-1.4995,-1.6375,3.3040,0,1,Lateral Rollover (360°),Rollover Flips
51097.6,2026-10-03T11:24:00Z,0.0973,-0.0549,0.6196,6.1738,0.6296,0.5483,0.0832,1.5013,1.6005,0.4510,0.1381,0.8818,1.0322,1.0234,-0.6373,1.5871,0,1,Lateral Rollover (360°),Rollover Flips
51117.7,2026-10-03T11:24:00Z,-0.0513,0.0345,0.3579,3.5614,0.3632,0.3750,0.1839,1.2500,1.3179,0.4263,0.1495,0.8921,-0.0568,1.3530,-0.3842,1.4077,0,0,Lateral Rollover (360°),Rollover Flips
51137.8,2026-10-03T11:24:00Z,0.0537,0.0561,-0.0400,0.8565,0.0873,0.4622,0.2057,0.8604,0.9981,0.4084,0.1496,0.9004,-0.2123,0.4557,-0.4069,0.6467,0,0,Lateral Rollover (360°),Rollover Flips
51158.1,2026-10-03T11:24:00Z,0.1492,0.0155,-0.1580,2.1364,0.2179,0.5551,0.1652,0.7436,0.9425,0.4059,0.1497,0.9016,-0.0948,-0.0700,-0.3114,0.3330,0,0,Lateral Rollover (360°),Rollover Flips
51178.1,2026-10-03T11:24:00Z,0.1601,-0.0319,-0.1374,2.0926,0.2134,0.5628,0.1176,0.7656,0.9575,0.4027,0.1495,0.9030,-0.1221,0.4480,-0.0864,0.4723,0,0,Lateral Rollover (360°),Rollover Flips
51198.2,2026-10-03T11:24:00Z,0.1260,0.0301,-0.2333,2.6175,0.2669,0.5110,0.1770,0.6778,0.8671,0.3850,0.1469,0.9111,-0.1482,1.4635,0.1525,1.4789,0,0,Lateral Rollover (360°),Rollover Flips
51218.4,2026-10-03T11:24:00Z,-0.0226,-0.1020,-0.3144,3.2488,0.3313,0.3225,0.0379,0.6137,0.6943,0.3452,0.1400,0.9281,-0.4394,3.1349,0.4139,3.1925,0,1,Lateral Rollover (360°),Rollover Flips
51238.4,2026-10-03T11:24:00Z,-0.1226,-0.1326,-0.4964,5.1802,0.5282,0.1386,-0.0072,0.4607,0.4812,0.2612,0.1254,0.9571,-0.7387,6.0549,0.6319,6.1324,0,1,Lateral Rollover (360°),Rollover Flips
51258.5,2026-10-03T11:24:00Z,-0.0672,0.0061,-0.4955,4.9041,0.5001,0.0458,0.1125,0.4924,0.5071,0.1130,0.1064,0.9879,-0.8284,9.1216,1.1304,9.2286,0,1,Lateral Rollover (360°),Rollover Flips
51278.7,2026-10-03T11:24:00Z,-0.2581,0.0143,-0.2347,3.4236,0.3491,-0.3439,0.1047,0.7575,0.8385,-0.0858,0.0904,0.9922,-0.7546,10.7920,1.4649,10.9171,0,1,Lateral Rollover (360°),Rollover Flips
51298.7,2026-10-03T11:24:00Z,-0.5950,-0.0228,0.0321,5.8477,0.5963,-0.8915,0.0568,0.9838,1.3289,-0.2965,0.0796,0.9517,-0.8234,10.6418,0.7691,10.7013,0,1,Lateral Rollover (360°),Rollover Flips
51318.9,2026-10-03T11:24:00Z,-0.3991,-0.0005,0.1454,4.1658,0.4248,-0.8863,0.0654,1.0162,1.3500,-0.4872,0.0659,0.8708,-0.9986,10.2823,0.1502,10.3318,0,1,Lateral Rollover (360°),Rollover Flips
51338.9,2026-10-03T11:24:00Z,-0.0752,0.0973,0.2804,3.0028,0.3062,-0.7313,0.1456,1.0335,1.2744,-0.6561,0.0483,0.7531,-1.4433,10.3663,0.2669,10.4697,0,1,Lateral Rollover (360°),Rollover Flips
51359.2,2026-10-03T11:24:00Z,0.0988,0.0888,0.2987,3.2056,0.3269,-0.6974,0.1207,0.9029,1.1472,-0.7962,0.0319,0.6042,-1.9986,10.0240,0.7166,10.2464,0,1,Lateral Rollover (360°),Rollover Flips
51379.2,2026-10-03T11:24:00Z,0.0460,0.0156,0.1650,1.6866,0.1720,-0.8498,0.0399,0.6088,1.0461,-0.8958,0.0243,0.4438,-2.2409,8.7940,0.8802,9.1176,0,1,Lateral Rollover (360°),Rollover Flips
51399.2,2026-10-03T11:24:00Z,0.0090,0.0020,0.0945,0.9307,0.0949,-0.9460,0.0217,0.3904,1.0236,-0.9550,0.0196,0.2959,-2.0079,7.1727,0.3652,7.4574,0,1,Lateral Rollover (360°),Rollover Flips
51419.3,2026-10-03T11:24:00Z,0.1070,0.0260,0.0599,1.2292,0.1253,-0.8780,0.0430,0.2315,0.9090,-0.9850,0.0170,0.1716,-1.4853,5.6973,0.2553,5.8933,0,1,Lateral Rollover (360°),Rollover Flips
51439.3,2026-10-03T11:24:00Z,0.1057,0.0423,0.0377,1.1761,0.1199,-0.8918,0.0617,0.1064,0.9002,-0.9974,0.0193,0.0687,-1.1252,4.6797,0.2844,4.8214,0,1,Lateral Rollover (360°),Rollover Flips
51459.6,2026-10-03T11:24:00Z,0.0041,-0.0036,-0.0081,0.0962,0.0098,-0.9955,0.0202,-0.0220,0.9960,-0.9996,0.0239,-0.0139,-0.9344,3.5649,0.1964,3.6905,0,0,Lateral Rollover (360°),Rollover Flips
51479.6,2026-10-03T11:24:00Z,-0.1697,-0.0772,-0.0786,1.9837,0.2023,-1.1664,-0.0510,-0.1546,1.1777,-0.9968,0.0262,-0.0759,-0.7254,2.7892,-0.0665,2.8827,0,0,Lateral Rollover (360°),Rollover Flips
51499.6,2026-10-03T11:24:00Z,-0.2548,-0.1180,0.0039,2.7537,0.2808,-1.2458,-0.0949,-0.1281,1.2559,-0.9910,0.0231,-0.1320,-0.6225,2.9825,-0.3719,3.0694,0,0,Lateral Rollover (360°),Rollover Flips
51519.7,2026-10-03T11:24:00Z,-0.1831,-0.0735,0.0980,2.1605,0.2203,-1.1634,-0.0570,-0.0986,1.1690,-0.9803,0.0165,-0.1966,-0.8033,3.5868,-0.4846,3.7075,0,0,Lateral Rollover (360°),Rollover Flips
51539.9,2026-10-03T11:24:00Z,-0.1032,0.0146,0.1269,1.6102,0.1642,-1.0657,0.0262,-0.1441,1.0757,-0.9625,0.0117,-0.2710,-1.0939,3.9759,-0.4531,4.1485,0,0,Lateral Rollover (360°),Rollover Flips
51560.1,2026-10-03T11:24:00Z,-0.1016,0.0513,0.0214,1.1360,0.1158,-1.0395,0.0627,-0.3255,1.0911,-0.9378,0.0114,-0.3469,-1.2335,3.9751,-0.3418,4.1761,0,0,Lateral Rollover (360°),Rollover Flips
51580.1,2026-10-03T11:24:00Z,-0.1522,0.0110,-0.0641,1.6230,0.1655,-1.0591,0.0262,-0.4852,1.1652,-0.9069,0.0152,-0.4212,-1.0870,4.0951,-0.2417,4.2438,0,0,Lateral Rollover (360°),Rollover Flips
51600.3,2026-10-03T11:24:00Z,-0.1781,-0.0366,-0.0734,1.9226,0.1961,-1.0461,-0.0172,-0.5696,1.1912,-0.8680,0.0194,-0.4962,-0.8663,4.3325,-0.3261,4.4303,0,0,Lateral Rollover (360°),Rollover Flips
51620.4,2026-10-03T11:24:00Z,-0.1196,-0.0416,-0.0477,1.3267,0.1353,-0.9411,-0.0205,-0.6175,1.1258,-0.8215,0.0211,-0.5698,-0.7654,4.3234,-0.4748,4.4162,0,0,Lateral Rollover (360°),Rollover Flips
51640.4,2026-10-03T11:24:00Z,-0.0656,-0.0119,-0.0005,0.6537,0.0667,-0.8363,0.0103,-0.6373,1.0515,-0.7707,0.0222,-0.6368,-0.7363,4.0613,-0.5064,4.1585,0,0,Lateral Rollover (360°),Rollover Flips
51660.6,2026-10-03T11:24:00Z,-0.0205,0.0092,0.0027,0.2217,0.0226,-0.7398,0.0334,-0.6915,1.0132,-0.7193,0.0242,-0.6943,-0.6012,3.5753,-0.4306,3.6509,0,0,Lateral Rollover (360°),Rollover Flips
51680.7,2026-10-03T11:24:00Z,-0.0485,0.0009,-0.0410,0.6227,0.0635,-0.7233,0.0261,-0.7785,1.0630,-0.6748,0.0252,-0.7375,-0.3051,2.5934,-0.4022,2.6421,0,0,Lateral Rollover (360°),Rollover Flips
51708.4,2026-10-03T11:24:00Z,-0.0965,-0.0115,-0.0791,1.2289,0.1253,-0.7385,0.0097,-0.8455,1.1227,-0.6420,0.0212,-0.7664,0.0772,1.8810,-0.4672,1.9397,0,0,Lateral Rollover (360°),Rollover Flips
51720.8,2026-10-03T11:24:00Z,-0.1102,-0.0383,-0.0544,1.2626,0.1287,-0.7229,-0.0259,-0.8446,1.1121,-0.6127,0.0124,-0.7902,0.1741,1.9840,-0.5182,2.0579,0,0,Lateral Rollover (360°),Rollover Flips
51740.9,2026-10-03T11:24:00Z,-0.0839,-0.0305,-0.0382,0.9526,0.0971,-0.6626,-0.0262,-0.8538,1.0810,-0.5787,0.0043,-0.8156,0.0636,2.1922,-0.4912,2.2474,0,0,Lateral Rollover (360°),Rollover Flips
51761.1,2026-10-03T11:24:00Z,-0.0453,-0.0161,-0.0563,0.7256,0.0740,-0.5889,-0.0175,-0.8956,1.0720,-0.5436,-0.0014,-0.8393,0.0484,1.9696,-0.3894,2.0083,0,0,Lateral Rollover (360°),Rollover Flips
51781.2,2026-10-03T11:24:00Z,-0.0288,-0.0167,-0.0289,0.4322,0.0441,-0.5418,-0.0234,-0.8873,1.0399,-0.5129,-0.0068,-0.8584,0.1467,1.5885,-0.3203,1.6271,0,0,Lateral Rollover (360°),Rollover Flips
51805.3,2026-10-03T11:24:00Z,-0.0229,-0.0284,-0.0207,0.4116,0.0420,-0.5119,-0.0418,-0.8929,1.0301,-0.4889,-0.0133,-0.8722,0.2310,1.2289,-0.3372,1.2951,0,0,Lateral Rollover (360°),Rollover Flips
51821.4,2026-10-03T11:24:00Z,-0.0388,-0.0176,-0.0062,0.4224,0.0431,-0.5054,-0.0388,-0.8904,1.0246,-0.4666,-0.0212,-0.8842,0.2696,1.3449,-0.3446,1.4143,0,0,Lateral Rollover (360°),Rollover Flips
51841.6,2026-10-03T11:24:00Z,-0.0339,-0.0244,0.0337,0.5263,0.0537,-0.4740,-0.0530,-0.8638,0.9867,-0.4401,-0.0286,-0.8975,0.1826,1.5481,-0.3441,1.5963,0,0,Lateral Rollover (360°),Rollover Flips
51861.6,2026-10-03T11:24:00Z,0.0104,-0.0073,0.0227,0.2551,0.0260,-0.4026,-0.0410,-0.8874,0.9753,-0.4129,-0.0336,-0.9101,0.0845,1.3743,-0.3046,1.4102,0,0,Lateral Rollover (360°),Rollover Flips
51881.7,2026-10-03T11:24:00Z,0.0095,-0.0039,-0.0039,0.1077,0.0110,-0.3801,-0.0418,-0.9241,1.0001,-0.3896,-0.0379,-0.9202,0.1305,1.1804,-0.2994,1.2248,0,0,Lateral Rollover (360°),Rollover Flips
51906.8,2026-10-03T11:24:00Z,-0.0170,0.0020,-0.0208,0.2643,0.0269,-0.3843,-0.0413,-0.9499,1.0255,-0.3673,-0.0433,-0.9291,0.1824,1.2104,-0.3374,1.2697,0,0,Lateral Rollover (360°),Rollover Flips
51922.1,2026-10-03T11:24:00Z,-0.0332,-0.0004,-0.0362,0.4816,0.0491,-0.3744,-0.0500,-0.9749,1.0455,-0.3412,-0.0496,-0.9387,0.2117,1.5726,-0.3713,1.6297,0,0,Lateral Rollover (360°),Rollover Flips
51942.1,2026-10-03T11:24:00Z,-0.0030,0.0214,-0.0039,0.2149,0.0219,-0.3112,-0.0347,-0.9536,1.0037,-0.3082,-0.0561,-0.9497,0.2391,1.8053,-0.3086,1.8471,0,0,Lateral Rollover (360°),Rollover Flips
51962.1,2026-10-03T11:24:00Z,0.0223,-0.0008,0.0701,0.7215,0.0736,-0.2520,-0.0632,-0.8895,0.9267,-0.2743,-0.0624,-0.9596,0.2268,1.6018,-0.2600,1.6385,0,0,Lateral Rollover (360°),Rollover Flips
51982.2,2026-10-03T11:24:00Z,0.0158,-0.0343,0.0707,0.7862,0.0802,-0.2316,-0.1018,-0.8958,0.9309,-0.2474,-0.0675,-0.9666,0.1492,1.2170,-0.3466,1.2741,0,0,Lateral Rollover (360°),Rollover Flips
52006.7,2026-10-03T11:24:00Z,-0.0036,-0.0082,0.0399,0.4009,0.0409,-0.2271,-0.0798,-0.9322,0.9628,-0.2235,-0.0716,-0.9721,0.0871,1.2025,-0.4237,1.2780,0,0,Lateral Rollover (360°),Rollover Flips
52022.3,2026-10-03T11:24:00Z,0.0160,0.0157,-0.0161,0.2702,0.0275,-0.1827,-0.0597,-0.9932,1.0117,-0.1987,-0.0754,-0.9772,0.1409,1.2584,-0.4053,1.3296,0,0,Lateral Rollover (360°),Rollover Flips
52042.6,2026-10-03T11:24:01Z,0.0463,0.0295,-0.0595,0.7938,0.0809,-0.1265,-0.0517,-1.0411,1.0500,-0.1728,-0.0812,-0.9816,0.3177,1.2941,-0.3537,1.3787,0,0,Lateral Rollover (360°),Rollover Flips
52062.8,2026-10-03T11:24:01Z,0.0821,0.0422,-0.0298,0.9513,0.0970,-0.0671,-0.0479,-1.0145,1.0178,-0.1492,-0.0901,-0.9847,0.4708,1.0095,-0.1759,1.1277,0,0,Lateral Rollover (360°),Rollover Flips
52082.7,2026-10-03T11:24:01Z,0.0494,0.0147,0.0105,0.5159,0.0526,-0.0825,-0.0860,-0.9757,0.9829,-0.1319,-0.1007,-0.9861,0.5468,0.7399,-0.0577,0.9219,0,0,Lateral Rollover (360°),Rollover Flips
52105.4,2026-10-03T11:24:01Z,-0.0013,-0.0185,0.0743,0.7506,0.0765,-0.1189,-0.1290,-0.9126,0.9293,-0.1176,-0.1105,-0.9869,0.3835,0.7164,-0.0599,0.8148,0,0,Lateral Rollover (360°),Rollover Flips
52123.0,2026-10-03T11:24:01Z,-0.0022,-0.0196,0.0612,0.6306,0.0643,-0.1050,-0.1350,-0.9268,0.9424,-0.1028,-0.1155,-0.9880,0.1216,0.7497,-0.0914,0.7650,0,0,Lateral Rollover (360°),Rollover Flips
52143.1,2026-10-03T11:24:01Z,0.0108,-0.0043,-0.0031,0.1178,0.0120,-0.0757,-0.1216,-0.9924,1.0027,-0.0865,-0.1172,-0.9893,0.0830,0.8872,-0.0907,0.8957,0,0,Lateral Rollover (360°),Rollover Flips
52163.3,2026-10-03T11:24:01Z,0.0057,0.0050,-0.0198,0.2082,0.0212,-0.0628,-0.1149,-1.0102,1.0187,-0.0684,-0.1200,-0.9904,0.1848,0.8497,-0.0588,0.8716,0,0,Lateral Rollover (360°),Rollover Flips
52183.3,2026-10-03T11:24:01Z,0.0110,0.0138,-0.0152,0.2285,0.0233,-0.0424,-0.1111,-1.0060,1.0130,-0.0534,-0.1249,-0.9907,0.2995,0.6400,-0.0100,0.7067,0,0,Lateral Rollover (360°),Rollover Flips
52207.7,2026-10-03T11:24:01Z,0.0050,0.0038,0.0001,0.0614,0.0063,-0.0372,-0.1280,-0.9902,0.9992,-0.0421,-0.1318,-0.9904,0.3843,0.5187,0.0186,0.6458,0,0,Lateral Rollover (360°),Rollover Flips
52223.5,2026-10-03T11:24:01Z,-0.0046,-0.0008,0.0300,0.2974,0.0303,-0.0376,-0.1398,-0.9598,0.9706,-0.0329,-0.1390,-0.9897,0.3240,0.4102,0.0346,0.5238,0,0,Lateral Rollover (360°),Rollover Flips
52243.7,2026-10-03T11:24:01Z,-0.0039,-0.0008,0.0178,0.1785,0.0182,-0.0289,-0.1455,-0.9714,0.9827,-0.0250,-0.1447,-0.9892,0.2554,0.4327,0.0428,0.5043,0,0,Lateral Rollover (360°),Rollover Flips
52263.9,2026-10-03T11:24:01Z,-0.0042,-0.0061,0.0313,0.3152,0.0321,-0.0204,-0.1550,-0.9575,0.9701,-0.0162,-0.1489,-0.9887,0.1613,0.4576,0.0495,0.4877,0,0,Lateral Rollover (360°),Rollover Flips
52283.8,2026-10-03T11:24:01Z,-0.0041,-0.0057,0.0463,0.4591,0.0468,-0.0110,-0.1567,-0.9422,0.9552,-0.0070,-0.1510,-0.9885,0.0507,0.5044,0.0746,0.5124,0,0,Lateral Rollover (360°),Rollover Flips
52306.5,2026-10-03T11:24:01Z,-0.0075,-0.0038,0.0197,0.2104,0.0215,-0.0045,-0.1550,-0.9687,0.9811,0.0030,-0.1513,-0.9885,0.0000,0.4935,0.0677,0.4981,0,0,Lateral Rollover (360°),Rollover Flips
52323.9,2026-10-03T11:24:01Z,-0.0134,-0.0057,0.0016,0.1440,0.0147,-0.0013,-0.1573,-0.9868,0.9993,0.0121,-0.1516,-0.9884,0.0265,0.4394,0.0618,0.4445,0,0,Lateral Rollover (360°),Rollover Flips
52344.4,2026-10-03T11:24:01Z,-0.0095,-0.0252,0.0246,0.3577,0.0365,0.0098,-0.1772,-0.9636,0.9798,0.0193,-0.1520,-0.9882,0.0083,0.2879,0.0201,0.2887,0,0,Lateral Rollover (360°),Rollover Flips
52364.3,2026-10-03T11:24:01Z,-0.0084,-0.0265,0.0127,0.2995,0.0305,0.0147,-0.1782,-0.9755,0.9918,0.0231,-0.1517,-0.9882,-0.0340,0.0960,-0.0268,0.1053,0,0,Lateral Rollover (360°),Rollover Flips
52384.2,2026-10-03T11:24:01Z,-0.0038,-0.0123,-0.0323,0.3409,0.0348,0.0205,-0.1637,-1.0205,1.0337,0.0244,-0.1514,-0.9882,0.0151,0.0352,-0.0380,0.0540,0,0,Lateral Rollover (360°),Rollover Flips
52407.9,2026-10-03T11:24:01Z,0.0072,-0.0050,-0.0248,0.2575,0.0263,0.0321,-0.1570,-1.0128,1.0254,0.0249,-0.1520,-0.9881,0.0481,0.0303,-0.0110,0.0579,0,0,Lateral Rollover (360°),Rollover Flips
52424.4,2026-10-03T11:24:01Z,0.0017,0.0004,-0.0186,0.1833,0.0187,0.0282,-0.1528,-1.0065,1.0184,0.0265,-0.1532,-0.9878,0.0572,0.1215,0.0373,0.1394,0,0,Lateral Rollover (360°),Rollover Flips
52444.6,2026-10-03T11:24:01Z,-0.0170,-0.0168,-0.0125,0.2645,0.0270,0.0112,-0.1710,-1.0002,1.0147,0.0283,-0.1543,-0.9876,0.0530,0.0522,0.0486,0.0888,0,0,Lateral Rollover (360°),Rollover Flips
52464.6,2026-10-03T11:24:01Z,-0.0195,-0.0203,-0.0141,0.3092,0.0315,0.0087,-0.1757,-1.0016,1.0169,0.0283,-0.1554,-0.9874,0.0562,-0.0313,0.0218,0.0679,0,0,Lateral Rollover (360°),Rollover Flips
52484.9,2026-10-03T11:24:01Z,-0.0168,-0.0124,-0.0135,0.2432,0.0248,0.0107,-0.1689,-1.0008,1.0150,0.0274,-0.1565,-0.9873,0.0594,-0.0515,0.0223,0.0817,0,0,Lateral Rollover (360°),Rollover Flips
52506.6,2026-10-03T11:24:01Z,-0.0249,-0.0055,-0.0295,0.3819,0.0389,0.0009,-0.1637,-1.0165,1.0296,0.0258,-0.1582,-0.9871,0.1236,-0.1046,0.0110,0.1623,0,0,Lateral Rollover (360°),Rollover Flips
52525.1,2026-10-03T11:24:01Z,-0.0237,-0.0069,-0.0137,0.2768,0.0282,-0.0004,-0.1685,-1.0003,1.0144,0.0233,-0.1616,-0.9866,0.1992,-0.1453,-0.0085,0.2467,0,0,Lateral Rollover (360°),Rollover Flips
52545.1,2026-10-03T11:24:01Z,-0.0393,-0.0149,0.0043,0.4143,0.0422,-0.0181,-0.1800,-0.9818,0.9983,0.0213,-0.1652,-0.9860,0.1453,-0.0484,-0.0739,0.1700,0,0,Lateral Rollover (360°),Rollover Flips
52565.4,2026-10-03T11:24:01Z,-0.0298,-0.0049,-0.0059,0.3017,0.0308,-0.0077,-0.1721,-0.9915,1.0064,0.0221,-0.1672,-0.9857,0.0699,0.1054,-0.1005,0.1616,0,0,Lateral Rollover (360°),Rollover Flips
52587.5,2026-10-03T11:24:01Z,-0.0124,0.0042,-0.0157,0.2011,0.0205,0.0131,-0.1640,-1.0012,1.0146,0.0256,-0.1682,-0.9854,0.0565,0.1955,-0.0880,0.2217,0,0,Lateral Rollover (360°),Rollover Flips
52605.6,2026-10-03T11:24:01Z,0.0109,0.0029,-0.0063,0.1270,0.0130,0.0411,-0.1667,-0.9913,1.0061,0.0301,-0.1696,-0.9850,0.0861,0.2277,-0.0678,0.2527,0,0,Lateral Rollover (360°),Rollover Flips
52625.5,2026-10-03T11:24:01Z,0.0133,-0.0063,0.0195,0.2389,0.0244,0.0477,-0.1776,-0.9652,0.9825,0.0344,-0.1713,-0.9846,0.0784,0.1707,-0.0352,0.1911,0,0,Lateral Rollover (360°),Rollover Flips
52645.8,2026-10-03T11:24:01Z,-0.0063,-0.0213,0.0136,0.2551,0.0260,0.0307,-0.1939,-0.9707,0.9904,0.0370,-0.1726,-0.9843,0.0648,0.0692,-0.0680,0.1167,0,0,Lateral Rollover (360°),Rollover Flips
52665.9,2026-10-03T11:24:01Z,-0.0027,-0.0162,0.0000,0.1607,0.0164,0.0349,-0.1901,-0.9840,1.0028,0.0376,-0.1740,-0.9840,0.0753,-0.0215,-0.0852,0.1157,0,0,Lateral Rollover (360°),Rollover Flips
52685.8,2026-10-03T11:24:01Z,-0.0056,-0.0092,-0.0075,0.1284,0.0131,0.0313,-0.1844,-0.9913,1.0088,0.0369,-0.1752,-0.9838,0.0625,-0.0651,-0.0819,0.1219,0,0,Lateral Rollover (360°),Rollover Flips
52705.8,2026-10-03T11:24:01Z,-0.0125,-0.0036,-0.0148,0.1936,0.0197,0.0235,-0.1803,-0.9984,1.0149,0.0360,-0.1766,-0.9836,0.0843,-0.0531,-0.0696,0.1215,0,0,Lateral Rollover (360°),Rollover Flips
52726.1,2026-10-03T11:24:01Z,-0.0197,-0.0085,-0.0004,0.2103,0.0214,0.0154,-0.1869,-0.9837,1.0015,0.0350,-0.1784,-0.9833,0.0928,-0.0729,-0.0748,0.1397,0,0,Lateral Rollover (360°),Rollover Flips
52746.1,2026-10-03T11:24:01Z,-0.0167,-0.0131,0.0221,0.3006,0.0307,0.0172,-0.1930,-0.9610,0.9804,0.0339,-0.1798,-0.9831,0.0474,-0.0627,-0.0816,0.1133,0,0,Lateral Rollover (360°),Rollover Flips
52766.4,2026-10-03T11:24:01Z,-0.0271,-0.0189,0.0214,0.3861,0.0394,0.0064,-0.1985,-0.9617,0.9820,0.0335,-0.1796,-0.9832,-0.0605,0.0036,-0.1092,0.1249,0,0,Lateral Rollover (360°),Rollover Flips
52786.4,2026-10-03T11:24:01Z,-0.0225,-0.0152,0.0069,0.2744,0.0280,0.0124,-0.1926,-0.9766,0.9955,0.0349,-0.1774,-0.9835,-0.1462,0.0686,-0.1348,0.2104,0,0,Lateral Rollover (360°),Rollover Flips
52806.3,2026-10-03T11:24:01Z,-0.0144,-0.0061,-0.0217,0.2625,0.0268,0.0225,-0.1807,-1.0057,1.0220,0.0369,-0.1746,-0.9839,-0.1173,0.0746,-0.1424,0.1990,0,0,Lateral Rollover (360°),Rollover Flips
52826.6,2026-10-03T11:24:01Z,0.0098,0.0023,-0.0246,0.2610,0.0266,0.0479,-0.1707,-1.0088,1.0243,0.0381,-0.1730,-0.9842,-0.0287,-0.0021,-0.1161,0.1197,0,0,Lateral Rollover (360°),Rollover Flips
52846.7,2026-10-03T11:24:01Z,0.0297,0.0040,-0.0207,0.3571,0.0364,0.0671,-0.1695,-1.0048,1.0212,0.0374,-0.1735,-0.9841,0.0755,-0.1045,-0.0530,0.1395,0,0,Lateral Rollover (360°),Rollover Flips
52867.0,2026-10-03T11:24:01Z,0.0244,-0.0004,-0.0010,0.2394,0.0244,0.0589,-0.1759,-0.9848,1.0022,0.0345,-0.1756,-0.9839,0.1259,-0.1937,0.0026,0.2310,0,0,Lateral Rollover (360°),Rollover Flips
52886.9,2026-10-03T11:24:01Z,0.0100,-0.0098,0.0103,0.1710,0.0174,0.0402,-0.1877,-0.9732,0.9920,0.0302,-0.1779,-0.9836,0.1056,-0.2222,0.0107,0.2463,0,0,Lateral Rollover (360°),Rollover Flips
52907.1,2026-10-03T11:24:01Z,0.0047,-0.0093,-0.0005,0.1022,0.0104,0.0311,-0.1887,-0.9839,1.0023,0.0263,-0.1794,-0.9834,0.0467,-0.1521,-0.0102,0.1595,0,0,Lateral Rollover (360°),Rollover Flips
52927.1,2026-10-03T11:24:01Z,0.0055,0.0031,-0.0310,0.3103,0.0316,0.0301,-0.1772,-1.0143,1.0301,0.0246,-0.1803,-0.9833,0.0485,-0.0327,-0.0233,0.0630,0,0,Lateral Rollover (360°),Rollover Flips
52947.5,2026-10-03T11:24:01Z,0.0152,0.0059,-0.0390,0.4147,0.0423,0.0400,-0.1758,-1.0221,1.0378,0.0248,-0.1817,-0.9830,0.1001,0.0402,-0.0203,0.1097,0,0,Lateral Rollover (360°),Rollover Flips
52967.4,2026-10-03T11:24:01Z,0.0224,0.0063,-0.0152,0.2722,0.0278,0.0485,-0.1777,-0.9978,1.0146,0.0262,-0.1840,-0.9826,0.1302,0.0841,0.0042,0.1551,0,0,Lateral Rollover (360°),Rollover Flips
52987.4,2026-10-03T11:24:01Z,0.0235,-0.0004,0.0154,0.2754,0.0281,0.0505,-0.1871,-0.9666,0.9859,0.0270,-0.1867,-0.9821,0.1365,-0.0209,0.0264,0.1406,0,0,Lateral Rollover (360°),Rollover Flips
53007.4,2026-10-03T11:24:01Z,0.0158,-0.0020,0.0298,0.3313,0.0338,0.0405,-0.1913,-0.9518,0.9717,0.0247,-0.1893,-0.9816,0.1262,-0.2099,0.0179,0.2456,0,0,Lateral Rollover (360°),Rollover Flips
53027.8,2026-10-03T11:24:01Z,0.0052,0.0010,0.0142,0.1481,0.0151,0.0244,-0.1906,-0.9671,0.9860,0.0192,-0.1916,-0.9813,0.1037,-0.3202,-0.0043,0.3366,0,0,Lateral Rollover (360°),Rollover Flips
53047.9,2026-10-03T11:24:02Z,0.0109,0.0181,-0.0075,0.2201,0.0224,0.0242,-0.1753,-0.9886,1.0043,0.0133,-0.1934,-0.9810,0.0781,-0.2425,0.0252,0.2560,0,0,Lateral Rollover (360°),Rollover Flips
53068.0,2026-10-03T11:24:02Z,0.0123,0.0237,-0.0102,0.2801,0.0286,0.0222,-0.1709,-0.9910,1.0059,0.0100,-0.1946,-0.9808,0.0429,-0.0816,0.0849,0.1254,0,0,Lateral Rollover (360°),Rollover Flips
53088.0,2026-10-03T11:24:02Z,-0.0009,0.0127,-0.0001,0.1246,0.0127,0.0079,-0.1829,-0.9807,0.9977,0.0089,-0.1956,-0.9807,0.0544,-0.0188,0.0917,0.1083,0,0,Lateral Rollover (360°),Rollover Flips
53108.1,2026-10-03T11:24:02Z,-0.0090,-0.0027,0.0304,0.3116,0.0318,-0.0011,-0.1993,-0.9501,0.9708,0.0079,-0.1966,-0.9805,0.0468,-0.0694,0.0737,0.1115,0,0,Lateral Rollover (360°),Rollover Flips
53128.0,2026-10-03T11:24:02Z,-0.0163,-0.0166,0.0329,0.3947,0.0402,-0.0109,-0.2138,-0.9475,0.9714,0.0054,-0.1972,-0.9804,0.0059,-0.1615,0.0179,0.1626,0,0,Lateral Rollover (360°),Rollover Flips
53148.4,2026-10-03T11:24:02Z,-0.0235,-0.0105,-0.0069,0.2613,0.0266,-0.0214,-0.2076,-0.9873,1.0091,0.0021,-0.1971,-0.9804,-0.0060,-0.1607,-0.0420,0.1662,0,0,Lateral Rollover (360°),Rollover Flips
53168.5,2026-10-03T11:24:02Z,-0.0134,-0.0058,-0.0301,0.3281,0.0335,-0.0137,-0.2028,-1.0105,1.0307,-0.0003,-0.1970,-0.9804,0.0020,-0.1046,-0.0546,0.1181,0,0,Lateral Rollover (360°),Rollover Flips
53188.4,2026-10-03T11:24:02Z,-0.0045,0.0004,-0.0404,0.3986,0.0406,-0.0057,-0.1971,-1.0207,1.0396,-0.0012,-0.1975,-0.9803,0.0559,-0.0011,-0.0445,0.0715,0,0,Lateral Rollover (360°),Rollover Flips
53208.6,2026-10-03T11:24:02Z,0.0025,-0.0095,-0.0106,0.1411,0.0144,0.0025,-0.2081,-0.9906,1.0123,0.0000,-0.1987,-0.9801,0.0406,0.1171,-0.0117,0.1245,0,0,Lateral Rollover (360°),Rollover Flips
53228.7,2026-10-03T11:24:02Z,-0.0054,-0.0267,0.0156,0.3084,0.0314,-0.0019,-0.2254,-0.9644,0.9904,0.0035,-0.1986,-0.9801,-0.0500,0.2129,-0.0132,0.2191,0,0,Lateral Rollover (360°),Rollover Flips
53248.8,2026-10-03T11:24:02Z,-0.0100,-0.0262,0.0049,0.2794,0.0285,-0.0020,-0.2231,-0.9754,1.0006,0.0080,-0.1969,-0.9804,-0.1119,0.2237,-0.0314,0.2521,0,0,Lateral Rollover (360°),Rollover Flips
53269.1,2026-10-03T11:24:02Z,-0.0007,-0.0130,-0.0144,0.1904,0.0194,0.0115,-0.2078,-0.9952,1.0167,0.0121,-0.1948,-0.9808,-0.0868,0.1843,-0.0323,0.2062,0,0,Lateral Rollover (360°),Rollover Flips
53289.2,2026-10-03T11:24:02Z,0.0000,0.0008,-0.0273,0.2680,0.0273,0.0152,-0.1932,-1.0082,1.0267,0.0152,-0.1940,-0.9809,0.0111,0.1146,-0.0163,0.1163,0,0,Lateral Rollover (360°),Rollover Flips
53309.0,2026-10-03T11:24:02Z,-0.0066,0.0008,-0.0126,0.1397,0.0142,0.0107,-0.1943,-0.9932,1.0121,0.0173,-0.1951,-0.9806,0.0925,0.0993,-0.0201,0.1371,0,0,Lateral Rollover (360°),Rollover Flips
53329.2,2026-10-03T11:24:02Z,0.0105,0.0020,0.0227,0.2461,0.0251,0.0300,-0.1949,-0.9575,0.9776,0.0195,-0.1969,-0.9802,0.0763,0.1290,-0.0136,0.1505,0,0,Lateral Rollover (360°),Rollover Flips
53349.4,2026-10-03T11:24:02Z,0.0124,0.0008,0.0414,0.4235,0.0432,0.0347,-0.1971,-0.9386,0.9597,0.0224,-0.1979,-0.9800,0.0182,0.1399,-0.0063,0.1412,0,0,Lateral Rollover (360°),Rollover Flips
53369.5,2026-10-03T11:24:02Z,-0.0072,-0.0113,0.0269,0.2947,0.0301,0.0178,-0.2088,-0.9530,0.9758,0.0250,-0.1975,-0.9800,-0.0550,0.1152,-0.0451,0.1354,0,0,Lateral Rollover (360°),Rollover Flips
53389.6,2026-10-03T11:24:02Z,-0.0045,-0.0037,-0.0166,0.1724,0.0176,0.0231,-0.1998,-0.9968,1.0169,0.0276,-0.1961,-0.9802,-0.0792,0.1299,-0.0746,0.1694,0,0,Lateral Rollover (360°),Rollover Flips
53409.6,2026-10-03T11:24:02Z,0.0128,0.0096,-0.0409,0.4312,0.0440,0.0434,-0.1852,-1.0213,1.0389,0.0306,-0.1948,-0.9804,-0.0398,0.1487,-0.0400,0.1591,0,0,Lateral Rollover (360°),Rollover Flips
53429.7,2026-10-03T11:24:02Z,0.0138,0.0152,-0.0317,0.3704,0.0378,0.0473,-0.1794,-1.0120,1.0289,0.0335,-0.1947,-0.9803,0.0232,0.1268,0.0165,0.1300,0,0,Lateral Rollover (360°),Rollover Flips
53449.9,2026-10-03T11:24:02Z,0.0022,0.0049,-0.0180,0.1844,0.0188,0.0375,-0.1906,-0.9981,1.0168,0.0353,-0.1955,-0.9801,0.0556,0.0764,0.0426,0.1036,0,0,Lateral Rollover (360°),Rollover Flips
53469.9,2026-10-03T11:24:02Z,-0.0085,0.0020,-0.0010,0.0861,0.0088,0.0279,-0.1947,-0.9808,1.0003,0.0364,-0.1967,-0.9798,0.0548,0.0634,0.0458,0.0955,0,0,Lateral Rollover (360°),Rollover Flips
53489.9,2026-10-03T11:24:02Z,-0.0113,-0.0030,0.0109,0.1566,0.0160,0.0263,-0.2005,-0.9687,0.9896,0.0376,-0.1975,-0.9796,0.0150,0.0760,0.0232,0.0809,0,0,Lateral Rollover (360°),Rollover Flips
53510.0,2026-10-03T11:24:02Z,-0.0133,-0.0088,0.0138,0.2070,0.0211,0.0264,-0.2059,-0.9658,0.9878,0.0397,-0.1971,-0.9796,-0.0519,0.1601,0.0023,0.1683,0,0,Lateral Rollover (360°),Rollover Flips
53530.4,2026-10-03T11:24:02Z,-0.0053,-0.0095,0.0170,0.1975,0.0201,0.0386,-0.2047,-0.9628,0.9851,0.0439,-0.1953,-0.9798,-0.1315,0.2475,-0.0121,0.2806,0,0,Lateral Rollover (360°),Rollover Flips
53550.5,2026-10-03T11:24:02Z,0.0029,0.0025,-0.0118,0.1216,0.0124,0.0521,-0.1902,-0.9918,1.0112,0.0492,-0.1927,-0.9800,-0.1122,0.2715,0.0060,0.2939,0,0,Lateral Rollover (360°),Rollover Flips
53570.5,2026-10-03T11:24:02Z,0.0053,-0.0019,-0.0280,0.2799,0.0285,0.0589,-0.1932,-1.0080,1.0281,0.0536,-0.1913,-0.9801,-0.0241,0.1705,0.0296,0.1747,0,0,Lateral Rollover (360°),Rollover Flips
53590.7,2026-10-03T11:24:02Z,-0.0111,-0.0090,-0.0271,0.3003,0.0306,0.0445,-0.2008,-1.0069,1.0277,0.0556,-0.1918,-0.9799,0.0637,0.0617,0.0253,0.0923,0,0,Lateral Rollover (360°),Rollover Flips
53610.6,2026-10-03T11:24:02Z,-0.0163,-0.0132,-0.0066,0.2156,0.0220,0.0402,-0.2064,-0.9861,1.0083,0.0565,-0.1932,-0.9795,0.0538,0.0504,0.0080,0.0741,0,0,Lateral Rollover (360°),Rollover Flips
53630.7,2026-10-03T11:24:02Z,-0.0111,-0.0043,-0.0150,0.1881,0.0192,0.0469,-0.1982,-0.9943,1.0150,0.0580,-0.1939,-0.9793,0.0282,0.1130,0.0099,0.1169,0,0,Lateral Rollover (360°),Rollover Flips
53651.3,2026-10-03T11:24:02Z,-0.0027,0.0018,-0.0166,0.1656,0.0169,0.0580,-0.1928,-0.9956,1.0157,0.0606,-0.1946,-0.9790,0.0429,0.1609,0.0331,0.1698,0,0,Lateral Rollover (360°),Rollover Flips
53671.0,2026-10-03T11:24:02Z,0.0035,0.0023,0.0111,0.1162,0.0118,0.0671,-0.1933,-0.9675,0.9889,0.0636,-0.1956,-0.9786,0.0463,0.1495,0.0667,0.1702,0,0,Lateral Rollover (360°),Rollover Flips
53691.2,2026-10-03T11:24:02Z,0.0066,-0.0012,0.0359,0.3581,0.0365,0.0721,-0.1977,-0.9424,0.9656,0.0655,-0.1964,-0.9783,0.0244,0.0583,0.0952,0.1143,0,0,Lateral Rollover (360°),Rollover Flips
53711.2,2026-10-03T11:24:02Z,-0.0105,-0.0080,0.0235,0.2642,0.0269,0.0546,-0.2048,-0.9548,0.9780,0.0651,-0.1969,-0.9783,0.0115,-0.0630,0.0635,0.0902,0,0,Lateral Rollover (360°),Rollover Flips
53731.2,2026-10-03T11:24:02Z,-0.0222,-0.0005,-0.0007,0.2176,0.0222,0.0408,-0.1975,-0.9791,0.9996,0.0630,-0.1971,-0.9784,0.0034,-0.1286,0.0147,0.1294,0,0,Lateral Rollover (360°),Rollover Flips
53751.6,2026-10-03T11:24:02Z,-0.0258,0.0106,-0.0311,0.4099,0.0418,0.0348,-0.1868,-1.0096,1.0273,0.0606,-0.1974,-0.9785,0.0351,-0.0970,-0.0096,0.1036,0,0,Lateral Rollover (360°),Rollover Flips
53771.5,2026-10-03T11:24:02Z,-0.0353,0.0029,-0.0110,0.3639,0.0371,0.0240,-0.1955,-0.9893,1.0087,0.0593,-0.1984,-0.9783,0.0745,-0.1134,-0.0645,0.1502,0,0,Lateral Rollover (360°),Rollover Flips
53791.7,2026-10-03T11:24:02Z,-0.0148,-0.0109,0.0538,0.5576,0.0569,0.0419,-0.2104,-0.9245,0.9490,0.0567,-0.1995,-0.9783,0.0394,-0.1857,-0.1370,0.2342,0,0,Lateral Rollover (360°),Rollover Flips
53811.7,2026-10-03T11:24:02Z,0.0052,-0.0040,0.0818,0.8049,0.0821,0.0583,-0.2034,-0.8967,0.9213,0.0531,-0.1994,-0.9785,-0.0475,-0.2082,-0.0994,0.2355,0,0,Lateral Rollover (360°),Rollover Flips
53832.3,2026-10-03T11:24:02Z,0.0056,-0.0029,0.0400,0.3974,0.0405,0.0555,-0.2005,-0.9390,0.9618,0.0498,-0.1976,-0.9790,-0.1161,-0.1521,-0.0645,0.2019,0,0,Lateral Rollover (360°),Rollover Flips
53856.9,2026-10-03T11:24:02Z,-0.0019,-0.0065,-0.0212,0.2186,0.0223,0.0459,-0.2015,-1.0009,1.0220,0.0478,-0.1950,-0.9796,-0.1288,-0.0831,-0.0499,0.1612,0,0,Lateral Rollover (360°),Rollover Flips
53871.9,2026-10-03T11:24:02Z,-0.0077,-0.0082,-0.0749,0.7423,0.0757,0.0391,-0.2009,-1.0550,1.0747,0.0468,-0.1927,-0.9801,-0.0940,-0.0262,-0.0481,0.1088,0,0,Lateral Rollover (360°),Rollover Flips
53892.0,2026-10-03T11:24:02Z,-0.0043,0.0033,-0.1042,1.0228,0.1043,0.0431,-0.1883,-1.0845,1.1016,0.0474,-0.1916,-0.9803,-0.0110,0.0626,-0.0407,0.0755,0,0,Lateral Rollover (360°),Rollover Flips
53912.1,2026-10-03T11:24:02Z,0.0002,-0.0093,-0.0523,0.5205,0.0531,0.0491,-0.2010,-1.0325,1.0530,0.0489,-0.1917,-0.9802,0.0213,0.0641,-0.0377,0.0774,0,0,Lateral Rollover (360°),Rollover Flips
53932.3,2026-10-03T11:24:02Z,0.0001,-0.0140,-0.0060,0.1489,0.0152,0.0506,-0.2060,-0.9860,1.0086,0.0505,-0.1921,-0.9801,0.0054,0.0694,-0.0435,0.0820,0,0,Lateral Rollover (360°),Rollover Flips
53952.3,2026-10-03T11:24:02Z,-0.0094,-0.0029,0.0070,0.1184,0.0121,0.0430,-0.1949,-0.9730,0.9932,0.0524,-0.1920,-0.9800,-0.0074,0.1118,-0.0531,0.1240,0,0,Lateral Rollover (360°),Rollover Flips
53972.5,2026-10-03T11:24:02Z,-0.0009,-0.0010,0.0193,0.1901,0.0194,0.0541,-0.1927,-0.9606,0.9812,0.0550,-0.1917,-0.9799,-0.0172,0.1232,-0.0563,0.1365,0,0,Lateral Rollover (360°),Rollover Flips
53992.6,2026-10-03T11:24:02Z,0.0008,0.0006,0.0258,0.2532,0.0258,0.0584,-0.1906,-0.9541,0.9747,0.0576,-0.1912,-0.9799,-0.0205,0.1139,-0.0562,0.1287,0,0,Lateral Rollover (360°),Rollover Flips
54012.6,2026-10-03T11:24:02Z,0.0052,-0.0051,0.0314,0.3162,0.0322,0.0650,-0.1958,-0.9484,0.9706,0.0597,-0.1907,-0.9798,-0.0317,0.0794,-0.0690,0.1099,0,0,Lateral Rollover (360°),Rollover Flips
54032.8,2026-10-03T11:24:02Z,0.0154,-0.0028,0.0379,0.4024,0.0410,0.0767,-0.1924,-0.9420,0.9645,0.0613,-0.1896,-0.9799,-0.0725,0.0611,-0.0625,0.1136,0,0,Lateral Rollover (360°),Rollover Flips
54052.8,2026-10-03T11:24:03Z,0.0134,-0.0062,0.0337,0.3605,0.0368,0.0764,-0.1936,-0.9466,0.9692,0.0630,-0.1874,-0.9803,-0.1419,0.0890,-0.0609,0.1782,0,0,Lateral Rollover (360°),Rollover Flips
54072.8,2026-10-03T11:24:03Z,0.0109,-0.0049,0.0073,0.1371,0.0140,0.0760,-0.1890,-0.9735,0.9946,0.0651,-0.1840,-0.9808,-0.1806,0.0978,-0.0550,0.2127,0,0,Lateral Rollover (360°),Rollover Flips
54093.2,2026-10-03T11:24:03Z,0.0130,0.0012,-0.0121,0.1748,0.0178,0.0800,-0.1795,-0.9934,1.0126,0.0670,-0.1807,-0.9812,-0.1429,0.0642,-0.0458,0.1632,0,0,Lateral Rollover (360°),Rollover Flips
54113.2,2026-10-03T11:24:03Z,0.0135,0.0082,-0.0273,0.3090,0.0315,0.0815,-0.1705,-1.0088,1.0264,0.0681,-0.1787,-0.9816,-0.0571,0.0335,-0.0317,0.0734,0,0,Lateral Rollover (360°),Rollover Flips
54133.3,2026-10-03T11:24:03Z,0.0088,0.0012,-0.0129,0.1540,0.0157,0.0776,-0.1768,-0.9946,1.0131,0.0688,-0.1780,-0.9816,-0.0214,0.0351,-0.0074,0.0418,0,0,Lateral Rollover (360°),Rollover Flips
54154.1,2026-10-03T11:24:03Z,-0.0097,-0.0091,-0.0009,0.1307,0.0133,0.0603,-0.1864,-0.9826,1.0019,0.0700,-0.1773,-0.9817,-0.0633,0.0952,-0.0143,0.1152,0,0,Lateral Rollover (360°),Rollover Flips
54173.5,2026-10-03T11:24:03Z,-0.0121,-0.0102,-0.0036,0.1597,0.0163,0.0605,-0.1855,-0.9855,1.0046,0.0726,-0.1752,-0.9818,-0.1346,0.1587,-0.0202,0.2091,0,0,Lateral Rollover (360°),Rollover Flips
54193.6,2026-10-03T11:24:03Z,-0.0086,-0.0001,-0.0159,0.1773,0.0181,0.0674,-0.1726,-0.9979,1.0150,0.0761,-0.1725,-0.9821,-0.1300,0.1754,-0.0141,0.2187,0,0,Lateral Rollover (360°),Rollover Flips
54213.7,2026-10-03T11:24:03Z,-0.0076,-0.0009,-0.0160,0.1736,0.0177,0.0716,-0.1713,-0.9981,1.0153,0.0792,-0.1704,-0.9822,-0.0763,0.1255,-0.0173,0.1479,0,0,Lateral Rollover (360°),Rollover Flips
54233.8,2026-10-03T11:24:03Z,0.0035,0.0048,0.0015,0.0600,0.0061,0.0843,-0.1646,-0.9807,0.9980,0.0808,-0.1694,-0.9822,-0.0262,0.0373,-0.0063,0.0460,0,0,Lateral Rollover (360°),Rollover Flips
54254.2,2026-10-03T11:24:03Z,0.0056,0.0036,0.0056,0.0851,0.0087,0.0864,-0.1656,-0.9767,0.9944,0.0808,-0.1692,-0.9823,0.0002,-0.0376,0.0053,0.0379,0,0,Lateral Rollover (360°),Rollover Flips
54274.0,2026-10-03T11:24:03Z,-0.0042,0.0007,0.0125,0.1299,0.0132,0.0756,-0.1685,-0.9698,0.9872,0.0798,-0.1693,-0.9823,-0.0027,-0.0503,0.0011,0.0504,0,0,Lateral Rollover (360°),Rollover Flips
54294.2,2026-10-03T11:24:03Z,0.0002,0.0024,0.0209,0.2067,0.0211,0.0794,-0.1662,-0.9615,0.9790,0.0792,-0.1686,-0.9825,-0.0680,0.0051,0.0017,0.0682,0,0,Lateral Rollover (360°),Rollover Flips
54314.2,2026-10-03T11:24:03Z,-0.0031,0.0044,0.0052,0.0736,0.0075,0.0770,-0.1623,-0.9776,0.9939,0.0801,-0.1667,-0.9827,-0.1182,0.0779,0.0184,0.1428,0,0,Lateral Rollover (360°),Rollover Flips
54334.2,2026-10-03T11:24:03Z,-0.0110,-0.0004,-0.0144,0.1777,0.0181,0.0708,-0.1647,-0.9974,1.0134,0.0819,-0.1643,-0.9830,-0.1172,0.0981,0.0018,0.1528,0,0,Lateral Rollover (360°),Rollover Flips
54354.3,2026-10-03T11:24:03Z,-0.0096,-0.0015,-0.0231,0.2460,0.0251,0.0741,-0.1639,-1.0063,1.0222,0.0837,-0.1624,-0.9832,-0.0800,0.0808,-0.0133,0.1145,0,0,Lateral Rollover (360°),Rollover Flips
54374.5,2026-10-03T11:24:03Z,-0.0046,-0.0046,-0.0176,0.1842,0.0188,0.0805,-0.1657,-1.0009,1.0177,0.0852,-0.1611,-0.9833,-0.0512,0.0643,-0.0244,0.0858,0,0,Lateral Rollover (360°),Rollover Flips
54394.7,2026-10-03T11:24:03Z,-0.0008,-0.0021,-0.0124,0.1240,0.0126,0.0858,-0.1622,-0.9957,1.0125,0.0865,-0.1601,-0.9833,-0.0466,0.0694,-0.0203,0.0860,0,0,Lateral Rollover (360°),Rollover Flips
54414.8,2026-10-03T11:24:03Z,-0.0009,-0.0022,-0.0073,0.0753,0.0077,0.0872,-0.1614,-0.9906,1.0075,0.0881,-0.1592,-0.9833,-0.0400,0.0822,-0.0088,0.0919,0,0,Lateral Rollover (360°),Rollover Flips
54434.8,2026-10-03T11:24:03Z,0.0081,-0.0087,0.0095,0.1493,0.0152,0.0978,-0.1671,-0.9738,0.9929,0.0897,-0.1584,-0.9833,-0.0423,0.0720,0.0029,0.0835,0,0,Lateral Rollover (360°),Rollover Flips
54454.9,2026-10-03T11:24:03Z,0.0090,-0.0097,0.0106,0.1664,0.0170,0.0996,-0.1671,-0.9727,0.9920,0.0906,-0.1574,-0.9834,-0.0508,0.0257,0.0114,0.0580,0,0,Lateral Rollover (360°),Rollover Flips
54475.0,2026-10-03T11:24:03Z,-0.0046,-0.0112,-0.0006,0.1186,0.0121,0.0861,-0.1679,-0.9841,1.0020,0.0906,-0.1567,-0.9835,-0.0282,-0.0258,0.0044,0.0385,0,0,Lateral Rollover (360°),Rollover Flips
54495.3,2026-10-03T11:24:03Z,-0.0112,-0.0128,-0.0108,0.1971,0.0201,0.0785,-0.1690,-0.9944,1.0117,0.0897,-0.1562,-0.9836,-0.0210,-0.0655,-0.0221,0.0723,0,0,Lateral Rollover (360°),Rollover Flips
54515.2,2026-10-03T11:24:03Z,-0.0095,0.0015,-0.0313,0.3213,0.0328,0.0792,-0.1544,-1.0151,1.0298,0.0887,-0.1559,-0.9838,-0.0037,-0.0312,-0.0227,0.0388,0,0,Lateral Rollover (360°),Rollover Flips
54535.4,2026-10-03T11:24:03Z,-0.0016,0.0040,-0.0293,0.2900,0.0296,0.0870,-0.1520,-1.0130,1.0281,0.0886,-0.1560,-0.9838,0.0169,0.0038,-0.0102,0.0202,0,0,Lateral Rollover (360°),Rollover Flips
54555.6,2026-10-03T11:24:03Z,-0.0002,0.0017,-0.0127,0.1252,0.0128,0.0887,-0.1549,-0.9963,1.0122,0.0889,-0.1565,-0.9837,0.0327,0.0237,-0.0006,0.0404,0,0,Lateral Rollover (360°),Rollover Flips
54575.6,2026-10-03T11:24:03Z,-0.0027,-0.0035,0.0066,0.0782,0.0080,0.0864,-0.1606,-0.9769,0.9938,0.0892,-0.1571,-0.9836,0.0207,0.0011,-0.0046,0.0212,0,0,Lateral Rollover (360°),Rollover Flips
54595.7,2026-10-03T11:24:03Z,-0.0082,-0.0052,0.0177,0.1983,0.0202,0.0809,-0.1625,-0.9658,0.9827,0.0891,-0.1573,-0.9835,-0.0070,-0.0048,-0.0218,0.0234,0,0,Lateral Rollover (360°),Rollover Flips
54615.8,2026-10-03T11:24:03Z,-0.0109,-0.0048,0.0160,0.1954,0.0199,0.0783,-0.1615,-0.9676,0.9841,0.0892,-0.1566,-0.9836,-0.0426,0.0099,-0.0415,0.0603,0,0,Lateral Rollover (360°),Rollover Flips
54635.8,2026-10-03T11:24:03Z,-0.0057,0.0027,-0.0047,0.0767,0.0078,0.0842,-0.1529,-0.9884,1.0037,0.0899,-0.1556,-0.9837,-0.0488,0.0362,-0.0435,0.0748,0,0,Lateral Rollover (360°),Rollover Flips
54656.0,2026-10-03T11:24:03Z,0.0056,0.0061,-0.0079,0.1121,0.0114,0.0962,-0.1487,-0.9917,1.0073,0.0906,-0.1548,-0.9838,-0.0213,0.0298,-0.0212,0.0424,0,0,Lateral Rollover (360°),Rollover Flips
54676.1,2026-10-03T11:24:03Z,0.0104,0.0030,-0.0020,0.1082,0.0110,0.1014,-0.1516,-0.9858,1.0025,0.0909,-0.1546,-0.9838,-0.0009,-0.0079,-0.0004,0.0080,0,0,Lateral Rollover (360°),Rollover Flips
54696.4,2026-10-03T11:24:03Z,-0.0005,-0.0042,-0.0073,0.0832,0.0085,0.0898,-0.1592,-0.9911,1.0078,0.0903,-0.1549,-0.9838,0.0301,-0.0495,-0.0058,0.0583,0,0,Lateral Rollover (360°),Rollover Flips
54716.3,2026-10-03T11:24:03Z,0.0051,-0.0033,0.0081,0.0988,0.0101,0.0943,-0.1588,-0.9757,0.9930,0.0892,-0.1555,-0.9838,0.0151,-0.0598,-0.0033,0.0617,0,0,Lateral Rollover (360°),Rollover Flips
54736.9,2026-10-03T11:24:03Z,-0.0005,-0.0034,-0.0016,0.0372,0.0038,0.0877,-0.1588,-0.9855,1.0021,0.0882,-0.1554,-0.9839,-0.0195,-0.0302,0.0025,0.0361,0,0,Lateral Rollover (360°),Rollover Flips
54756.5,2026-10-03T11:24:03Z,-0.0066,-0.0029,-0.0213,0.2205,0.0225,0.0813,-0.1578,-1.0053,1.0208,0.0879,-0.1549,-0.9840,-0.0191,-0.0058,0.0017,0.0200,0,0,Lateral Rollover (360°),Rollover Flips
54776.5,2026-10-03T11:24:03Z,-0.0076,-0.0027,-0.0286,0.2918,0.0298,0.0802,-0.1576,-1.0126,1.0280,0.0879,-0.1549,-0.9840,0.0172,0.0012,-0.0101,0.0200,0,0,Lateral Rollover (360°),Rollover Flips
54796.9,2026-10-03T11:24:03Z,-0.0058,-0.0059,-0.0141,0.1603,0.0164,0.0822,-0.1612,-0.9981,1.0143,0.0880,-0.1553,-0.9839,0.0220,0.0091,-0.0149,0.0281,0,0,Lateral Rollover (360°),Rollover Flips
54816.9,2026-10-03T11:24:03Z,-0.0019,-0.0081,-0.0040,0.0905,0.0092,0.0864,-0.1636,-0.9879,1.0051,0.0884,-0.1555,-0.9839,0.0009,0.0243,-0.0139,0.0281,0,0,Lateral Rollover (360°),Rollover Flips
54837.2,2026-10-03T11:24:03Z,0.0003,-0.0040,-0.0042,0.0569,0.0058,0.0893,-0.1595,-0.9880,1.0048,0.0890,-0.1555,-0.9838,0.0073,0.0341,-0.0041,0.0352,0,0,Lateral Rollover (360°),Rollover Flips
54856.9,2026-10-03T11:24:03Z,0.0045,-0.0055,0.0078,0.1032,0.0105,0.0940,-0.1613,-0.9760,0.9937,0.0894,-0.1558,-0.9837,0.0190,0.0056,0.0053,0.0205,0,0,Lateral Rollover (360°),Rollover Flips
54877.0,2026-10-03T11:24:03Z,0.0016,-0.0039,0.0125,0.1293,0.0132,0.0907,-0.1601,-0.9712,0.9885,0.0890,-0.1562,-0.9837,0.0189,-0.0396,0.0064,0.0443,0,0,Lateral Rollover (360°),Rollover Flips
54897.1,2026-10-03T11:24:03Z,-0.0138,-0.0038,0.0022,0.1422,0.0145,0.0745,-0.1604,-0.9815,0.9973,0.0883,-0.1566,-0.9837,0.0145,-0.0299,-0.0115,0.0351,0,0,Lateral Rollover (360°),Rollover Flips
54917.1,2026-10-03T11:24:03Z,-0.0116,-0.0009,-0.0047,0.1226,0.0125,0.0765,-0.1574,-0.9884,1.0038,0.0881,-0.1566,-0.9837,-0.0101,0.0037,-0.0275,0.0295,0,0,Lateral Rollover (360°),Rollover Flips
54937.2,2026-10-03T11:24:03Z,-0.0045,0.0006,-0.0110,0.1172,0.0120,0.0840,-0.1555,-0.9948,1.0104,0.0885,-0.1562,-0.9838,-0.0228,0.0275,-0.0243,0.0432,0,0,Lateral Rollover (360°),Rollover Flips
54957.5,2026-10-03T11:24:03Z,-0.0022,0.0065,-0.0248,0.2522,0.0257,0.0871,-0.1495,-1.0085,1.0232,0.0893,-0.1560,-0.9837,0.0137,0.0380,-0.0187,0.0445,0,0,Lateral Rollover (360°),Rollover Flips
54977.5,2026-10-03T11:24:03Z,0.0070,0.0041,-0.0100,0.1261,0.0129,0.0968,-0.1525,-0.9936,1.0099,0.0898,-0.1566,-0.9836,0.0421,0.0107,-0.0093,0.0445,0,0,Lateral Rollover (360°),Rollover Flips
54997.9,2026-10-03T11:24:03Z,0.0074,0.0021,0.0041,0.0855,0.0087,0.0973,-0.1554,-0.9793,0.9963,0.0899,-0.1574,-0.9834,0.0369,-0.0014,0.0086,0.0379,0,0,Lateral Rollover (360°),Rollover Flips
55017.8,2026-10-03T11:24:03Z,0.0005,-0.0027,0.0148,0.1473,0.0150,0.0904,-0.1606,-0.9686,0.9860,0.0899,-0.1579,-0.9834,0.0068,0.0015,0.0093,0.0117,0,0,Lateral Rollover (360°),Rollover Flips
55037.8,2026-10-03T11:24:03Z,-0.0077,-0.0057,0.0071,0.1167,0.0119,0.0823,-0.1633,-0.9763,0.9933,0.0899,-0.1577,-0.9834,-0.0234,0.0056,-0.0131,0.0274,0,0,Lateral Rollover (360°),Rollover Flips
55058.1,2026-10-03T11:24:04Z,-0.0018,0.0008,-0.0088,0.0882,0.0090,0.0885,-0.1564,-0.9922,1.0083,0.0903,-0.1572,-0.9834,-0.0201,0.0252,-0.0164,0.0362,0,0,Lateral Rollover (360°),Rollover Flips
55078.2,2026-10-03T11:24:04Z,0.0049,0.0026,-0.0156,0.1627,0.0166,0.0959,-0.1544,-0.9990,1.0154,0.0910,-0.1570,-0.9834,0.0012,0.0353,0.0047,0.0356,0,0,Lateral Rollover (360°),Rollover Flips
55098.3,2026-10-03T11:24:04Z,0.0008,-0.0043,-0.0123,0.1282,0.0131,0.0921,-0.1617,-0.9956,1.0129,0.0913,-0.1574,-0.9833,0.0319,0.0053,0.0114,0.0343,0,0,Lateral Rollover (360°),Rollover Flips
55121.5,2026-10-03T11:24:04Z,0.0002,-0.0061,0.0121,0.1333,0.0136,0.0914,-0.1642,-0.9711,0.9891,0.0911,-0.1581,-0.9832,0.0393,-0.0380,0.0072,0.0551,0,0,Lateral Rollover (360°),Rollover Flips
55138.3,2026-10-03T11:24:04Z,-0.0066,-0.0087,0.0407,0.4130,0.0421,0.0831,-0.1674,-0.9426,0.9609,0.0897,-0.1587,-0.9832,0.0181,-0.0999,-0.0118,0.1022,0,0,Lateral Rollover (360°),Rollover Flips
55158.4,2026-10-03T11:24:04Z,-0.0089,-0.0002,0.0269,0.2775,0.0283,0.0789,-0.1589,-0.9566,0.9729,0.0878,-0.1587,-0.9834,-0.0077,-0.0871,-0.0244,0.0908,0,0,Lateral Rollover (360°),Rollover Flips
55178.6,2026-10-03T11:24:04Z,0.0033,-0.0078,0.0093,0.1233,0.0126,0.0899,-0.1660,-0.9743,0.9925,0.0867,-0.1582,-0.9836,-0.0501,-0.0384,-0.0035,0.0633,0,0,Lateral Rollover (360°),Rollover Flips
55198.7,2026-10-03T11:24:04Z,-0.0062,-0.0018,-0.0132,0.1439,0.0147,0.0801,-0.1588,-0.9970,1.0127,0.0864,-0.1570,-0.9838,-0.0630,0.0036,-0.0052,0.0633,0,0,Lateral Rollover (360°),Rollover Flips
55218.9,2026-10-03T11:24:04Z,-0.0157,-0.0107,-0.0280,0.3319,0.0338,0.0711,-0.1665,-1.0120,1.0281,0.0867,-0.1558,-0.9840,-0.0507,0.0210,-0.0334,0.0643,0,0,Lateral Rollover (360°),Rollover Flips
55238.9,2026-10-03T11:24:04Z,-0.0033,-0.0029,-0.0324,0.3203,0.0327,0.0841,-0.1578,-1.0164,1.0320,0.0873,-0.1549,-0.9841,-0.0336,0.0270,-0.0401,0.0589,0,0,Lateral Rollover (360°),Rollover Flips
55259.0,2026-10-03T11:24:04Z,0.0004,0.0031,-0.0330,0.3250,0.0331,0.0885,-0.1514,-1.0170,1.0320,0.0881,-0.1545,-0.9841,0.0001,0.0399,-0.0232,0.0462,0,0,Lateral Rollover (360°),Rollover Flips
55279.3,2026-10-03T11:24:04Z,0.0045,0.0022,-0.0131,0.1373,0.0140,0.0933,-0.1527,-0.9970,1.0129,0.0887,-0.1549,-0.9839,0.0377,0.0103,-0.0059,0.0396,0,0,Lateral Rollover (360°),Rollover Flips
55299.3,2026-10-03T11:24:04Z,0.0049,0.0001,0.0184,0.1872,0.0191,0.0934,-0.1556,-0.9654,0.9823,0.0885,-0.1557,-0.9838,0.0373,-0.0333,-0.0016,0.0501,0,0,Lateral Rollover (360°),Rollover Flips
55319.4,2026-10-03T11:24:04Z,0.0016,-0.0007,0.0230,0.2262,0.0231,0.0893,-0.1568,-0.9608,0.9776,0.0877,-0.1561,-0.9838,0.0045,-0.0441,-0.0091,0.0453,0,0,Lateral Rollover (360°),Rollover Flips
55339.7,2026-10-03T11:24:04Z,-0.0017,-0.0007,0.0138,0.1369,0.0140,0.0855,-0.1565,-0.9701,0.9864,0.0872,-0.1558,-0.9839,-0.0304,-0.0078,-0.0163,0.0353,0,0,Lateral Rollover (360°),Rollover Flips
55359.6,2026-10-03T11:24:04Z,0.0024,0.0002,0.0017,0.0290,0.0030,0.0898,-0.1548,-0.9824,0.9985,0.0873,-0.1550,-0.9841,-0.0487,0.0125,-0.0166,0.0530,0,0,Lateral Rollover (360°),Rollover Flips
55379.7,2026-10-03T11:24:04Z,0.0082,0.0030,-0.0167,0.1843,0.0188,0.0959,-0.1512,-1.0008,1.0167,0.0877,-0.1542,-0.9841,-0.0294,0.0172,-0.0034,0.0342,0,0,Lateral Rollover (360°),Rollover Flips
55399.8,2026-10-03T11:24:04Z,0.0042,0.0019,-0.0157,0.1608,0.0164,0.0921,-0.1519,-0.9999,1.0156,0.0879,-0.1538,-0.9842,-0.0099,0.0062,0.0094,0.0150,0,0,Lateral Rollover (360°),Rollover Flips
55419.9,2026-10-03T11:24:04Z,-0.0008,-0.0029,-0.0067,0.0725,0.0074,0.0871,-0.1566,-0.9909,1.0070,0.0879,-0.1536,-0.9842,-0.0094,0.0016,0.0090,0.0131,0,0,Lateral Rollover (360°),Rollover Flips
55440.1,2026-10-03T11:24:04Z,-0.0014,-0.0026,0.0002,0.0292,0.0030,0.0865,-0.1560,-0.9841,1.0001,0.0879,-0.1533,-0.9843,-0.0224,-0.0011,0.0058,0.0232,0,0,Lateral Rollover (360°),Rollover Flips
55460.0,2026-10-03T11:24:04Z,-0.0056,0.0016,-0.0077,0.0950,0.0097,0.0823,-0.1514,-0.9920,1.0069,0.0879,-0.1530,-0.9843,-0.0045,-0.0012,0.0074,0.0088,0,0,Lateral Rollover (360°),Rollover Flips
55480.2,2026-10-03T11:24:04Z,-0.0035,-0.0027,0.0042,0.0596,0.0061,0.0843,-0.1558,-0.9801,0.9960,0.0877,-0.1531,-0.9843,0.0093,-0.0148,-0.0025,0.0177,0,0,Lateral Rollover (360°),Rollover Flips
55500.2,2026-10-03T11:24:04Z,0.0005,-0.0046,0.0105,0.1123,0.0115,0.0879,-0.1577,-0.9739,0.9905,0.0874,-0.1531,-0.9843,-0.0200,-0.0180,0.0023,0.0270,0,0,Lateral Rollover (360°),Rollover Flips
55520.2,2026-10-03T11:24:04Z,-0.0021,-0.0022,-0.0095,0.0976,0.0099,0.0852,-0.1548,-0.9939,1.0095,0.0872,-0.1526,-0.9844,-0.0275,0.0073,0.0073,0.0294,0,0,Lateral Rollover (360°),Rollover Flips
55540.5,2026-10-03T11:24:04Z,0.0002,-0.0013,-0.0072,0.0721,0.0074,0.0876,-0.1534,-0.9917,1.0073,0.0874,-0.1521,-0.9845,-0.0202,0.0115,0.0110,0.0257,0,0,Lateral Rollover (360°),Rollover Flips
55560.7,2026-10-03T11:24:04Z,-0.0024,-0.0005,-0.0104,0.1050,0.0107,0.0851,-0.1524,-0.9949,1.0101,0.0875,-0.1518,-0.9845,-0.0042,0.0033,0.0072,0.0090,0,0,Lateral Rollover (360°),Rollover Flips
55581.3,2026-10-03T11:24:04Z,-0.0007,-0.0007,-0.0002,0.0103,0.0011,0.0868,-0.1526,-0.9848,1.0003,0.0875,-0.1519,-0.9845,0.0006,0.0008,0.0052,0.0053,0,0,Lateral Rollover (360°),Rollover Flips
55600.8,2026-10-03T11:24:04Z,0.0025,-0.0001,0.0120,0.1205,0.0123,0.0901,-0.1518,-0.9725,0.9884,0.0876,-0.1517,-0.9845,-0.0214,0.0041,0.0136,0.0257,0,0,Lateral Rollover (360°),Rollover Flips
55620.9,2026-10-03T11:24:04Z,0.0025,-0.0020,0.0045,0.0536,0.0055,0.0899,-0.1532,-0.9802,0.9961,0.0874,-0.1512,-0.9846,-0.0263,-0.0170,0.0135,0.0341,0,0,Lateral Rollover (360°),Rollover Flips
55641.1,2026-10-03T11:24:04Z,0.0015,0.0013,-0.0113,0.1126,0.0115,0.0883,-0.1496,-0.9960,1.0111,0.0869,-0.1509,-0.9847,0.0021,-0.0302,0.0175,0.0349,0,0,Lateral Rollover (360°),Rollover Flips
55661.2,2026-10-03T11:24:04Z,0.0026,-0.0017,-0.0071,0.0761,0.0078,0.0888,-0.1529,-0.9919,1.0075,0.0862,-0.1512,-0.9847,0.0136,-0.0250,0.0247,0.0377,0,0,Lateral Rollover (360°),Rollover Flips
55681.2,2026-10-03T11:24:04Z,-0.0013,-0.0055,0.0030,0.0626,0.0064,0.0845,-0.1568,-0.9818,0.9978,0.0858,-0.1513,-0.9848,-0.0125,-0.0037,0.0258,0.0289,0,0,Lateral Rollover (360°),Rollover Flips
55701.6,2026-10-03T11:24:04Z,-0.0020,-0.0041,-0.0057,0.0720,0.0073,0.0839,-0.1549,-0.9906,1.0061,0.0859,-0.1508,-0.9848,-0.0378,0.0138,0.0201,0.0450,0,0,Lateral Rollover (360°),Rollover Flips
55721.5,2026-10-03T11:24:04Z,-0.0023,-0.0009,-0.0151,0.1500,0.0153,0.0838,-0.1511,-1.0000,1.0148,0.0862,-0.1502,-0.9849,-0.0177,0.0186,0.0123,0.0285,0,0,Lateral Rollover (360°),Rollover Flips
55741.5,2026-10-03T11:24:04Z,0.0015,-0.0005,-0.0056,0.0570,0.0058,0.0879,-0.1505,-0.9905,1.0057,0.0864,-0.1501,-0.9849,-0.0005,0.0093,0.0155,0.0181,0,0,Lateral Rollover (360°),Rollover Flips
55761.7,2026-10-03T11:24:04Z,0.0060,0.0028,-0.0011,0.0654,0.0067,0.0925,-0.1473,-0.9860,1.0012,0.0865,-0.1500,-0.9849,-0.0093,0.0124,0.0306,0.0343,0,0,Lateral Rollover (360°),Rollover Flips
55781.7,2026-10-03T11:24:04Z,0.0017,0.0117,-0.0268,0.2877,0.0293,0.0888,-0.1383,-1.0117,1.0249,0.0871,-0.1501,-0.9848,0.0087,0.0621,0.0544,0.0830,0,0,Lateral Rollover (360°),Rollover Flips
55811.6,2026-10-03T11:24:04Z,-0.0011,-0.0053,-0.0008,0.0537,0.0055,0.0869,-0.1558,-0.9854,1.0015,0.0880,-0.1505,-0.9847,0.0245,0.0301,0.0414,0.0567,0,0,Lateral Rollover (360°),Rollover Flips
55822.0,2026-10-03T11:24:04Z,-0.0009,-0.0040,0.0156,0.1581,0.0161,0.0870,-0.1550,-0.9690,0.9852,0.0879,-0.1510,-0.9846,0.0150,-0.0361,0.0371,0.0539,0,0,Lateral Rollover (360°),Rollover Flips
55842.2,2026-10-03T11:24:04Z,-0.0073,-0.0019,0.0109,0.1303,0.0133,0.0794,-0.1531,-0.9738,0.9889,0.0867,-0.1512,-0.9847,-0.0022,-0.0585,0.0405,0.0712,0,0,Lateral Rollover (360°),Rollover Flips
55862.2,2026-10-03T11:24:04Z,-0.0177,-0.0016,0.0054,0.1822,0.0186,0.0678,-0.1526,-0.9794,0.9936,0.0855,-0.1510,-0.9848,-0.0207,-0.0392,0.0364,0.0573,0,0,Lateral Rollover (360°),Rollover Flips
55882.4,2026-10-03T11:24:04Z,-0.0277,-0.0057,-0.0113,0.2982,0.0304,0.0573,-0.1564,-0.9962,1.0100,0.0849,-0.1507,-0.9849,-0.0079,-0.0179,0.0067,0.0207,0,0,Lateral Rollover (360°),Rollover Flips
55905.2,2026-10-03T11:24:04Z,-0.0170,-0.0065,-0.0183,0.2530,0.0258,0.0679,-0.1572,-1.0033,1.0178,0.0848,-0.1507,-0.9849,0.0039,0.0120,-0.0177,0.0218,0,0,Lateral Rollover (360°),Rollover Flips
55922.4,2026-10-03T11:24:04Z,-0.0018,-0.0088,-0.0096,0.1286,0.0131,0.0836,-0.1594,-0.9945,1.0106,0.0855,-0.1507,-0.9849,-0.0102,0.0414,-0.0170,0.0459,0,0,Lateral Rollover (360°),Rollover Flips
55942.6,2026-10-03T11:24:04Z,0.0034,-0.0101,-0.0070,0.1248,0.0127,0.0898,-0.1604,-0.9918,1.0087,0.0864,-0.1503,-0.9849,-0.0157,0.0434,-0.0157,0.0488,0,0,Lateral Rollover (360°),Rollover Flips
55962.8,2026-10-03T11:24:04Z,0.0074,-0.0071,-0.0038,0.1072,0.0109,0.0946,-0.1572,-0.9886,1.0055,0.0872,-0.1501,-0.9848,-0.0085,0.0295,-0.0118,0.0328,0,0,Lateral Rollover (360°),Rollover Flips
55982.8,2026-10-03T11:24:04Z,0.0121,-0.0036,0.0101,0.1584,0.0162,0.0997,-0.1535,-0.9747,0.9918,0.0876,-0.1499,-0.9848,-0.0136,0.0038,0.0010,0.0142,0,0,Lateral Rollover (360°),Rollover Flips
56005.8,2026-10-03T11:24:04Z,-0.0027,-0.0014,-0.0012,0.0317,0.0032,0.0849,-0.1509,-0.9861,1.0012,0.0876,-0.1496,-0.9849,-0.0164,0.0068,0.0001,0.0178,0,0,Lateral Rollover (360°),Rollover Flips
56023.1,2026-10-03T11:24:04Z,-0.0079,0.0017,-0.0023,0.0828,0.0084,0.0799,-0.1476,-0.9872,1.0014,0.0878,-0.1494,-0.9849,-0.0033,0.0131,0.0007,0.0135,0,0,Lateral Rollover (360°),Rollover Flips
56043.1,2026-10-03T11:24:05Z,-0.0051,0.0015,0.0123,0.1318,0.0134,0.0827,-0.1477,-0.9726,0.9872,0.0879,-0.1492,-0.9849,-0.0155,-0.0164,-0.0051,0.0231,0,0,Lateral Rollover (360°),Rollover Flips
56063.3,2026-10-03T11:24:05Z,-0.0136,0.0038,-0.0164,0.2120,0.0216,0.0739,-0.1453,-1.0013,1.0145,0.0875,-0.1490,-0.9850,0.0064,-0.0090,-0.0182,0.0213,0,0,Lateral Rollover (360°),Rollover Flips
56083.4,2026-10-03T11:24:05Z,-0.0074,0.0019,-0.0145,0.1607,0.0164,0.0803,-0.1474,-0.9994,1.0134,0.0877,-0.1494,-0.9849,0.0254,0.0199,-0.0231,0.0397,0,0,Lateral Rollover (360°),Rollover Flips
56105.8,2026-10-03T11:24:05Z,0.0071,-0.0017,0.0059,0.0924,0.0094,0.0954,-0.1513,-0.9789,0.9951,0.0883,-0.1496,-0.9848,-0.0062,0.0282,-0.0106,0.0308,0,0,Lateral Rollover (360°),Rollover Flips
56123.6,2026-10-03T11:24:05Z,0.0037,-0.0063,0.0026,0.0763,0.0078,0.0925,-0.1555,-0.9823,0.9988,0.0888,-0.1491,-0.9848,-0.0301,0.0235,-0.0038,0.0384,0,0,Lateral Rollover (360°),Rollover Flips
56143.7,2026-10-03T11:24:05Z,0.0007,-0.0054,-0.0037,0.0646,0.0066,0.0900,-0.1540,-0.9885,1.0045,0.0893,-0.1486,-0.9849,-0.0216,0.0194,-0.0082,0.0301,0,0,Lateral Rollover (360°),Rollover Flips
56163.7,2026-10-03T11:24:05Z,0.0031,-0.0026,-0.0019,0.0437,0.0045,0.0926,-0.1508,-0.9868,1.0026,0.0895,-0.1482,-0.9849,-0.0127,0.0093,-0.0090,0.0181,0,0,Lateral Rollover (360°),Rollover Flips
56183.9,2026-10-03T11:24:05Z,0.0018,-0.0035,-0.0055,0.0659,0.0067,0.0915,-0.1514,-0.9904,1.0061,0.0897,-0.1479,-0.9849,-0.0137,0.0029,-0.0096,0.0170,0,0,Lateral Rollover (360°),Rollover Flips
56205.8,2026-10-03T11:24:05Z,0.0018,0.0015,-0.0124,0.1238,0.0126,0.0917,-0.1463,-0.9973,1.0122,0.0899,-0.1478,-0.9849,0.0031,0.0162,-0.0041,0.0170,0,0,Lateral Rollover (360°),Rollover Flips
56224.2,2026-10-03T11:24:05Z,-0.0005,-0.0014,-0.0030,0.0327,0.0033,0.0897,-0.1494,-0.9878,1.0031,0.0902,-0.1480,-0.9849,0.0061,0.0152,0.0012,0.0164,0,0,Lateral Rollover (360°),Rollover Flips
56244.1,2026-10-03T11:24:05Z,-0.0040,-0.0026,-0.0018,0.0498,0.0051,0.0864,-0.1507,-0.9866,1.0018,0.0904,-0.1480,-0.9848,0.0028,0.0068,-0.0001,0.0073,0,0,Lateral Rollover (360°),Rollover Flips
56264.3,2026-10-03T11:24:05Z,-0.0050,0.0028,-0.0034,0.0652,0.0066,0.0856,-0.1453,-0.9882,1.0025,0.0906,-0.1481,-0.9848,0.0059,0.0121,0.0033,0.0139,0,0,Lateral Rollover (360°),Rollover Flips
56284.4,2026-10-03T11:24:05Z,-0.0016,-0.0018,0.0026,0.0346,0.0035,0.0894,-0.1499,-0.9822,0.9976,0.0910,-0.1481,-0.9848,-0.0053,0.0147,-0.0062,0.0168,0,0,Lateral Rollover (360°),Rollover Flips
56306.8,2026-10-03T11:24:05Z,0.0028,0.0007,-0.0003,0.0285,0.0029,0.0941,-0.1472,-0.9850,1.0004,0.0913,-0.1479,-0.9848,-0.0093,0.0153,0.0089,0.0200,0,0,Lateral Rollover (360°),Rollover Flips
56324.6,2026-10-03T11:24:05Z,0.0012,-0.0028,-0.0083,0.0867,0.0088,0.0925,-0.1506,-0.9931,1.0087,0.0913,-0.1478,-0.9848,-0.0027,-0.0111,0.0096,0.0149,0,0,Lateral Rollover (360°),Rollover Flips
56344.7,2026-10-03T11:24:05Z,-0.0064,-0.0020,-0.0163,0.1729,0.0176,0.0845,-0.1498,-1.0011,1.0158,0.0909,-0.1478,-0.9848,0.0038,-0.0266,0.0117,0.0293,0,0,Lateral Rollover (360°),Rollover Flips
56364.9,2026-10-03T11:24:05Z,-0.0144,0.0014,-0.0245,0.2794,0.0285,0.0762,-0.1467,-1.0094,1.0228,0.0907,-0.1480,-0.9848,0.0144,0.0146,0.0091,0.0224,0,0,Lateral Rollover (360°),Rollover Flips
56385.1,2026-10-03T11:24:05Z,-0.0152,-0.0007,-0.0137,0.2006,0.0205,0.0761,-0.1492,-0.9984,1.0123,0.0913,-0.1484,-0.9847,0.0240,0.0493,0.0010,0.0549,0,0,Lateral Rollover (360°),Rollover Flips
56405.8,2026-10-03T11:24:05Z,-0.0108,-0.0053,0.0096,0.1515,0.0155,0.0814,-0.1542,-0.9749,0.9904,0.0923,-0.1489,-0.9845,0.0201,0.0355,-0.0126,0.0427,0,0,Lateral Rollover (360°),Rollover Flips
56425.2,2026-10-03T11:24:05Z,-0.0032,-0.0045,0.0176,0.1806,0.0184,0.0895,-0.1537,-0.9669,0.9831,0.0927,-0.1492,-0.9845,0.0174,-0.0026,-0.0234,0.0292,0,0,Lateral Rollover (360°),Rollover Flips
56445.2,2026-10-03T11:24:05Z,0.0011,0.0010,0.0358,0.3518,0.0359,0.0932,-0.1487,-0.9486,0.9647,0.0921,-0.1497,-0.9844,0.0519,-0.0903,-0.0195,0.1060,0,0,Lateral Rollover (360°),Rollover Flips
56465.2,2026-10-03T11:24:05Z,0.0033,-0.0017,0.0556,0.5464,0.0557,0.0924,-0.1523,-0.9290,0.9459,0.0890,-0.1506,-0.9846,0.0445,-0.2075,-0.0414,0.2162,0,0,Lateral Rollover (360°),Rollover Flips
56485.4,2026-10-03T11:24:05Z,0.0047,0.0005,0.0333,0.3300,0.0336,0.0899,-0.1505,-0.9515,0.9676,0.0853,-0.1509,-0.9849,-0.0123,-0.1656,-0.0263,0.1681,0,0,Lateral Rollover (360°),Rollover Flips
56505.4,2026-10-03T11:24:05Z,-0.0026,-0.0065,0.0093,0.1142,0.0116,0.0806,-0.1563,-0.9759,0.9916,0.0832,-0.1498,-0.9852,-0.0986,-0.0571,-0.0318,0.1183,0,0,Lateral Rollover (360°),Rollover Flips
56525.6,2026-10-03T11:24:05Z,0.0075,0.0020,-0.0383,0.3830,0.0391,0.0908,-0.1453,-1.0239,1.0381,0.0833,-0.1472,-0.9856,-0.1438,0.0700,-0.0141,0.1605,0,0,Lateral Rollover (360°),Rollover Flips
56545.7,2026-10-03T11:24:05Z,0.0153,0.0120,-0.1009,1.0079,0.1028,0.1015,-0.1328,-1.0866,1.0994,0.0861,-0.1449,-0.9857,-0.0783,0.2053,0.0292,0.2217,0,0,Lateral Rollover (360°),Rollover Flips
56565.8,2026-10-03T11:24:05Z,0.0106,-0.0124,-0.0456,0.4749,0.0484,0.1003,-0.1566,-1.0311,1.0477,0.0897,-0.1442,-0.9855,-0.0053,0.1389,0.0058,0.1391,0,0,Lateral Rollover (360°),Rollover Flips
56586.3,2026-10-03T11:24:05Z,0.0211,-0.0032,-0.0174,0.2700,0.0275,0.1123,-0.1478,-1.0027,1.0197,0.0911,-0.1446,-0.9853,0.0487,0.0067,0.0136,0.0510,0,0,Lateral Rollover (360°),Rollover Flips
56606.0,2026-10-03T11:24:05Z,0.0160,0.0033,-0.0026,0.1627,0.0166,0.1066,-0.1428,-0.9877,1.0037,0.0906,-0.1461,-0.9851,0.0887,-0.0403,0.0341,0.1032,0,0,Lateral Rollover (360°),Rollover Flips
56626.2,2026-10-03T11:24:05Z,0.0025,0.0024,0.0215,0.2134,0.0218,0.0924,-0.1453,-0.9635,0.9787,0.0899,-0.1477,-0.9849,0.0604,-0.0079,0.0522,0.0803,0,0,Lateral Rollover (360°),Rollover Flips
56646.3,2026-10-03T11:24:05Z,-0.0077,-0.0009,0.0330,0.3327,0.0339,0.0822,-0.1494,-0.9518,0.9669,0.0899,-0.1485,-0.9848,0.0072,0.0157,0.0420,0.0454,0,0,Lateral Rollover (360°),Rollover Flips
56666.4,2026-10-03T11:24:05Z,-0.0117,-0.0019,0.0262,0.2820,0.0288,0.0783,-0.1503,-0.9586,0.9735,0.0900,-0.1484,-0.9848,-0.0221,0.0001,0.0249,0.0333,0,0,Lateral Rollover (360°),Rollover Flips
56687.1,2026-10-03T11:24:05Z,-0.0113,0.0014,0.0193,0.2196,0.0224,0.0784,-0.1463,-0.9657,0.9798,0.0897,-0.1477,-0.9850,-0.0479,-0.0188,0.0150,0.0535,0,0,Lateral Rollover (360°),Rollover Flips
56706.5,2026-10-03T11:24:05Z,-0.0040,-0.0059,0.0111,0.1289,0.0131,0.0851,-0.1525,-0.9741,0.9896,0.0892,-0.1467,-0.9852,-0.0564,-0.0244,0.0098,0.0622,0,0,Lateral Rollover (360°),Rollover Flips
56726.8,2026-10-03T11:24:05Z,-0.0081,0.0011,-0.0133,0.1534,0.0156,0.0803,-0.1444,-0.9987,1.0123,0.0885,-0.1456,-0.9854,-0.0395,-0.0311,0.0013,0.0503,0,0,Lateral Rollover (360°),Rollover Flips
56746.8,2026-10-03T11:24:05Z,-0.0052,0.0059,-0.0269,0.2745,0.0280,0.0828,-0.1393,-1.0123,1.0252,0.0880,-0.1452,-0.9855,0.0028,-0.0150,0.0148,0.0212,0,0,Lateral Rollover (360°),Rollover Flips
56766.9,2026-10-03T11:24:05Z,-0.0065,-0.0030,-0.0160,0.1715,0.0175,0.0813,-0.1486,-1.0014,1.0156,0.0877,-0.1455,-0.9855,0.0109,-0.0121,0.0228,0.0280,0,0,Lateral Rollover (360°),Rollover Flips
56786.8,2026-10-03T11:24:05Z,-0.0147,-0.0114,-0.0162,0.2422,0.0247,0.0727,-0.1570,-1.0017,1.0165,0.0875,-0.1456,-0.9855,-0.0021,-0.0033,0.0071,0.0081,0,0,Lateral Rollover (360°),Rollover Flips
56807.6,2026-10-03T11:24:05Z,-0.0134,-0.0069,-0.0208,0.2521,0.0257,0.0744,-0.1524,-1.0063,1.0205,0.0878,-0.1455,-0.9855,-0.0042,0.0385,0.0001,0.0387,0,0,Lateral Rollover (360°),Rollover Flips
56827.1,2026-10-03T11:24:05Z,-0.0068,-0.0069,-0.0069,0.1163,0.0119,0.0820,-0.1523,-0.9923,1.0073,0.0888,-0.1455,-0.9854,-0.0004,0.0595,-0.0008,0.0595,0,0,Lateral Rollover (360°),Rollover Flips
56847.3,2026-10-03T11:24:05Z,-0.0022,-0.0097,0.0106,0.1426,0.0145,0.0876,-0.1552,-0.9747,0.9908,0.0897,-0.1455,-0.9853,0.0040,0.0271,-0.0028,0.0276,0,0,Lateral Rollover (360°),Rollover Flips
56867.3,2026-10-03T11:24:05Z,0.0014,-0.0094,0.0135,0.1620,0.0165,0.0912,-0.1550,-0.9718,0.9883,0.0898,-0.1456,-0.9853,0.0025,-0.0180,-0.0104,0.0210,0,0,Lateral Rollover (360°),Rollover Flips
56887.3,2026-10-03T11:24:05Z,-0.0010,-0.0024,-0.0039,0.0461,0.0047,0.0884,-0.1482,-0.9892,1.0041,0.0894,-0.1458,-0.9853,0.0171,-0.0190,-0.0106,0.0276,0,0,Lateral Rollover (360°),Rollover Flips
56909.4,2026-10-03T11:24:05Z,0.0005,-0.0007,-0.0061,0.0601,0.0061,0.0896,-0.1469,-0.9913,1.0061,0.0891,-0.1462,-0.9852,0.0221,-0.0143,-0.0139,0.0298,0,0,Lateral Rollover (360°),Rollover Flips
56927.7,2026-10-03T11:24:05Z,-0.0025,-0.0013,-0.0019,0.0331,0.0034,0.0864,-0.1478,-0.9871,1.0018,0.0889,-0.1465,-0.9852,0.0081,-0.0085,-0.0177,0.0212,0,0,Lateral Rollover (360°),Rollover Flips
56947.8,2026-10-03T11:24:05Z,0.0003,-0.0003,-0.0037,0.0364,0.0037,0.0894,-0.1466,-0.9889,1.0037,0.0891,-0.1463,-0.9852,-0.0242,0.0205,-0.0154,0.0353,0,0,Lateral Rollover (360°),Rollover Flips
56967.9,2026-10-03T11:24:05Z,0.0017,0.0065,-0.0167,0.1763,0.0180,0.0915,-0.1393,-1.0019,1.0157,0.0898,-0.1458,-0.9852,-0.0147,0.0423,-0.0046,0.0450,0,0,Lateral Rollover (360°),Rollover Flips
56988.0,2026-10-03T11:24:05Z,0.0050,0.0089,-0.0086,0.1306,0.0133,0.0955,-0.1369,-0.9937,1.0076,0.0905,-0.1458,-0.9852,0.0177,0.0265,0.0097,0.0333,0,0,Lateral Rollover (360°),Rollover Flips
57008.2,2026-10-03T11:24:05Z,0.0015,0.0004,0.0102,0.1013,0.0103,0.0921,-0.1460,-0.9749,0.9900,0.0907,-0.1463,-0.9851,0.0250,-0.0105,0.0089,0.0285,0,0,Lateral Rollover (360°),Rollover Flips
57028.1,2026-10-03T11:24:05Z,0.0006,-0.0048,0.0209,0.2105,0.0215,0.0909,-0.1514,-0.9642,0.9802,0.0903,-0.1465,-0.9851,-0.0080,-0.0153,-0.0008,0.0173,0,0,Lateral Rollover (360°),Rollover Flips
57048.4,2026-10-03T11:24:06Z,0.0035,-0.0003,0.0064,0.0714,0.0073,0.0936,-0.1464,-0.9788,0.9941,0.0901,-0.1461,-0.9852,-0.0348,0.0015,0.0058,0.0353,0,0,Lateral Rollover (360°),Rollover Flips
57070.0,2026-10-03T11:24:06Z,-0.0019,-0.0017,-0.0064,0.0672,0.0068,0.0882,-0.1472,-0.9916,1.0063,0.0901,-0.1455,-0.9853,-0.0256,-0.0053,0.0143,0.0298,0,0,Lateral Rollover (360°),Rollover Flips
57088.5,2026-10-03T11:24:06Z,-0.0088,-0.0059,-0.0090,0.1361,0.0139,0.0810,-0.1511,-0.9943,1.0089,0.0898,-0.1452,-0.9853,-0.0077,-0.0171,0.0040,0.0192,0,0,Lateral Rollover (360°),Rollover Flips
57108.6,2026-10-03T11:24:06Z,-0.0091,-0.0060,-0.0133,0.1691,0.0172,0.0804,-0.1511,-0.9987,1.0132,0.0896,-0.1451,-0.9854,-0.0010,-0.0085,-0.0084,0.0119,0,0,Lateral Rollover (360°),Rollover Flips
57128.7,2026-10-03T11:24:06Z,-0.0043,-0.0025,-0.0151,0.1558,0.0159,0.0854,-0.1476,-1.0004,1.0149,0.0897,-0.1451,-0.9853,0.0075,0.0135,-0.0040,0.0160,0,0,Lateral Rollover (360°),Rollover Flips
57148.9,2026-10-03T11:24:06Z,-0.0053,-0.0073,-0.0018,0.0898,0.0092,0.0847,-0.1525,-0.9871,1.0024,0.0899,-0.1452,-0.9853,-0.0001,0.0086,-0.0014,0.0087,0,0,Lateral Rollover (360°),Rollover Flips
57169.5,2026-10-03T11:24:06Z,-0.0117,-0.0068,-0.0040,0.1385,0.0141,0.0783,-0.1520,-0.9893,1.0040,0.0900,-0.1452,-0.9853,-0.0038,0.0023,-0.0196,0.0201,0,0,Lateral Rollover (360°),Rollover Flips
57189.0,2026-10-03T11:24:06Z,-0.0031,0.0012,-0.0070,0.0762,0.0078,0.0872,-0.1439,-0.9923,1.0065,0.0903,-0.1450,-0.9853,-0.0036,0.0313,-0.0217,0.0383,0,0,Lateral Rollover (360°),Rollover Flips
57209.2,2026-10-03T11:24:06Z,0.0090,0.0057,-0.0026,0.1071,0.0109,0.1002,-0.1393,-0.9879,1.0026,0.0912,-0.1450,-0.9852,-0.0015,0.0436,0.0010,0.0436,0,0,Lateral Rollover (360°),Rollover Flips
57229.3,2026-10-03T11:24:06Z,0.0014,-0.0016,0.0037,0.0418,0.0043,0.0930,-0.1467,-0.9815,0.9967,0.0916,-0.1451,-0.9852,0.0141,-0.0076,-0.0001,0.0160,0,0,Lateral Rollover (360°),Rollover Flips
57249.4,2026-10-03T11:24:06Z,0.0002,0.0024,0.0046,0.0507,0.0052,0.0913,-0.1430,-0.9806,0.9952,0.0911,-0.1455,-0.9852,0.0235,-0.0431,-0.0081,0.0498,0,0,Lateral Rollover (360°),Rollover Flips
57269.9,2026-10-03T11:24:06Z,-0.0017,0.0027,0.0066,0.0724,0.0074,0.0886,-0.1430,-0.9785,0.9929,0.0904,-0.1457,-0.9852,-0.0013,-0.0178,-0.0074,0.0194,0,0,Lateral Rollover (360°),Rollover Flips
57289.6,2026-10-03T11:24:06Z,-0.0021,0.0017,0.0069,0.0723,0.0074,0.0884,-0.1435,-0.9784,0.9928,0.0905,-0.1452,-0.9853,-0.0443,0.0229,-0.0040,0.0500,0,0,Lateral Rollover (360°),Rollover Flips
57309.7,2026-10-03T11:24:06Z,-0.0018,0.0003,-0.0074,0.0747,0.0076,0.0892,-0.1440,-0.9927,1.0071,0.0910,-0.1443,-0.9853,-0.0371,0.0248,-0.0053,0.0449,0,0,Lateral Rollover (360°),Rollover Flips
57329.8,2026-10-03T11:24:06Z,0.0052,0.0019,-0.0094,0.1072,0.0109,0.0964,-0.1421,-0.9948,1.0095,0.0912,-0.1440,-0.9854,0.0034,-0.0087,-0.0003,0.0093,0,0,Lateral Rollover (360°),Rollover Flips
57349.9,2026-10-03T11:24:06Z,0.0078,-0.0011,-0.0073,0.1053,0.0107,0.0986,-0.1455,-0.9927,1.0081,0.0908,-0.1443,-0.9854,0.0312,-0.0343,0.0122,0.0480,0,0,Lateral Rollover (360°),Rollover Flips
57371.1,2026-10-03T11:24:06Z,0.0002,-0.0077,-0.0000,0.0751,0.0077,0.0903,-0.1526,-0.9853,1.0012,0.0900,-0.1450,-0.9853,0.0247,-0.0357,0.0086,0.0443,0,0,Lateral Rollover (360°),Rollover Flips
57390.2,2026-10-03T11:24:06Z,-0.0036,-0.0061,-0.0031,0.0758,0.0077,0.0859,-0.1514,-0.9884,1.0036,0.0894,-0.1452,-0.9853,0.0006,-0.0163,0.0029,0.0165,0,0,Lateral Rollover (360°),Rollover Flips
57410.2,2026-10-03T11:24:06Z,-0.0044,-0.0035,-0.0100,0.1121,0.0114,0.0850,-0.1486,-0.9953,1.0100,0.0894,-0.1451,-0.9854,-0.0087,0.0074,-0.0019,0.0116,0,0,Lateral Rollover (360°),Rollover Flips
57430.3,2026-10-03T11:24:06Z,-0.0039,-0.0009,-0.0105,0.1101,0.0112,0.0858,-0.1458,-0.9958,1.0101,0.0897,-0.1450,-0.9854,-0.0038,0.0222,-0.0030,0.0227,0,0,Lateral Rollover (360°),Rollover Flips
57450.3,2026-10-03T11:24:06Z,0.0013,0.0010,-0.0049,0.0507,0.0052,0.0914,-0.1439,-0.9902,1.0048,0.0901,-0.1449,-0.9853,-0.0006,0.0194,0.0035,0.0197,0,0,Lateral Rollover (360°),Rollover Flips
57470.4,2026-10-03T11:24:06Z,-0.0020,0.0015,-0.0017,0.0295,0.0030,0.0884,-0.1435,-0.9870,1.0012,0.0904,-0.1450,-0.9853,0.0049,0.0112,0.0038,0.0128,0,0,Lateral Rollover (360°),Rollover Flips
57490.8,2026-10-03T11:24:06Z,0.0020,0.0011,0.0083,0.0847,0.0086,0.0925,-0.1440,-0.9769,0.9918,0.0905,-0.1451,-0.9853,0.0052,-0.0054,0.0050,0.0090,0,0,Lateral Rollover (360°),Rollover Flips
57510.7,2026-10-03T11:24:06Z,0.0023,0.0025,0.0076,0.0819,0.0084,0.0925,-0.1425,-0.9777,0.9924,0.0902,-0.1451,-0.9853,-0.0035,-0.0250,0.0068,0.0261,0,0,Lateral Rollover (360°),Rollover Flips
57531.0,2026-10-03T11:24:06Z,-0.0095,-0.0009,-0.0067,0.1146,0.0117,0.0800,-0.1460,-0.9921,1.0059,0.0896,-0.1451,-0.9854,0.0048,-0.0308,-0.0012,0.0312,0,0,Lateral Rollover (360°),Rollover Flips
57551.0,2026-10-03T11:24:06Z,-0.0073,-0.0009,-0.0091,0.1152,0.0117,0.0819,-0.1461,-0.9945,1.0085,0.0892,-0.1451,-0.9854,0.0002,-0.0003,0.0025,0.0025,0,0,Lateral Rollover (360°),Rollover Flips
57571.1,2026-10-03T11:24:06Z,-0.0068,-0.0043,-0.0048,0.0914,0.0093,0.0827,-0.1493,-0.9901,1.0047,0.0895,-0.1450,-0.9854,-0.0129,0.0211,0.0018,0.0248,0,0,Lateral Rollover (360°),Rollover Flips
57591.4,2026-10-03T11:24:06Z,-0.0083,-0.0062,-0.0015,0.1029,0.0105,0.0815,-0.1510,-0.9869,1.0017,0.0898,-0.1448,-0.9854,-0.0107,0.0073,-0.0043,0.0137,0,0,Lateral Rollover (360°),Rollover Flips
57611.3,2026-10-03T11:24:06Z,-0.0043,-0.0052,-0.0026,0.0707,0.0072,0.0854,-0.1497,-0.9880,1.0029,0.0898,-0.1446,-0.9854,-0.0033,-0.0107,-0.0099,0.0149,0,0,Lateral Rollover (360°),Rollover Flips
57631.3,2026-10-03T11:24:06Z,-0.0127,0.0010,0.0586,0.5882,0.0600,0.0762,-0.1433,-0.9269,0.9410,0.0889,-0.1443,-0.9855,-0.0305,-0.0622,-0.0183,0.0717,0,0,Lateral Rollover (360°),Rollover Flips
57651.5,2026-10-03T11:24:06Z,0.0011,0.0187,0.0085,0.2018,0.0206,0.0890,-0.1252,-0.9771,0.9891,0.0879,-0.1439,-0.9857,-0.0218,-0.0672,-0.0087,0.0711,0,0,Lateral Rollover (360°),Rollover Flips
57671.6,2026-10-03T11:24:06Z,-0.0031,0.0028,-0.0054,0.0672,0.0068,0.0840,-0.1408,-0.9912,1.0047,0.0871,-0.1436,-0.9858,-0.0181,-0.0274,-0.0069,0.0336,0,0,Lateral Rollover (360°),Rollover Flips
57691.7,2026-10-03T11:24:06Z,-0.0002,-0.0115,-0.0241,0.2622,0.0267,0.0867,-0.1546,-1.0100,1.0255,0.0869,-0.1432,-0.9859,-0.0238,0.0094,-0.0230,0.0344,0,0,Lateral Rollover (360°),Rollover Flips
57711.8,2026-10-03T11:24:06Z,0.0055,-0.0073,-0.0323,0.3293,0.0336,0.0930,-0.1498,-1.0182,1.0334,0.0875,-0.1425,-0.9859,-0.0325,0.0491,-0.0167,0.0612,0,0,Lateral Rollover (360°),Rollover Flips
57731.9,2026-10-03T11:24:06Z,0.0073,-0.0101,-0.0297,0.3160,0.0322,0.0959,-0.1522,-1.0156,1.0314,0.0886,-0.1421,-0.9859,-0.0068,0.0524,-0.0020,0.0529,0,0,Lateral Rollover (360°),Rollover Flips
57752.0,2026-10-03T11:24:06Z,0.0014,-0.0032,-0.0235,0.2327,0.0237,0.0909,-0.1456,-1.0092,1.0237,0.0895,-0.1424,-0.9858,0.0363,0.0312,-0.0001,0.0478,0,0,Lateral Rollover (360°),Rollover Flips
57772.1,2026-10-03T11:24:06Z,0.0021,-0.0014,-0.0041,0.0474,0.0048,0.0918,-0.1449,-0.9897,1.0045,0.0897,-0.1435,-0.9856,0.0678,-0.0003,0.0005,0.0678,0,0,Lateral Rollover (360°),Rollover Flips
57792.2,2026-10-03T11:24:06Z,0.0034,0.0020,0.0217,0.2159,0.0220,0.0930,-0.1427,-0.9637,0.9787,0.0896,-0.1447,-0.9854,0.0467,-0.0041,0.0068,0.0474,0,0,Lateral Rollover (360°),Rollover Flips
57812.2,2026-10-03T11:24:06Z,0.0020,0.0025,0.0298,0.2938,0.0300,0.0916,-0.1426,-0.9556,0.9705,0.0896,-0.1452,-0.9853,-0.0031,0.0088,0.0064,0.0113,0,0,Lateral Rollover (360°),Rollover Flips
57832.3,2026-10-03T11:24:06Z,0.0048,0.0057,0.0167,0.1793,0.0183,0.0946,-0.1391,-0.9687,0.9832,0.0898,-0.1448,-0.9854,-0.0265,0.0045,0.0035,0.0271,0,0,Lateral Rollover (360°),Rollover Flips
57853.1,2026-10-03T11:24:06Z,0.0063,0.0104,-0.0012,0.1201,0.0122,0.0960,-0.1339,-0.9867,1.0004,0.0897,-0.1444,-0.9855,-0.0124,-0.0062,0.0072,0.0156,0,0,Lateral Rollover (360°),Rollover Flips
57872.6,2026-10-03T11:24:06Z,0.0012,0.0047,-0.0138,0.1435,0.0146,0.0907,-0.1394,-0.9993,1.0130,0.0895,-0.1442,-0.9855,-0.0089,-0.0207,0.0110,0.0251,0,0,Lateral Rollover (360°),Rollover Flips
57892.6,2026-10-03T11:24:06Z,-0.0062,0.0032,-0.0295,0.2978,0.0304,0.0829,-0.1411,-1.0150,1.0282,0.0891,-0.1443,-0.9855,0.0233,-0.0108,0.0130,0.0288,0,0,Lateral Rollover (360°),Rollover Flips
57912.9,2026-10-03T11:24:06Z,-0.0070,-0.0010,-0.0215,0.2219,0.0226,0.0820,-0.1460,-1.0069,1.0207,0.0890,-0.1450,-0.9854,0.0373,-0.0003,0.0230,0.0438,0,0,Lateral Rollover (360°),Rollover Flips
57932.9,2026-10-03T11:24:06Z,-0.0147,-0.0039,-0.0100,0.1784,0.0182,0.0743,-0.1497,-0.9953,1.0092,0.0890,-0.1458,-0.9853,0.0444,0.0023,0.0157,0.0472,0,0,Lateral Rollover (360°),Rollover Flips
57953.2,2026-10-03T11:24:06Z,-0.0150,-0.0047,0.0053,0.1630,0.0166,0.0740,-0.1514,-0.9799,0.9943,0.0891,-0.1467,-0.9852,0.0360,0.0091,0.0081,0.0380,0,0,Lateral Rollover (360°),Rollover Flips
57973.1,2026-10-03T11:24:06Z,-0.0113,-0.0080,0.0126,0.1836,0.0187,0.0780,-0.1553,-0.9724,0.9878,0.0893,-0.1473,-0.9851,0.0223,0.0126,-0.0075,0.0267,0,0,Lateral Rollover (360°),Rollover Flips
57993.2,2026-10-03T11:24:06Z,-0.0054,-0.0086,0.0165,0.1898,0.0194,0.0842,-0.1561,-0.9685,0.9846,0.0895,-0.1475,-0.9850,0.0037,0.0066,-0.0101,0.0127,0,0,Lateral Rollover (360°),Rollover Flips
58013.3,2026-10-03T11:24:06Z,-0.0029,-0.0115,0.0088,0.1447,0.0148,0.0866,-0.1590,-0.9762,0.9929,0.0895,-0.1475,-0.9850,-0.0026,-0.0100,-0.0241,0.0262,0,0,Lateral Rollover (360°),Rollover Flips
58033.4,2026-10-03T11:24:06Z,0.0021,-0.0063,-0.0028,0.0706,0.0072,0.0914,-0.1536,-0.9878,1.0039,0.0893,-0.1473,-0.9850,-0.0081,-0.0150,-0.0271,0.0320,0,0,Lateral Rollover (360°),Rollover Flips
58053.4,2026-10-03T11:24:07Z,-0.0003,-0.0030,-0.0141,0.1414,0.0144,0.0889,-0.1502,-0.9992,1.0143,0.0892,-0.1472,-0.9851,-0.0024,-0.0020,-0.0232,0.0234,0,0,Lateral Rollover (360°),Rollover Flips
58073.6,2026-10-03T11:24:07Z,-0.0018,-0.0028,-0.0087,0.0917,0.0094,0.0876,-0.1499,-0.9938,1.0089,0.0893,-0.1471,-0.9851,-0.0055,-0.0109,-0.0266,0.0293,0,0,Lateral Rollover (360°),Rollover Flips
58093.7,2026-10-03T11:24:07Z,0.0231,0.0086,0.0081,0.2541,0.0259,0.1115,-0.1380,-0.9771,0.9931,0.0885,-0.1465,-0.9852,-0.0167,-0.0299,0.0094,0.0355,0,0,Lateral Rollover (360°),Rollover Flips
58113.9,2026-10-03T11:24:07Z,0.0329,0.0439,0.0463,0.7037,0.0718,0.1194,-0.1025,-0.9391,0.9522,0.0865,-0.1463,-0.9854,0.0030,-0.1278,0.0645,0.1432,0,0,Lateral Rollover (360°),Rollover Flips
58134.7,2026-10-03T11:24:07Z,0.0166,0.0329,0.0355,0.5020,0.0512,0.0992,-0.1140,-0.9501,0.9621,0.0826,-0.1469,-0.9857,0.0480,-0.2450,0.0614,0.2571,0,0,Lateral Rollover (360°),Rollover Flips
58154.1,2026-10-03T11:24:07Z,-0.0245,-0.0216,-0.0236,0.3951,0.0403,0.0533,-0.1694,-1.0095,1.0250,0.0779,-0.1478,-0.9859,-0.0041,-0.1778,-0.0130,0.1783,0,0,Lateral Rollover (360°),Rollover Flips
58174.2,2026-10-03T11:24:07Z,-0.0207,-0.0144,-0.0712,0.7409,0.0756,0.0574,-0.1604,-1.0574,1.0710,0.0781,-0.1461,-0.9862,-0.1448,0.1874,0.0243,0.2381,0,0,Lateral Rollover (360°),Rollover Flips
58194.3,2026-10-03T11:24:07Z,-0.0094,-0.0456,-0.0694,0.8196,0.0836,0.0734,-0.1888,-1.0556,1.0749,0.0828,-0.1431,-0.9862,-0.1306,0.2381,-0.0013,0.2716,0,0,Lateral Rollover (360°),Rollover Flips
58214.4,2026-10-03T11:24:07Z,-0.0026,-0.0352,-0.0624,0.7032,0.0717,0.0837,-0.1771,-1.0485,1.0667,0.0862,-0.1419,-0.9861,0.0219,0.0923,-0.0126,0.0957,0,0,Lateral Rollover (360°),Rollover Flips
58234.5,2026-10-03T11:24:07Z,0.0076,-0.0221,-0.0185,0.2923,0.0298,0.0944,-0.1658,-1.0043,1.0223,0.0867,-0.1437,-0.9858,0.1412,-0.0312,-0.0172,0.1456,0,0,Lateral Rollover (360°),Rollover Flips
58254.6,2026-10-03T11:24:07Z,0.0048,-0.0105,0.0232,0.2542,0.0259,0.0907,-0.1571,-0.9623,0.9792,0.0859,-0.1465,-0.9855,0.1313,-0.0348,-0.0051,0.1360,0,0,Lateral Rollover (360°),Rollover Flips
58274.7,2026-10-03T11:24:07Z,-0.0058,-0.0070,0.0471,0.4701,0.0479,0.0801,-0.1552,-0.9381,0.9543,0.0859,-0.1482,-0.9852,0.0342,0.0358,-0.0263,0.0561,0,0,Lateral Rollover (360°),Rollover Flips
58294.8,2026-10-03T11:24:07Z,0.0024,0.0021,0.0373,0.3675,0.0375,0.0897,-0.1457,-0.9478,0.9631,0.0873,-0.1478,-0.9852,-0.0615,0.0849,-0.0467,0.1147,0,0,Lateral Rollover (360°),Rollover Flips
58315.0,2026-10-03T11:24:07Z,0.0146,0.0193,0.0048,0.2420,0.0247,0.1038,-0.1270,-0.9804,0.9940,0.0891,-0.1463,-0.9852,-0.0726,0.0784,-0.0312,0.1112,0,0,Lateral Rollover (360°),Rollover Flips
58334.9,2026-10-03T11:24:07Z,0.0183,0.0285,-0.0152,0.3645,0.0372,0.1085,-0.1168,-1.0005,1.0131,0.0902,-0.1453,-0.9853,-0.0174,0.0154,0.0063,0.0240,0,0,Lateral Rollover (360°),Rollover Flips
58355.0,2026-10-03T11:24:07Z,0.0066,0.0268,-0.0213,0.3414,0.0348,0.0963,-0.1189,-1.0065,1.0181,0.0898,-0.1457,-0.9852,0.0517,-0.0443,0.0293,0.0741,0,0,Lateral Rollover (360°),Rollover Flips
58375.2,2026-10-03T11:24:07Z,-0.0019,0.0225,-0.0024,0.2225,0.0227,0.0868,-0.1246,-0.9875,0.9991,0.0887,-0.1471,-0.9851,0.0736,-0.0506,0.0433,0.0993,0,0,Lateral Rollover (360°),Rollover Flips
58395.3,2026-10-03T11:24:07Z,-0.0090,0.0101,0.0195,0.2331,0.0238,0.0787,-0.1381,-0.9655,0.9785,0.0877,-0.1482,-0.9851,0.0241,-0.0330,0.0389,0.0565,0,0,Lateral Rollover (360°),Rollover Flips
58415.4,2026-10-03T11:24:07Z,-0.0149,0.0035,0.0143,0.2052,0.0209,0.0723,-0.1447,-0.9708,0.9842,0.0872,-0.1482,-0.9851,-0.0317,-0.0091,0.0270,0.0426,0,0,Lateral Rollover (360°),Rollover Flips
58436.1,2026-10-03T11:24:07Z,-0.0148,-0.0001,-0.0055,0.1551,0.0158,0.0724,-0.1475,-0.9908,1.0043,0.0872,-0.1475,-0.9852,-0.0368,0.0114,0.0232,0.0450,0,0,Lateral Rollover (360°),Rollover Flips
58455.6,2026-10-03T11:24:07Z,-0.0085,-0.0038,-0.0118,0.1474,0.0150,0.0788,-0.1509,-0.9971,1.0115,0.0873,-0.1470,-0.9853,-0.0081,-0.0037,0.0286,0.0299,0,0,Lateral Rollover (360°),Rollover Flips
58475.7,2026-10-03T11:24:07Z,-0.0150,-0.0156,-0.0080,0.2265,0.0231,0.0718,-0.1627,-0.9933,1.0091,0.0868,-0.1472,-0.9853,0.0145,-0.0322,0.0165,0.0390,0,0,Lateral Rollover (360°),Rollover Flips
58495.8,2026-10-03T11:24:07Z,-0.0200,-0.0211,-0.0046,0.2890,0.0295,0.0661,-0.1685,-0.9900,1.0064,0.0862,-0.1474,-0.9853,0.0037,-0.0272,-0.0105,0.0294,0,0,Lateral Rollover (360°),Rollover Flips
58515.9,2026-10-03T11:24:07Z,-0.0109,-0.0202,-0.0048,0.2297,0.0234,0.0751,-0.1674,-0.9902,1.0070,0.0860,-0.1472,-0.9854,-0.0227,0.0072,-0.0328,0.0405,0,0,Lateral Rollover (360°),Rollover Flips
58537.2,2026-10-03T11:24:07Z,0.0007,-0.0163,-0.0089,0.1823,0.0186,0.0872,-0.1628,-0.9943,1.0113,0.0865,-0.1465,-0.9854,-0.0329,0.0276,-0.0366,0.0564,0,0,Lateral Rollover (360°),Rollover Flips
58556.2,2026-10-03T11:24:07Z,0.0020,-0.0123,-0.0214,0.2428,0.0248,0.0889,-0.1584,-1.0068,1.0231,0.0870,-0.1460,-0.9855,-0.0035,0.0042,-0.0433,0.0436,0,0,Lateral Rollover (360°),Rollover Flips
58576.3,2026-10-03T11:24:07Z,0.0069,-0.0027,-0.0249,0.2543,0.0259,0.0940,-0.1490,-1.0103,1.0255,0.0871,-0.1463,-0.9854,0.0336,0.0123,-0.0361,0.0508,0,0,Lateral Rollover (360°),Rollover Flips
58596.4,2026-10-03T11:24:07Z,0.0110,-0.0020,-0.0095,0.1440,0.0147,0.0985,-0.1491,-0.9947,1.0106,0.0875,-0.1470,-0.9853,0.0370,0.0217,-0.0206,0.0476,0,0,Lateral Rollover (360°),Rollover Flips
58616.4,2026-10-03T11:24:07Z,0.0096,0.0066,0.0023,0.1168,0.0119,0.0977,-0.1410,-0.9828,0.9976,0.0881,-0.1476,-0.9851,0.0207,0.0382,-0.0035,0.0436,0,0,Lateral Rollover (360°),Rollover Flips
58636.3,2026-10-03T11:24:07Z,0.0061,0.0070,0.0062,0.1092,0.0111,0.0949,-0.1409,-0.9789,0.9935,0.0888,-0.1479,-0.9850,0.0117,0.0399,-0.0014,0.0416,0,0,Lateral Rollover (360°),Rollover Flips
58657.0,2026-10-03T11:24:07Z,0.0086,0.0110,0.0121,0.1816,0.0185,0.0982,-0.1370,-0.9728,0.9873,0.0896,-0.1481,-0.9849,0.0058,0.0272,0.0075,0.0288,0,0,Lateral Rollover (360°),Rollover Flips
58676.7,2026-10-03T11:24:07Z,0.0058,0.0103,0.0167,0.2004,0.0204,0.0956,-0.1378,-0.9682,0.9826,0.0898,-0.1481,-0.9849,-0.0029,0.0015,0.0143,0.0147,0,0,Lateral Rollover (360°),Rollover Flips
58696.8,2026-10-03T11:24:07Z,0.0027,0.0095,0.0087,0.1288,0.0131,0.0923,-0.1386,-0.9763,0.9904,0.0896,-0.1481,-0.9849,-0.0025,-0.0176,0.0222,0.0285,0,0,Lateral Rollover (360°),Rollover Flips
58716.9,2026-10-03T11:24:07Z,0.0006,0.0068,0.0021,0.0698,0.0071,0.0898,-0.1414,-0.9829,0.9970,0.0892,-0.1481,-0.9849,0.0060,-0.0119,0.0330,0.0356,0,0,Lateral Rollover (360°),Rollover Flips
58737.0,2026-10-03T11:24:07Z,-0.0001,0.0016,0.0045,0.0466,0.0047,0.0888,-0.1465,-0.9805,0.9954,0.0889,-0.1482,-0.9850,-0.0091,-0.0033,0.0362,0.0375,0,0,Lateral Rollover (360°),Rollover Flips
58757.2,2026-10-03T11:24:07Z,-0.0075,-0.0065,0.0022,0.0998,0.0102,0.0813,-0.1544,-0.9828,0.9982,0.0888,-0.1479,-0.9850,-0.0245,0.0067,0.0278,0.0377,0,0,Lateral Rollover (360°),Rollover Flips
58777.2,2026-10-03T11:24:07Z,-0.0075,-0.0072,-0.0022,0.1047,0.0107,0.0815,-0.1546,-0.9873,1.0026,0.0890,-0.1473,-0.9851,-0.0380,0.0172,0.0186,0.0456,0,0,Lateral Rollover (360°),Rollover Flips
58797.6,2026-10-03T11:24:07Z,-0.0081,-0.0078,-0.0096,0.1451,0.0148,0.0813,-0.1544,-0.9948,1.0100,0.0893,-0.1465,-0.9852,-0.0385,0.0182,0.0054,0.0429,0,0,Lateral Rollover (360°),Rollover Flips
58817.5,2026-10-03T11:24:07Z,-0.0083,-0.0095,-0.0170,0.2079,0.0212,0.0812,-0.1555,-1.0023,1.0175,0.0895,-0.1460,-0.9852,-0.0142,-0.0146,-0.0096,0.0225,0,0,Lateral Rollover (360°),Rollover Flips
58837.5,2026-10-03T11:24:07Z,-0.0050,-0.0053,-0.0213,0.2212,0.0226,0.0844,-0.1516,-1.0065,1.0214,0.0894,-0.1463,-0.9852,0.0353,-0.0119,-0.0158,0.0405,0,0,Lateral Rollover (360°),Rollover Flips
58857.7,2026-10-03T11:24:07Z,0.0019,-0.0075,-0.0111,0.1323,0.0135,0.0909,-0.1545,-0.9962,1.0122,0.0890,-0.1470,-0.9851,0.0408,-0.0251,-0.0119,0.0493,0,0,Lateral Rollover (360°),Rollover Flips
58877.9,2026-10-03T11:24:07Z,0.0027,-0.0079,0.0010,0.0822,0.0084,0.0916,-0.1556,-0.9840,1.0005,0.0889,-0.1477,-0.9850,0.0239,-0.0020,-0.0038,0.0243,0,0,Lateral Rollover (360°),Rollover Flips
58898.0,2026-10-03T11:24:07Z,-0.0066,-0.0013,-0.0040,0.0764,0.0078,0.0825,-0.1493,-0.9890,1.0036,0.0890,-0.1480,-0.9850,0.0121,0.0259,-0.0169,0.0332,0,0,Lateral Rollover (360°),Rollover Flips
58918.0,2026-10-03T11:24:07Z,0.0007,-0.0029,0.0048,0.0555,0.0057,0.0904,-0.1510,-0.9801,0.9958,0.0897,-0.1480,-0.9849,-0.0126,0.0312,-0.0128,0.0360,0,0,Lateral Rollover (360°),Rollover Flips
58938.1,2026-10-03T11:24:07Z,-0.0021,0.0021,-0.0044,0.0524,0.0053,0.0884,-0.1457,-0.9893,1.0038,0.0905,-0.1478,-0.9849,-0.0013,0.0336,-0.0140,0.0364,0,0,Lateral Rollover (360°),Rollover Flips
58958.2,2026-10-03T11:24:07Z,-0.0041,0.0060,-0.0049,0.0858,0.0087,0.0868,-0.1419,-0.9897,1.0036,0.0908,-0.1479,-0.9848,0.0154,0.0022,-0.0142,0.0211,0,0,Lateral Rollover (360°),Rollover Flips
58978.6,2026-10-03T11:24:07Z,-0.0013,-0.0010,0.0033,0.0358,0.0036,0.0894,-0.1494,-0.9815,0.9968,0.0907,-0.1484,-0.9848,0.0292,-0.0282,-0.0106,0.0419,0,0,Lateral Rollover (360°),Rollover Flips
58998.4,2026-10-03T11:24:07Z,0.0006,0.0020,0.0038,0.0423,0.0043,0.0909,-0.1470,-0.9809,0.9961,0.0902,-0.1490,-0.9847,0.0340,-0.0306,-0.0137,0.0478,0,0,Lateral Rollover (360°),Rollover Flips
59019.8,2026-10-03T11:24:07Z,0.0045,0.0046,0.0009,0.0636,0.0065,0.0944,-0.1451,-0.9838,0.9989,0.0899,-0.1496,-0.9847,0.0227,-0.0039,-0.0035,0.0233,0,0,Lateral Rollover (360°),Rollover Flips
59038.6,2026-10-03T11:24:07Z,-0.0008,0.0014,-0.0031,0.0343,0.0035,0.0890,-0.1484,-0.9878,1.0028,0.0897,-0.1498,-0.9846,0.0049,0.0001,0.0092,0.0104,0,0,Lateral Rollover (360°),Rollover Flips
59058.7,2026-10-03T11:24:08Z,-0.0007,-0.0055,-0.0048,0.0719,0.0073,0.0889,-0.1554,-0.9894,1.0055,0.0896,-0.1499,-0.9846,0.0101,-0.0150,0.0051,0.0188,0,0,Lateral Rollover (360°),Rollover Flips
59078.8,2026-10-03T11:24:08Z,-0.0004,-0.0072,-0.0108,0.1272,0.0130,0.0888,-0.1575,-0.9954,1.0117,0.0891,-0.1504,-0.9846,0.0318,-0.0310,-0.0052,0.0447,0,0,Lateral Rollover (360°),Rollover Flips
59099.1,2026-10-03T11:24:08Z,0.0024,-0.0026,-0.0143,0.1441,0.0147,0.0909,-0.1538,-0.9988,1.0146,0.0885,-0.1512,-0.9845,0.0519,-0.0387,-0.0021,0.0648,0,0,Lateral Rollover (360°),Rollover Flips
59120.0,2026-10-03T11:24:08Z,-0.0008,-0.0032,-0.0082,0.0870,0.0089,0.0869,-0.1554,-0.9927,1.0085,0.0876,-0.1522,-0.9845,0.0514,-0.0493,0.0076,0.0716,0,0,Lateral Rollover (360°),Rollover Flips
59139.1,2026-10-03T11:24:08Z,-0.0054,-0.0030,-0.0075,0.0953,0.0097,0.0812,-0.1564,-0.9918,1.0074,0.0867,-0.1534,-0.9844,0.0609,-0.0462,0.0151,0.0779,0,0,Lateral Rollover (360°),Rollover Flips
59159.2,2026-10-03T11:24:08Z,-0.0228,-0.0053,0.0033,0.2320,0.0237,0.0628,-0.1599,-0.9809,0.9959,0.0856,-0.1545,-0.9843,0.0489,-0.0542,-0.0010,0.0730,0,0,Lateral Rollover (360°),Rollover Flips
59179.4,2026-10-03T11:24:08Z,-0.0279,-0.0045,0.0165,0.3214,0.0328,0.0560,-0.1595,-0.9678,0.9824,0.0839,-0.1551,-0.9843,0.0070,-0.1526,-0.0338,0.1564,0,0,Lateral Rollover (360°),Rollover Flips
59199.4,2026-10-03T11:24:08Z,-0.0257,-0.0094,-0.0013,0.2688,0.0274,0.0535,-0.1645,-0.9861,1.0011,0.0791,-0.1551,-0.9847,0.0172,-0.3454,-0.0597,0.3509,0,0,Lateral Rollover (360°),Rollover Flips
59219.4,2026-10-03T11:24:08Z,-0.0148,0.0101,0.0004,0.1758,0.0179,0.0568,-0.1454,-0.9848,0.9971,0.0716,-0.1556,-0.9852,0.0285,-0.4193,-0.0234,0.4209,0,0,Lateral Rollover (360°),Rollover Flips
59239.7,2026-10-03T11:24:08Z,-0.0198,0.0009,0.0008,0.1942,0.0198,0.0433,-0.1553,-0.9849,0.9980,0.0631,-0.1562,-0.9857,0.0412,-0.4320,0.0739,0.4402,0,0,Lateral Rollover (360°),Rollover Flips
59259.9,2026-10-03T11:24:08Z,-0.0514,-0.0294,-0.0024,0.5815,0.0593,0.0029,-0.1863,-0.9885,1.0059,0.0543,-0.1569,-0.9861,0.0019,-0.4199,0.0406,0.4219,0,0,Lateral Rollover (360°),Rollover Flips
59280.1,2026-10-03T11:24:08Z,-0.0641,-0.0353,-0.0228,0.7518,0.0767,-0.0170,-0.1909,-1.0095,1.0276,0.0471,-0.1556,-0.9867,-0.1428,-0.2887,-0.0858,0.3333,0,0,Lateral Rollover (360°),Rollover Flips
59300.0,2026-10-03T11:24:08Z,-0.0326,-0.0251,-0.0511,0.6436,0.0656,0.0113,-0.1762,-1.0387,1.0535,0.0439,-0.1511,-0.9875,-0.3039,-0.0758,-0.1412,0.3436,0,0,Lateral Rollover (360°),Rollover Flips
59320.1,2026-10-03T11:24:08Z,0.0010,-0.0219,-0.0799,0.8126,0.0829,0.0453,-0.1656,-1.0685,1.0822,0.0442,-0.1437,-0.9886,-0.4028,0.0522,-0.1312,0.4269,0,0,Lateral Rollover (360°),Rollover Flips
59340.1,2026-10-03T11:24:08Z,0.0187,-0.0171,-0.1248,1.2491,0.1274,0.0656,-0.1531,-1.1144,1.1268,0.0469,-0.1360,-0.9896,-0.3282,0.1730,-0.0516,0.3746,0,0,Lateral Rollover (360°),Rollover Flips
59360.3,2026-10-03T11:24:08Z,0.0139,-0.0055,-0.1415,1.3951,0.1423,0.0648,-0.1372,-1.1315,1.1416,0.0510,-0.1317,-0.9900,-0.0914,0.2388,0.0104,0.2559,0,0,Lateral Rollover (360°),Rollover Flips
59380.3,2026-10-03T11:24:08Z,0.0178,-0.0159,-0.0970,0.9796,0.0999,0.0739,-0.1484,-1.0866,1.0992,0.0561,-0.1325,-0.9896,0.1591,0.2591,0.0386,0.3065,0,0,Lateral Rollover (360°),Rollover Flips
59400.5,2026-10-03T11:24:08Z,0.0302,-0.0320,-0.0245,0.4940,0.0504,0.0904,-0.1694,-1.0132,1.0312,0.0602,-0.1373,-0.9887,0.2938,0.1408,0.0564,0.3307,0,0,Lateral Rollover (360°),Rollover Flips
59420.7,2026-10-03T11:24:08Z,0.0385,-0.0496,0.0194,0.6441,0.0657,0.0990,-0.1931,-0.9684,0.9924,0.0605,-0.1435,-0.9878,0.3068,-0.0918,0.0459,0.3235,0,0,Lateral Rollover (360°),Rollover Flips
59440.8,2026-10-03T11:24:08Z,0.0291,-0.0400,0.0152,0.5071,0.0517,0.0860,-0.1895,-0.9719,0.9940,0.0570,-0.1495,-0.9871,0.2927,-0.2333,0.0314,0.3756,0,0,Lateral Rollover (360°),Rollover Flips
59461.1,2026-10-03T11:24:08Z,0.0048,-0.0313,-0.0107,0.3280,0.0334,0.0566,-0.1864,-0.9972,1.0161,0.0518,-0.1551,-0.9865,0.2615,-0.2510,0.0414,0.3648,0,0,Lateral Rollover (360°),Rollover Flips
59481.0,2026-10-03T11:24:08Z,-0.0151,-0.0185,-0.0121,0.2620,0.0267,0.0329,-0.1783,-0.9980,1.0144,0.0480,-0.1599,-0.9860,0.2093,-0.1202,0.0221,0.2424,0,0,Lateral Rollover (360°),Rollover Flips
59506.2,2026-10-03T11:24:08Z,0.0151,-0.0117,0.0211,0.2791,0.0285,0.0613,-0.1749,-0.9644,0.9821,0.0462,-0.1632,-0.9855,0.1269,-0.0665,0.0850,0.1665,0,0,Lateral Rollover (360°),Rollover Flips
59521.0,2026-10-03T11:24:08Z,0.0064,-0.0238,0.0370,0.4361,0.0445,0.0505,-0.1891,-0.9483,0.9683,0.0441,-0.1652,-0.9853,0.0729,-0.1081,0.1417,0.1926,0,0,Lateral Rollover (360°),Rollover Flips
59541.5,2026-10-03T11:24:08Z,-0.0149,-0.0465,0.0825,0.9403,0.0959,0.0263,-0.2127,-0.9027,0.9278,0.0412,-0.1662,-0.9852,-0.0078,-0.1516,0.1244,0.1962,0,0,Lateral Rollover (360°),Rollover Flips
59561.3,2026-10-03T11:24:08Z,-0.0042,-0.0420,0.1494,1.5222,0.1552,0.0329,-0.2060,-0.8364,0.8620,0.0371,-0.1640,-0.9858,-0.2520,-0.2180,0.0064,0.3333,0,0,Lateral Rollover (360°),Rollover Flips
59581.6,2026-10-03T11:24:08Z,0.0641,-0.0017,0.1432,1.5389,0.1569,0.0977,-0.1567,-0.8441,0.8641,0.0336,-0.1550,-0.9873,-0.6702,-0.1098,-0.0337,0.6799,0,0,Lateral Rollover (360°),Rollover Flips
59606.0,2026-10-03T11:24:08Z,-0.0023,0.0279,0.1268,1.2732,0.1298,0.0309,-0.1093,-0.8632,0.8706,0.0332,-0.1372,-0.9900,-1.0913,0.0328,0.0055,1.0918,0,0,Lateral Rollover (360°),Rollover Flips
59621.7,2026-10-03T11:24:08Z,-0.0285,0.0233,0.0114,0.3782,0.0386,0.0063,-0.0902,-0.9815,0.9856,0.0348,-0.1135,-0.9929,-1.2306,0.1718,0.0474,1.2435,0,0,Lateral Rollover (360°),Rollover Flips
59641.8,2026-10-03T11:24:08Z,-0.0553,-0.0159,-0.1116,1.2319,0.1256,-0.0157,-0.1074,-1.1067,1.1120,0.0396,-0.0915,-0.9950,-0.8870,0.2815,-0.0700,0.9333,0,0,Lateral Rollover (360°),Rollover Flips
59662.1,2026-10-03T11:24:08Z,-0.0606,-0.0072,-0.1529,1.6141,0.1646,-0.0150,-0.0873,-1.1486,1.1520,0.0455,-0.0801,-0.9957,-0.2322,0.2793,-0.1878,0.4089,0,0,Lateral Rollover (360°),Rollover Flips
59682.1,2026-10-03T11:24:08Z,-0.0221,0.0041,-0.1381,1.3717,0.1399,0.0284,-0.0775,-1.1334,1.1364,0.0505,-0.0817,-0.9954,0.3922,0.1404,-0.2415,0.4815,0,0,Lateral Rollover (360°),Rollover Flips
59706.1,2026-10-03T11:24:08Z,0.0421,0.0251,-0.0742,0.8719,0.0889,0.0927,-0.0689,-1.0684,1.0747,0.0506,-0.0940,-0.9943,0.8320,-0.1499,-0.1713,0.8625,0,0,Lateral Rollover (360°),Rollover Flips
59722.2,2026-10-03T11:24:08Z,0.0941,0.0514,-0.0023,1.0521,0.1073,0.1402,-0.0615,-0.9948,1.0065,0.0461,-0.1129,-0.9925,1.0205,-0.3258,0.0297,1.0717,0,0,Lateral Rollover (360°),Rollover Flips
59742.3,2026-10-03T11:24:08Z,0.1012,0.0487,0.0491,1.2016,0.1225,0.1392,-0.0842,-0.9413,0.9553,0.0381,-0.1328,-0.9904,0.9244,-0.4080,0.3186,1.0595,0,0,Lateral Rollover (360°),Rollover Flips
59762.7,2026-10-03T11:24:08Z,0.0538,0.0282,0.0740,0.9390,0.0958,0.0825,-0.1209,-0.9144,0.9261,0.0286,-0.1491,-0.9884,0.6712,-0.3990,0.5298,0.9436,0,0,Lateral Rollover (360°),Rollover Flips
59782.6,2026-10-03T11:24:08Z,0.0004,0.0208,0.0673,0.6911,0.0705,0.0198,-0.1391,-0.9196,0.9303,0.0194,-0.1599,-0.9869,0.4032,-0.3556,0.5632,0.7786,0,0,Lateral Rollover (360°),Rollover Flips
59806.2,2026-10-03T11:24:08Z,-0.0198,-0.0086,0.0274,0.3423,0.0349,-0.0091,-0.1751,-0.9586,0.9745,0.0108,-0.1665,-0.9860,0.2694,-0.3528,0.4913,0.6621,0,0,Lateral Rollover (360°),Rollover Flips
59822.8,2026-10-03T11:24:08Z,-0.0195,-0.0193,-0.0086,0.2823,0.0288,-0.0177,-0.1910,-0.9938,1.0121,0.0018,-0.1717,-0.9852,0.2702,-0.3847,0.4109,0.6244,0,0,Lateral Rollover (360°),Rollover Flips
59842.8,2026-10-03T11:24:08Z,-0.0238,-0.0111,-0.0351,0.4300,0.0439,-0.0304,-0.1891,-1.0191,1.0370,-0.0065,-0.1780,-0.9840,0.3814,-0.3240,0.3270,0.5978,0,0,Lateral Rollover (360°),Rollover Flips
59863.2,2026-10-03T11:24:08Z,-0.0163,0.0139,-0.0139,0.2502,0.0255,-0.0294,-0.1728,-0.9963,1.0116,-0.0131,-0.1866,-0.9823,0.4910,-0.2176,0.2715,0.6018,0,0,Lateral Rollover (360°),Rollover Flips
59883.2,2026-10-03T11:24:08Z,-0.0051,0.0151,0.0259,0.2987,0.0305,-0.0220,-0.1813,-0.9544,0.9717,-0.0169,-0.1965,-0.9804,0.4934,-0.0735,0.2680,0.5663,0,0,Lateral Rollover (360°),Rollover Flips
59906.8,2026-10-03T11:24:08Z,-0.0073,0.0084,0.0561,0.5606,0.0572,-0.0255,-0.1971,-0.9224,0.9436,-0.0183,-0.2055,-0.9785,0.4258,0.0268,0.2518,0.4954,0,0,Lateral Rollover (360°),Rollover Flips
59923.3,2026-10-03T11:24:08Z,-0.0069,-0.0051,0.0558,0.5540,0.0565,-0.0266,-0.2179,-0.9211,0.9469,-0.0196,-0.2128,-0.9769,0.3241,-0.0968,0.2028,0.3944,0,0,Lateral Rollover (360°),Rollover Flips
59943.3,2026-10-03T11:24:08Z,-0.0149,0.0118,0.0386,0.4217,0.0430,-0.0383,-0.2067,-0.9370,0.9603,-0.0234,-0.2185,-0.9756,0.2826,-0.1897,0.1431,0.3692,0,0,Lateral Rollover (360°),Rollover Flips
59963.7,2026-10-03T11:24:08Z,-0.0179,0.0147,0.0231,0.3211,0.0327,-0.0457,-0.2092,-0.9511,0.9749,-0.0278,-0.2239,-0.9742,0.2711,-0.2030,0.0934,0.3513,0,0,Lateral Rollover (360°),Rollover Flips
59983.7,2026-10-03T11:24:08Z,-0.0075,0.0260,0.0152,0.3046,0.0311,-0.0395,-0.2027,-0.9578,0.9798,-0.0319,-0.2287,-0.9730,0.2123,-0.1737,0.0552,0.2798,0,0,Lateral Rollover (360°),Rollover Flips
60006.1,2026-10-03T11:24:08Z,0.0062,0.0381,0.0256,0.4539,0.0463,-0.0285,-0.1940,-0.9465,0.9666,-0.0347,-0.2320,-0.9721,0.1349,-0.0799,0.0242,0.1587,0,0,Lateral Rollover (360°),Rollover Flips
60023.8,2026-10-03T11:24:08Z,0.0252,0.0493,0.0449,0.6994,0.0713,-0.0101,-0.1844,-0.9267,0.9450,-0.0353,-0.2338,-0.9716,0.0425,0.0255,0.0211,0.0539,0,0,Lateral Rollover (360°),Rollover Flips
60043.9,2026-10-03T11:24:09Z,0.0406,0.0491,0.0646,0.8896,0.0907,0.0069,-0.1843,-0.9072,0.9258,-0.0337,-0.2334,-0.9718,-0.0859,0.1363,0.0599,0.1718,0,0,Lateral Rollover (360°),Rollover Flips
60064.0,2026-10-03T11:24:09Z,0.0336,0.0376,0.0670,0.8224,0.0839,0.0028,-0.1927,-0.9057,0.9259,-0.0309,-0.2304,-0.9726,-0.2120,0.1963,0.0938,0.3038,0,0,Lateral Rollover (360°),Rollover Flips
60084.0,2026-10-03T11:24:09Z,0.0195,0.0236,0.0557,0.6234,0.0636,-0.0080,-0.2016,-0.9182,0.9401,-0.0274,-0.2252,-0.9739,-0.3066,0.1813,0.0654,0.3621,0,0,Lateral Rollover (360°),Rollover Flips
60105.3,2026-10-03T11:24:09Z,0.0110,0.0187,0.0346,0.4003,0.0408,-0.0127,-0.1998,-0.9410,0.9620,-0.0237,-0.2185,-0.9756,-0.3754,0.2182,-0.0125,0.4344,0,0,Lateral Rollover (360°),Rollover Flips
60124.3,2026-10-03T11:24:09Z,0.0064,0.0315,0.0300,0.4312,0.0440,-0.0117,-0.1791,-0.9474,0.9642,-0.0180,-0.2106,-0.9774,-0.4188,0.3584,-0.0374,0.5525,0,0,Lateral Rollover (360°),Rollover Flips
60144.4,2026-10-03T11:24:09Z,-0.0260,0.0320,0.0287,0.4923,0.0502,-0.0353,-0.1703,-0.9506,0.9664,-0.0093,-0.2023,-0.9793,-0.4385,0.5100,-0.0844,0.6778,0,0,Lateral Rollover (360°),Rollover Flips
60164.7,2026-10-03T11:24:09Z,-0.0546,0.0076,0.0351,0.6407,0.0653,-0.0518,-0.1858,-0.9461,0.9655,0.0028,-0.1934,-0.9811,-0.4633,0.6437,-0.1934,0.8163,0,0,Lateral Rollover (360°),Rollover Flips
60184.7,2026-10-03T11:24:09Z,-0.0086,-0.0082,0.0316,0.3313,0.0338,0.0075,-0.1920,-0.9512,0.9704,0.0161,-0.1837,-0.9828,-0.5101,0.5932,-0.2809,0.8313,0,0,Lateral Rollover (360°),Rollover Flips
60204.6,2026-10-03T11:24:09Z,0.0069,0.0143,0.0306,0.3385,0.0345,0.0353,-0.1591,-0.9538,0.9676,0.0284,-0.1735,-0.9844,-0.5101,0.5556,-0.2481,0.7940,0,0,Lateral Rollover (360°),Rollover Flips
60224.8,2026-10-03T11:24:09Z,0.0126,0.0132,0.0421,0.4501,0.0459,0.0519,-0.1501,-0.9437,0.9569,0.0394,-0.1632,-0.9858,-0.5066,0.4633,-0.1860,0.7112,0,0,Lateral Rollover (360°),Rollover Flips
60245.1,2026-10-03T11:24:09Z,-0.0033,0.0020,0.0347,0.3426,0.0349,0.0437,-0.1512,-0.9523,0.9653,0.0470,-0.1532,-0.9871,-0.4783,0.2246,-0.1974,0.5641,0,0,Lateral Rollover (360°),Rollover Flips
60265.1,2026-10-03T11:24:09Z,-0.0019,-0.0051,0.0091,0.1036,0.0106,0.0478,-0.1493,-0.9792,0.9917,0.0498,-0.1442,-0.9883,-0.4029,0.0058,-0.2233,0.4607,0,0,Lateral Rollover (360°),Rollover Flips
60285.2,2026-10-03T11:24:09Z,0.0397,-0.0088,-0.0364,0.5353,0.0546,0.0877,-0.1456,-1.0259,1.0399,0.0480,-0.1367,-0.9894,-0.3316,-0.2356,-0.1794,0.4445,0,0,Lateral Rollover (360°),Rollover Flips
60305.2,2026-10-03T11:24:09Z,0.0393,0.0162,-0.1122,1.1771,0.1200,0.0815,-0.1153,-1.1027,1.1117,0.0422,-0.1315,-0.9904,-0.1612,-0.3641,-0.0566,0.4022,0,0,Lateral Rollover (360°),Rollover Flips
60325.3,2026-10-03T11:24:09Z,0.0059,0.0244,-0.1421,1.4156,0.1443,0.0408,-0.1065,-1.1329,1.1387,0.0349,-0.1309,-0.9908,0.0976,-0.3604,0.0351,0.3750,0,0,Lateral Rollover (360°),Rollover Flips
60345.5,2026-10-03T11:24:09Z,-0.0002,0.0173,-0.1098,1.0903,0.1112,0.0273,-0.1176,-1.1003,1.1069,0.0275,-0.1349,-0.9905,0.2889,-0.3697,0.0775,0.4756,0,0,Lateral Rollover (360°),Rollover Flips
60365.5,2026-10-03T11:24:09Z,0.0066,-0.0017,-0.0488,0.4831,0.0493,0.0262,-0.1430,-1.0386,1.0487,0.0196,-0.1413,-0.9898,0.3209,-0.4206,0.0533,0.5317,0,0,Lateral Rollover (360°),Rollover Flips
60385.6,2026-10-03T11:24:09Z,0.0177,-0.0056,-0.0144,0.2306,0.0235,0.0284,-0.1527,-1.0034,1.0154,0.0107,-0.1471,-0.9891,0.2560,-0.4495,-0.0180,0.5176,0,0,Lateral Rollover (360°),Rollover Flips
60405.8,2026-10-03T11:24:09Z,0.0266,0.0117,-0.0121,0.3089,0.0315,0.0290,-0.1398,-1.0005,1.0107,0.0024,-0.1516,-0.9884,0.2027,-0.3744,-0.0412,0.4277,0,0,Lateral Rollover (360°),Rollover Flips
60425.8,2026-10-03T11:24:09Z,0.0201,0.0326,-0.0265,0.4564,0.0465,0.0164,-0.1227,-1.0143,1.0218,-0.0036,-0.1553,-0.9879,0.1813,-0.2349,-0.0093,0.2968,0,0,Lateral Rollover (360°),Rollover Flips
60446.1,2026-10-03T11:24:09Z,0.0291,0.0186,-0.0156,0.3718,0.0379,0.0222,-0.1401,-1.0029,1.0129,-0.0069,-0.1587,-0.9873,0.1450,-0.0954,0.0473,0.1799,0,0,Lateral Rollover (360°),Rollover Flips
60466.2,2026-10-03T11:24:09Z,0.0347,-0.0038,0.0144,0.3703,0.0378,0.0268,-0.1643,-0.9726,0.9867,-0.0079,-0.1605,-0.9870,0.0188,0.0016,0.0531,0.0564,0,0,Lateral Rollover (360°),Rollover Flips
60486.2,2026-10-03T11:24:09Z,0.0533,-0.0174,0.0021,0.5503,0.0561,0.0455,-0.1767,-0.9851,1.0019,-0.0078,-0.1593,-0.9872,-0.1274,0.0099,0.0559,0.1395,0,0,Lateral Rollover (360°),Rollover Flips
60506.7,2026-10-03T11:24:09Z,0.0440,-0.0075,-0.0415,0.5977,0.0610,0.0360,-0.1637,-1.0292,1.0427,-0.0080,-0.1562,-0.9877,-0.1595,-0.0054,0.0828,0.1798,0,0,Lateral Rollover (360°),Rollover Flips
60526.4,2026-10-03T11:24:09Z,0.0338,0.0130,-0.0589,0.6783,0.0692,0.0257,-0.1405,-1.0470,1.0567,-0.0082,-0.1535,-0.9881,-0.1024,0.0127,0.1181,0.1568,0,0,Lateral Rollover (360°),Rollover Flips
60546.4,2026-10-03T11:24:09Z,0.0287,0.0148,-0.0662,0.7222,0.0736,0.0203,-0.1373,-1.0545,1.0636,-0.0085,-0.1521,-0.9883,-0.0374,-0.0016,0.1729,0.1769,0,0,Lateral Rollover (360°),Rollover Flips
60566.7,2026-10-03T11:24:09Z,0.0010,0.0072,-0.0881,0.8668,0.0884,-0.0077,-0.1451,-1.0764,1.0862,-0.0087,-0.1523,-0.9883,0.0503,0.0681,0.1507,0.1728,0,0,Lateral Rollover (360°),Rollover Flips
60586.7,2026-10-03T11:24:09Z,-0.0032,-0.0022,-0.0468,0.4607,0.0470,-0.0088,-0.1550,-1.0351,1.0466,-0.0056,-0.1528,-0.9882,-0.0256,0.2829,0.1331,0.3137,0,0,Lateral Rollover (360°),Rollover Flips
60606.7,2026-10-03T11:24:09Z,0.0151,-0.0068,-0.0120,0.2011,0.0205,0.0161,-0.1576,-1.0006,1.0131,0.0009,-0.1508,-0.9886,-0.1627,0.3785,0.1543,0.4399,0,0,Lateral Rollover (360°),Rollover Flips
60626.9,2026-10-03T11:24:09Z,0.0326,-0.0043,0.0009,0.3223,0.0329,0.0388,-0.1516,-0.9882,1.0005,0.0062,-0.1474,-0.9891,-0.1484,0.1221,0.1786,0.2624,0,0,Lateral Rollover (360°),Rollover Flips
60647.1,2026-10-03T11:24:09Z,0.0111,-0.0136,-0.0315,0.3535,0.0360,0.0154,-0.1599,-1.0207,1.0333,0.0042,-0.1463,-0.9892,0.0551,-0.2317,0.1824,0.3000,0,0,Lateral Rollover (360°),Rollover Flips
60667.2,2026-10-03T11:24:09Z,-0.0298,0.0041,-0.0377,0.4731,0.0482,-0.0314,-0.1451,-1.0266,1.0372,-0.0016,-0.1492,-0.9888,0.2157,-0.2418,0.1453,0.3551,0,0,Lateral Rollover (360°),Rollover Flips
60687.3,2026-10-03T11:24:09Z,-0.0409,0.0262,0.0141,0.4960,0.0506,-0.0461,-0.1273,-0.9740,0.9834,-0.0052,-0.1535,-0.9881,0.1812,-0.0557,0.1903,0.2686,0,0,Lateral Rollover (360°),Rollover Flips
60707.3,2026-10-03T11:24:09Z,-0.0575,-0.0009,0.0449,0.7152,0.0729,-0.0613,-0.1559,-0.9430,0.9578,-0.0038,-0.1550,-0.9879,-0.0509,0.2601,0.2118,0.3393,0,0,Lateral Rollover (360°),Rollover Flips
60727.5,2026-10-03T11:24:09Z,-0.0602,-0.0502,0.0420,0.8724,0.0890,-0.0573,-0.2012,-0.9465,0.9694,0.0029,-0.1510,-0.9885,-0.3473,0.4428,0.1064,0.5727,0,0,Lateral Rollover (360°),Rollover Flips
60747.7,2026-10-03T11:24:09Z,-0.0893,-0.0775,0.0343,1.2074,0.1231,-0.0766,-0.2187,-0.9556,0.9833,0.0127,-0.1412,-0.9899,-0.6453,0.5460,-0.0928,0.8504,0,0,Lateral Rollover (360°),Rollover Flips
60767.7,2026-10-03T11:24:09Z,-0.0791,-0.0539,0.0122,0.9462,0.0965,-0.0542,-0.1798,-0.9795,0.9974,0.0249,-0.1260,-0.9917,-0.8445,0.6201,-0.2788,1.0841,0,0,Lateral Rollover (360°),Rollover Flips
60787.8,2026-10-03T11:24:09Z,0.0090,-0.0157,-0.0869,0.8706,0.0888,0.0481,-0.1252,-1.0801,1.0884,0.0391,-0.1095,-0.9932,-0.7462,0.7807,-0.2320,1.1046,0,0,Lateral Rollover (360°),Rollover Flips
60807.8,2026-10-03T11:24:09Z,-0.0215,0.0219,-0.0779,0.8217,0.0838,0.0352,-0.0740,-1.0717,1.0748,0.0567,-0.0959,-0.9938,-0.5932,0.8892,-0.1106,1.0746,0,0,Lateral Rollover (360°),Rollover Flips
60828.1,2026-10-03T11:24:09Z,-0.0427,-0.0094,-0.0778,0.8752,0.0892,0.0313,-0.0952,-1.0713,1.0760,0.0740,-0.0858,-0.9936,-0.4028,0.8109,-0.0713,0.9082,0,0,Lateral Rollover (360°),Rollover Flips
60848.1,2026-10-03T11:24:09Z,-0.0274,-0.0229,-0.0573,0.6620,0.0675,0.0612,-0.1026,-1.0502,1.0569,0.0885,-0.0797,-0.9929,-0.1993,0.6121,-0.0822,0.6490,0,0,Lateral Rollover (360°),Rollover Flips
60868.2,2026-10-03T11:24:09Z,0.0048,-0.0119,-0.0256,0.2806,0.0286,0.1027,-0.0896,-1.0177,1.0268,0.0979,-0.0777,-0.9922,0.0253,0.3043,-0.1019,0.3219,0,0,Lateral Rollover (360°),Rollover Flips
60888.4,2026-10-03T11:24:09Z,0.0103,0.0014,0.0070,0.1229,0.0125,0.1116,-0.0790,-0.9846,0.9940,0.1014,-0.0803,-0.9916,0.2457,0.0379,-0.0638,0.2567,0,0,Lateral Rollover (360°),Rollover Flips
60908.4,2026-10-03T11:24:09Z,0.0210,-0.0010,0.0299,0.3585,0.0366,0.1211,-0.0877,-0.9613,0.9728,0.1001,-0.0866,-0.9912,0.3700,-0.1379,-0.0356,0.3964,0,0,Lateral Rollover (360°),Rollover Flips
60928.5,2026-10-03T11:24:09Z,0.0184,0.0077,0.0440,0.4742,0.0484,0.1160,-0.0858,-0.9468,0.9577,0.0975,-0.0935,-0.9908,0.3002,-0.0954,-0.0029,0.3150,0,0,Lateral Rollover (360°),Rollover Flips
60948.6,2026-10-03T11:24:09Z,0.0098,-0.0008,0.0425,0.4278,0.0436,0.1070,-0.0984,-0.9479,0.9590,0.0973,-0.0977,-0.9905,0.1059,0.0987,0.0439,0.1512,0,0,Lateral Rollover (360°),Rollover Flips
60968.6,2026-10-03T11:24:09Z,-0.0588,-0.0232,0.0048,0.6215,0.0634,0.0430,-0.1214,-0.9852,0.9936,0.1018,-0.0982,-0.9900,-0.0412,0.3559,-0.0072,0.3583,0,0,Lateral Rollover (360°),Rollover Flips
60989.0,2026-10-03T11:24:09Z,-0.0931,-0.0242,-0.0316,0.9931,0.1013,0.0174,-0.1212,-1.0207,1.0280,0.1105,-0.0971,-0.9891,-0.0272,0.4897,-0.1691,0.5188,0,0,Lateral Rollover (360°),Rollover Flips
61008.7,2026-10-03T11:24:09Z,-0.0582,-0.0192,-0.0055,0.6035,0.0615,0.0629,-0.1157,-0.9934,1.0021,0.1211,-0.0965,-0.9879,0.0077,0.5237,-0.2713,0.5899,0,0,Lateral Rollover (360°),Rollover Flips
61028.9,2026-10-03T11:24:09Z,0.0031,0.0096,0.0464,0.4656,0.0475,0.1348,-0.0859,-0.9403,0.9538,0.1317,-0.0955,-0.9867,-0.0519,0.4810,-0.2132,0.5287,0,0,Lateral Rollover (360°),Rollover Flips
61049.2,2026-10-03T11:24:10Z,0.0502,0.0324,0.0657,0.8712,0.0888,0.1903,-0.0612,-0.9200,0.9414,0.1401,-0.0936,-0.9857,-0.0957,0.3237,-0.0278,0.3387,0,0,Lateral Rollover (360°),Rollover Flips
61071.7,2026-10-03T11:24:10Z,0.0486,0.0345,0.0682,0.8879,0.0905,0.1924,-0.0584,-0.9171,0.9389,0.1438,-0.0929,-0.9852,0.1035,0.0234,0.0883,0.1380,0,0,Lateral Rollover (360°),Rollover Flips
61089.3,2026-10-03T11:24:10Z,0.0547,0.0020,0.0697,0.8695,0.0887,0.1919,-0.0947,-0.9161,0.9408,0.1372,-0.0967,-0.9858,0.2065,-0.5696,0.1665,0.6283,0,0,Lateral Rollover (360°),Rollover Flips
61109.4,2026-10-03T11:24:10Z,-0.0084,-0.0040,0.0315,0.3224,0.0329,0.1163,-0.1055,-0.9554,0.9683,0.1247,-0.1015,-0.9870,0.2533,-0.6765,0.0908,0.7280,0,0,Lateral Rollover (360°),Rollover Flips
